X,Y,INDEX_,ACCNUM,YEAR,DATE,TIME,STREET1,STREET2,OFFSET,ROAD_CLASS,DISTRICT,WARDNUM,LATITUDE,LONGITUDE,LOCCOORD,ACCLOC,TRAFFCTL,VISIBILITY,LIGHT,RDSFCOND,ACCLASS,IMPACTYPE,INVTYPE,INVAGE,INJURY,FATAL_NO,INITDIR,VEHTYPE,MANOEUVER,DRIVACT,DRIVCOND,PEDTYPE,PEDACT,PEDCOND,CYCLISTYPE,CYCACT,CYCCOND,PEDESTRIAN,CYCLIST,AUTOMOBILE,MOTORCYCLE,TRUCK,TRSN_CITY_VEH,EMERG_VEH,PASSENGER,SPEEDING,AG_DRIV,REDLIGHT,ALCOHOL,DISABILITY,HOOD_158,NEIGHBOURHOOD_158,HOOD_140,NEIGHBOURHOOD_140,DIVISION,ObjectId
-8826999.98561417,5434828.27338645,7528663,1321561,2012,2012/10/22 04:00:00+00,1059,FINCH AVE E,MILLIKEN BLVD,,Major Arterial,Scarborough,22,43.801845,-79.29429,Intersection,At Intersection,Traffic Signal,Clear,Daylight,Dry,Non-Fatal Injury,Cyclist Collisions,Driver,75 to 79,None,,South,"Automobile, Station Wagon",Turning Left,Improper Turn,Inattentive,,,,,,,,Yes,Yes,,,,,,,,,,,130,Milliken,130,Milliken (130),D42,548
-8842273.019751,5411383.05781954,6704037,1266347,2011,2011/09/21 04:00:00+00,2233,DUFFERIN Stre,DUNDAS Stre W,,Minor Arterial,Toronto and East York,9,43.649645,-79.43149,Intersection,At Intersection,Traffic Signal,Clear,"Dark, artificial",Wet,Non-Fatal Injury,Cyclist Collisions,Cyclist,20 to 24,Major,,South,Bicycle,Turning Left,,,,,,Cyclist turned left across motorists path.,Improper Turn,Unknown,,Yes,Yes,,,,,,,,,,,84,Little Portugal,84,Little Portugal (84),D11,549
-8837319.3024107,5409890.86517796,7835237,1363452,2013,2013/05/20 04:00:00+00,1040,LAKE SHORE BLVD W,REES ST,,Major Arterial,Toronto and East York,10,43.639945,-79.38699,Intersection,At Intersection,Traffic Signal,Clear,Daylight,Dry,Non-Fatal Injury,Cyclist Collisions,Driver,35 to 39,None,,East,"Automobile, Station Wagon",Turning Right,Improper Turn,Inattentive,,,,,,,,Yes,Yes,,,,,,,,,,,165,Harbourfront-CityPlace,77,Waterfront Communities-The Island (77),D52,550
-8826999.98561417,5434828.27338645,7528664,1321561,2012,2012/10/22 04:00:00+00,1059,FINCH AVE E,MILLIKEN BLVD,,Major Arterial,Scarborough,22,43.801845,-79.29429,Intersection,At Intersection,Traffic Signal,Clear,Daylight,Dry,Non-Fatal Injury,Cyclist Collisions,Cyclist,55 to 59,Major,,North,Bicycle,Going Ahead,,,,,,Motorist turned left across cyclists path.,Driving Properly,Normal,,Yes,Yes,,,,,,,,,,,130,Milliken,130,Milliken (130),D42,551
-8838020.6152027,5417015.5642425,3454387,917581,2006,2006/05/25 04:00:00+00,2250,YONGE ST,ROSEHILL AVE,,Major Arterial,Toronto and East York,12,43.686245,-79.39329,Intersection,At Intersection,Traffic Signal,Clear,Dark,Dry,Non-Fatal Injury,Pedestrian Collisions,Cyclist,40 to 44,None,,South,Bicycle,Going Ahead,,,,,,Cyclist strikes pedestrian.,Disobeyed Traffic Control,Normal,Yes,Yes,,,,,,,,,,,,98,Rosedale-Moore Park,98,Rosedale-Moore Park (98),D53,552
-8827846.01374419,5414460.50456586,6220575,1201907,2010,2010/10/20 04:00:00+00,1825,QUEEN Stre E,KENILWORTH Aven,,Minor Arterial,Toronto and East York,19,43.669645,-79.30189,Intersection,,No Control,Clear,Dark,Dry,Non-Fatal Injury,Cyclist Collisions,Cyclist,50 to 54,Major,,West,Bicycle,Going Ahead,,,,,,Cyclist struck opened vehicle door,Other,Normal,,Yes,Yes,,,,,,,,,,,63,The Beaches,63,The Beaches (63),D55,553
-8837252.51071623,5411121.52210704,4155191,962717,2007,2007/03/14 04:00:00+00,1457,SIMCOE Stre,PEARL Stre,,Collector,Toronto and East York,10,43.647945,-79.38639,Intersection,At Intersection,Stop Sign,Clear,Daylight,Wet,Non-Fatal Injury,Cyclist Collisions,Cyclist,20 to 24,Major,,West,Bicycle,Going Ahead,,,,,,"Cyclist without ROW rides into path of motorist at inter, lnwy, dwy-Cyclist not turn.",Disobeyed Traffic Control,Inattentive,,Yes,Yes,,,,,,,,,,,164,Wellington Place,77,Waterfront Communities-The Island (77),D52,554
-8837898.16376283,5409660.13524705,6280487,1202989,2010,2010/11/19 05:00:00+00,744,LOWER SPADINA AVE,LAKE SHORE BLVD W,,Major Arterial,Toronto and East York,10,43.638445,-79.39219,Intersection,At Intersection,Traffic Signal,Clear,Daylight,Dry,Fatal,Cyclist Collisions,Vehicle Owner,unknown,,,,Other,,,,,,,,,,,Yes,,,,Yes,,,,,,,,165,Harbourfront-CityPlace,77,Waterfront Communities-The Island (77),D52,555
-8837497.41359597,5419786.91004462,5864473,1154355,2009,2009/06/02 04:00:00+00,820,MANOR RD E,MOUNT PLEASANT RD,,Major Arterial,North York,1215,43.704245,-79.38859,Intersection,,Traffic Signal,Clear,Daylight,Dry,Non-Fatal Injury,Cyclist Collisions,Cyclist,20 to 24,Major,,West,Bicycle,Going Ahead,,,,,,Cyclist struck opened vehicle door,Driving Properly,Normal,,Yes,Yes,,,,,,,,,,,174,South Eglinton-Davisville,104,Mount Pleasant West (104),D53,556
-8838284.88767384,5414895.73827744,6163960,1178114,2010,2010/05/18 04:00:00+00,1318,AVENUE RD,ELGIN AVE,,Major Arterial,Toronto and East York,11,43.672473,-79.395664,Intersection,,No Control,Clear,Daylight,Dry,Non-Fatal Injury,Cyclist Collisions,Vehicle Owner,unknown,,,,Other,,,,,,,,,,,Yes,Yes,,,Yes,,,,,,,,95,Annex,95,Annex (95),D53,557
-8840525.30374555,5415553.24478544,3421898,905457,2006,2006/05/26 04:00:00+00,2214,BATHURST ST,DAVENPORT RD,,Major Arterial,Toronto and East York,12,43.676745,-79.41579,Intersection,At Intersection,Traffic Signal,Clear,Dark,Dry,Non-Fatal Injury,Cyclist Collisions,Cyclist,40 to 44,Major,,South,Bicycle,Going Ahead,,,,,,"Cyclist loses control and strikes object (pole, ttc track)",Lost control,Had Been Drinking,,Yes,,,,,,,,,,,,96,Casa Loma,96,Casa Loma (96),D13,558
-8839300.78934682,5413352.50563866,6704527,1266558,2011,2011/09/23 04:00:00+00,1613,HARBORD ST,MAJOR ST,,Minor Arterial,Toronto and East York,11,43.662445,-79.40479,Intersection,At Intersection,No Control,Rain,Daylight,Wet,Non-Fatal Injury,Cyclist Collisions,Driver,35 to 39,None,,East,"Automobile, Station Wagon",Turning Left,Failed to Yield Right of Way,Normal,,,,,,,,Yes,Yes,,,,,,,Yes,,,,79,University,79,University (79),D14,559
-8837319.3024107,5409890.86517796,7835238,1363452,2013,2013/05/20 04:00:00+00,1040,LAKE SHORE BLVD W,REES ST,,Major Arterial,Toronto and East York,10,43.639945,-79.38699,Intersection,At Intersection,Traffic Signal,Clear,Daylight,Dry,Non-Fatal Injury,Cyclist Collisions,Cyclist,50 to 54,Major,,East,Bicycle,Going Ahead,,,,,,"Cyclist without ROW rides into path of motorist at inter, lnwy, dwy-Cyclist not turn.",Disobeyed Traffic Control,Inattentive,,Yes,Yes,,,,,,,,,,,165,Harbourfront-CityPlace,77,Waterfront Communities-The Island (77),D52,560
-8841204.35263939,5412136.78361145,7645364,1330074,2012,2012/11/05 05:00:00+00,1320,810 COLLEGE ST,,,Major Arterial,Toronto and East York,11,43.654544,-79.42189,Mid-Block,,No Control,Clear,Daylight,Dry,Non-Fatal Injury,Cyclist Collisions,Driver,55 to 59,None,,West,"Automobile, Station Wagon",Parked,Other,Normal,,,,,,,,Yes,Yes,,,,,,,,,,,81,Trinity-Bellwoods,81,Trinity-Bellwoods (81),D14,561
-8834502.91929363,5414552.84380911,7440069,1304934,2012,2012/05/24 04:00:00+00,1427,ROSEDALE VALLEY RD,BAYVIEW S ROSEDALE VL RAMP,,Minor Arterial,Toronto and East York,1113,43.670245,-79.36169,Intersection,At Intersection,No Control,Clear,Daylight,Dry,Non-Fatal Injury,Cyclist Collisions,Driver,30 to 34,None,,East,"Automobile, Station Wagon",Changing Lanes,Improper Lane Change,Normal,,,,,,,,Yes,Yes,,,,,,,,,,,71,Cabbagetown-South St.James Town,71,Cabbagetown-South St.James Town (71),D51,562
-8837898.16376283,5409660.13524705,6280488,1202989,2010,2010/11/19 05:00:00+00,744,LOWER SPADINA AVE,LAKE SHORE BLVD W,,Major Arterial,Toronto and East York,10,43.638445,-79.39219,Intersection,At Intersection,Traffic Signal,Clear,Daylight,Dry,Fatal,Cyclist Collisions,Driver,30 to 34,None,,South,Municipal Transit Bus (TTC),Going Ahead,Driving Properly,Normal,,,,,,,,Yes,,,,Yes,,,,,,,,165,Harbourfront-CityPlace,77,Waterfront Communities-The Island (77),D52,563
-8829671.6533932,5414614.40381744,5260187,1113770,2009,2009/06/06 04:00:00+00,2009,COXWELL Ave,ROBBINS Ave,,Minor Arterial,Toronto and East York,1419,43.670645,-79.31829,Mid-Block,,No Control,Clear,Daylight,Dry,Non-Fatal Injury,Cyclist Collisions,Driver,40 to 44,None,,South,"Automobile, Station Wagon",Parked,Other,Inattentive,,,,,,,,Yes,Yes,,,,,,,,,,,64,Woodbine Corridor,64,Woodbine Corridor (64),D55,564
-8837441.75385057,5415029.94460544,3438904,911791,2006,2006/06/06 04:00:00+00,1530,YONGE ST,DAVENPORT RD,,Major Arterial,Toronto and East York,11,43.673345,-79.38809,Mid-Block,At Intersection,No Control,Clear,Daylight,Dry,Non-Fatal Injury,Cyclist Collisions,Driver,unknown,None,,North,"Automobile, Station Wagon",Turning Right,Driving Properly,Unknown,,,,,,,,Yes,Yes,,,,,,,,,,,95,Annex,95,Annex (95),D53,565
-8841204.35263939,5412136.78361145,7645365,1330074,2012,2012/11/05 05:00:00+00,1320,810 COLLEGE ST,,,Major Arterial,Toronto and East York,11,43.654544,-79.42189,Mid-Block,,No Control,Clear,Daylight,Dry,Non-Fatal Injury,Cyclist Collisions,Cyclist,20 to 24,Major,,West,Bicycle,Going Ahead,,,,,,Cyclist struck opened vehicle door,Driving Properly,Normal,,Yes,Yes,,,,,,,,,,,81,Trinity-Bellwoods,81,Trinity-Bellwoods (81),D14,566
-8838844.37943457,5413198.62740881,4159970,964870,2007,2007/03/27 04:00:00+00,2045,40 WILLCOCKS St,,,Local,Toronto and East York,11,43.661445,-79.40069,Mid-Block,,No Control,Clear,Dark,Dry,Non-Fatal Injury,Cyclist Collisions,Driver,40 to 44,None,,West,"Automobile, Station Wagon",Turning Left,Improper Turn,Inattentive,,,,,,,,Yes,Yes,,,,,,,,,,,79,University,79,University (79),D52,567
-8837441.75385057,5415029.94460544,3438905,911791,2006,2006/06/06 04:00:00+00,1530,YONGE ST,DAVENPORT RD,,Major Arterial,Toronto and East York,11,43.673345,-79.38809,Mid-Block,At Intersection,No Control,Clear,Daylight,Dry,Non-Fatal Injury,Cyclist Collisions,Cyclist,40 to 44,Major,,North,Bicycle,Going Ahead,,,,,,"Motorist turns right at non-signal Inter.(stop, yield, no cont.,and dwy) and strikes cyclist.",Driving Properly,Unknown,,Yes,Yes,,,,,,,,,,,95,Annex,95,Annex (95),D53,568
-8838284.88767384,5414895.73827744,6163961,1178114,2010,2010/05/18 04:00:00+00,1318,AVENUE RD,ELGIN AVE,,Major Arterial,Toronto and East York,11,43.672473,-79.395664,Intersection,,No Control,Clear,Daylight,Dry,Non-Fatal Injury,Cyclist Collisions,Driver,50 to 54,None,,South,Municipal Transit Bus (TTC),Going Ahead,Driving Properly,Normal,,,,,,,,Yes,Yes,,,Yes,,,,,,,,95,Annex,95,Annex (95),D53,569
-8837898.16376283,5409660.13524705,6280489,1202989,2010,2010/11/19 05:00:00+00,744,LOWER SPADINA AVE,LAKE SHORE BLVD W,,Major Arterial,Toronto and East York,10,43.638445,-79.39219,Intersection,At Intersection,Traffic Signal,Clear,Daylight,Dry,Fatal,Cyclist Collisions,Cyclist,60 to 64,Fatal,36,East,Bicycle,Pulling Away from Shoulder or Curb,,,,,,"Cyclist without ROW rides into path of motorist at inter, lnwy, dwy-Cyclist not turn.",Disobeyed Traffic Control,Normal,,Yes,,,,Yes,,,,,,,,165,Harbourfront-CityPlace,77,Waterfront Communities-The Island (77),D52,570
-8829671.6533932,5414614.40381744,5260188,1113770,2009,2009/06/06 04:00:00+00,2009,COXWELL Ave,ROBBINS Ave,,Minor Arterial,Toronto and East York,1419,43.670645,-79.31829,Mid-Block,,No Control,Clear,Daylight,Dry,Non-Fatal Injury,Cyclist Collisions,Cyclist,50 to 54,Major,,South,Bicycle,Going Ahead,,,,,,Cyclist struck opened vehicle door,Driving Properly,Normal,,Yes,Yes,,,,,,,,,,,64,Woodbine Corridor,64,Woodbine Corridor (64),D55,571
-8834502.91929363,5414552.84380911,7440070,1304934,2012,2012/05/24 04:00:00+00,1427,ROSEDALE VALLEY RD,BAYVIEW S ROSEDALE VL RAMP,,Minor Arterial,Toronto and East York,1113,43.670245,-79.36169,Intersection,At Intersection,No Control,Clear,Daylight,Dry,Non-Fatal Injury,Cyclist Collisions,Cyclist,60 to 64,Major,,East,Bicycle,Merging,,,,,,Cyclist and Driver travelling in same direction. One vehicle sideswipes the other.,Driving Properly,Normal,,Yes,Yes,,,,,,,,,,,71,Cabbagetown-South St.James Town,71,Cabbagetown-South St.James Town (71),D51,572
-8837241.37876715,5411444.59671003,7486698,1324513,2012,2012/11/07 05:00:00+00,1437,RICHMOND ST W,UNIVERSITY AVE,,Major Arterial,Toronto and East York,10,43.650045,-79.38629,Intersection,At Intersection,Traffic Signal,Clear,Daylight,Dry,Fatal,Cyclist Collisions,Vehicle Owner,unknown,,,,Other,,,,,,,,,,,Yes,Yes,,,,,Yes,,,,,,170,Yonge-Bay Corridor,76,Bay Street Corridor (76),D52,573
-8839300.78934682,5413352.50563866,6704528,1266558,2011,2011/09/23 04:00:00+00,1613,HARBORD ST,MAJOR ST,,Minor Arterial,Toronto and East York,11,43.662445,-79.40479,Intersection,At Intersection,No Control,Rain,Daylight,Wet,Non-Fatal Injury,Cyclist Collisions,Cyclist,25 to 29,Major,,West,Bicycle,Unknown,,,,,,Motorist turned left across cyclists path.,Driving Properly,Normal,,Yes,Yes,,,,,,,Yes,,,,79,University,79,University (79),D14,574
-8833356.32853846,5413860.32198345,7840756,1365804,2013,2013/05/23 04:00:00+00,1850,GERRARD St E,BROADVIEW Ave,,Minor Arterial,Toronto and East York,14,43.665745,-79.35139,Mid-Block,,No Control,Clear,Daylight,Dry,Non-Fatal Injury,Cyclist Collisions,Driver,50 to 54,None,,East,"Automobile, Station Wagon",Parked,Failed to Yield Right of Way,Normal,,,,,,,,Yes,Yes,,,,,,,Yes,,,,68,North Riverdale,68,North Riverdale (68),D55,575
-8838284.88767384,5414895.73827744,6163962,1178114,2010,2010/05/18 04:00:00+00,1318,AVENUE RD,ELGIN AVE,,Major Arterial,Toronto and East York,11,43.672473,-79.395664,Intersection,,No Control,Clear,Daylight,Dry,Non-Fatal Injury,Cyclist Collisions,Cyclist,15 to 19,Major,,South,Bicycle,Overtaking,,,,,,Cyclist struck opened vehicle door,Driving Properly,Normal,,Yes,Yes,,,Yes,,,,,,,,95,Annex,95,Annex (95),D53,576
-8837452.88579965,5419632.92456226,6159377,1176088,2010,2010/05/20 04:00:00+00,855,MOUNT PLEASANT RD,PENROSE RD,,Major Arterial,North York,1215,43.703245,-79.38819,Intersection,At Intersection,No Control,Clear,Daylight,Dry,Non-Fatal Injury,Turning Movement,Moped Driver,20 to 24,Major,,South,Moped,Going Ahead,Driving Properly,Normal,,,,,,,,Yes,Yes,,,,,,,Yes,,,,174,South Eglinton-Davisville,104,Mount Pleasant West (104),D53,577
-8841994.60970453,5414521.75616081,3478314,926382,2006,2006/06/10 04:00:00+00,1646,OSSINGTON AVE,DUPONT ST,,Major Arterial,Toronto and East York,911,43.670043,-79.428989,Intersection,At Intersection,Traffic Signal,Clear,Daylight,Dry,Non-Fatal Injury,Cyclist Collisions,Vehicle Owner,unknown,,,,,,,,,,,,,,,Yes,,,,Yes,,,,,,,,172,Dovercourt Village,93,Dovercourt-Wallace Emerson-Junction (93),D14,578
-8836874.02444753,5410906.14531348,5253657,1110888,2009,2009/06/11 04:00:00+00,835,WELLINGTON ST W,YORK ST,,Minor Arterial,Toronto and East York,10,43.646545,-79.38299,Intersection,At Intersection,Traffic Signal,Clear,Daylight,Dry,Non-Fatal Injury,Cyclist Collisions,Driver,unknown,None,,West,"Automobile, Station Wagon",Going Ahead,Driving Properly,Normal,,,,,,,,Yes,Yes,,,,,,,,,,,170,Yonge-Bay Corridor,76,Bay Street Corridor (76),D52,579
-8838844.37943457,5413198.62740881,4159971,964870,2007,2007/03/27 04:00:00+00,2045,40 WILLCOCKS St,,,Local,Toronto and East York,11,43.661445,-79.40069,Mid-Block,,No Control,Clear,Dark,Dry,Non-Fatal Injury,Cyclist Collisions,Cyclist,65 to 69,Major,,East,Bicycle,Going Ahead,,,,,,Motorist turned left across cyclists path.,,,,Yes,Yes,,,,,,,,,,,79,University,79,University (79),D52,580
-8837452.88579965,5419632.92456226,6159378,1176088,2010,2010/05/20 04:00:00+00,855,MOUNT PLEASANT RD,PENROSE RD,,Major Arterial,North York,1215,43.703245,-79.38819,Intersection,At Intersection,No Control,Clear,Daylight,Dry,Non-Fatal Injury,Turning Movement,Vehicle Owner,unknown,,,,Other,,,,,,,,,,,Yes,Yes,,,,,,,Yes,,,,174,South Eglinton-Davisville,104,Mount Pleasant West (104),D53,581
-8837241.37876715,5411444.59671003,7486699,1324513,2012,2012/11/07 05:00:00+00,1437,RICHMOND ST W,UNIVERSITY AVE,,Major Arterial,Toronto and East York,10,43.650045,-79.38629,Intersection,At Intersection,Traffic Signal,Clear,Daylight,Dry,Fatal,Cyclist Collisions,Driver,30 to 34,None,,North,"Automobile, Station Wagon",Going Ahead,Driving Properly,Normal,,,,,,,,Yes,Yes,,,,,Yes,,,,,,170,Yonge-Bay Corridor,76,Bay Street Corridor (76),D52,582
-8851022.73172735,5404124.3438648,6806149,1266612,2011,2011/09/24 04:00:00+00,1505,BIRMINGHAM Stre,ETTA WYLIE Road,,Collector,Etobicoke York,3,43.602445,-79.51009,Intersection,At Intersection,No Control,Clear,Daylight,Dry,Non-Fatal Injury,Cyclist Collisions,Driver,60 to 64,None,,West,"Automobile, Station Wagon",Turning Left,Failed to Yield Right of Way,Inattentive,,,,,,,,Yes,Yes,,,,,,,Yes,,,,18,New Toronto,18,New Toronto (18),D22,583
-8844719.15424169,5409630.29459664,6256087,1204639,2010,2010/11/29 05:00:00+00,1620,LAKE SHORE BLVD W,PARKSIDE DR,,Major Arterial,Toronto and East York,4,43.638251,-79.453464,Intersection,At Intersection,Traffic Signal,Clear,Daylight,Dry,Non-Fatal Injury,Cyclist Collisions,Driver,45 to 49,None,,East,"Automobile, Station Wagon",Going Ahead,Driving Properly,Normal,,,,,,,,Yes,Yes,,,,,,,,,,,85,South Parkdale,85,South Parkdale (85),D11,584
-8833356.32853846,5413860.32198345,7840757,1365804,2013,2013/05/23 04:00:00+00,1850,GERRARD St E,BROADVIEW Ave,,Minor Arterial,Toronto and East York,14,43.665745,-79.35139,Mid-Block,,No Control,Clear,Daylight,Dry,Non-Fatal Injury,Cyclist Collisions,Cyclist,35 to 39,Major,,East,Bicycle,Going Ahead,,,,,,Cyclist struck opened vehicle door,Driving Properly,Normal,,Yes,Yes,,,,,,,Yes,,,,68,North Riverdale,68,North Riverdale (68),D55,585
-8852725.91993649,5419602.12777402,7438895,1304471,2012,2012/05/24 04:00:00+00,1905,CHURCH ST,WESTON RD,,Minor Arterial,Etobicoke York,5,43.703045,-79.52539,Intersection,At Intersection,Traffic Signal,Clear,Daylight,Dry,Non-Fatal Injury,Cyclist Collisions,Driver,35 to 39,None,,West,"Automobile, Station Wagon",Turning Right,Improper Turn,Inattentive,,,,,,,,Yes,Yes,,,,,,,,,,,113,Weston,113,Weston (113),D12,586
-8844719.15424169,5409630.29459664,6256088,1204639,2010,2010/11/29 05:00:00+00,1620,LAKE SHORE BLVD W,PARKSIDE DR,,Major Arterial,Toronto and East York,4,43.638251,-79.453464,Intersection,At Intersection,Traffic Signal,Clear,Daylight,Dry,Non-Fatal Injury,Cyclist Collisions,Cyclist,50 to 54,Major,,North,Bicycle,Going Ahead,,,,,,"Cyclist without ROW rides into path of motorist at inter, lnwy, dwy-Cyclist not turn.",Disobeyed Traffic Control,Inattentive,,Yes,Yes,,,,,,,,,,,85,South Parkdale,85,South Parkdale (85),D11,587
-8841994.60970453,5414521.75616081,3478315,926382,2006,2006/06/10 04:00:00+00,1646,OSSINGTON AVE,DUPONT ST,,Major Arterial,Toronto and East York,911,43.670043,-79.428989,Intersection,At Intersection,Traffic Signal,Clear,Daylight,Dry,Non-Fatal Injury,Cyclist Collisions,Driver,60 to 64,None,,South,Municipal Transit Bus (TTC),Going Ahead,Driving Properly,Normal,,,,,,,,Yes,,,,Yes,,,,,,,,172,Dovercourt Village,93,Dovercourt-Wallace Emerson-Junction (93),D14,588
-8836874.02444753,5410906.14531348,5253658,1110888,2009,2009/06/11 04:00:00+00,835,WELLINGTON ST W,YORK ST,,Minor Arterial,Toronto and East York,10,43.646545,-79.38299,Intersection,At Intersection,Traffic Signal,Clear,Daylight,Dry,Non-Fatal Injury,Cyclist Collisions,Cyclist,40 to 44,Major,,West,Bicycle,Slowing or Stopping,,,,,,Cyclist and Driver travelling in same direction. One vehicle sideswipes the other.,Lost control,Normal,,Yes,Yes,,,,,,,,,,,170,Yonge-Bay Corridor,76,Bay Street Corridor (76),D52,589
-8836996.4758874,5410875.37760989,4163614,966448,2007,2007/04/05 04:00:00+00,1305,UNIVERSITY AVE,WELLINGTON ST W,,Major Arterial,Toronto and East York,10,43.646345,-79.38409,Intersection,At Intersection,Traffic Signal,Clear,Daylight,Wet,Non-Fatal Injury,Cyclist Collisions,Driver,55 to 59,None,,North,"Automobile, Station Wagon",Turning Left,Driving Properly,Normal,,,,,,,,Yes,Yes,,,,,,,,,,,170,Yonge-Bay Corridor,76,Bay Street Corridor (76),D52,590
-8837452.88579965,5419632.92456226,6159379,1176088,2010,2010/05/20 04:00:00+00,855,MOUNT PLEASANT RD,PENROSE RD,,Major Arterial,North York,1215,43.703245,-79.38819,Intersection,At Intersection,No Control,Clear,Daylight,Dry,Non-Fatal Injury,Turning Movement,Driver,45 to 49,None,,North,"Automobile, Station Wagon",Turning Left,Improper Turn,Normal,,,,,,,,Yes,Yes,,,,,,,Yes,,,,174,South Eglinton-Davisville,104,Mount Pleasant West (104),D53,591
-8837241.37876715,5411444.59671003,7486700,1324513,2012,2012/11/07 05:00:00+00,1437,RICHMOND ST W,UNIVERSITY AVE,,Major Arterial,Toronto and East York,10,43.650045,-79.38629,Intersection,At Intersection,Traffic Signal,Clear,Daylight,Dry,Fatal,Cyclist Collisions,Passenger,35 to 39,None,,,Other,,,,,,,,,,,Yes,Yes,,,,,Yes,,,,,,170,Yonge-Bay Corridor,76,Bay Street Corridor (76),D52,592
-8852725.91993649,5419602.12777402,7438896,1304471,2012,2012/05/24 04:00:00+00,1905,CHURCH ST,WESTON RD,,Minor Arterial,Etobicoke York,5,43.703045,-79.52539,Intersection,At Intersection,Traffic Signal,Clear,Daylight,Dry,Non-Fatal Injury,Cyclist Collisions,Cyclist,60 to 64,Major,,South,Bicycle,Stopped,,,,,,Motorist turning right on red at signalized intersection strikes cyclist.,Driving Properly,Normal,,Yes,Yes,,,,,,,,,,,113,Weston,113,Weston (113),D12,593
-8851022.73172735,5404124.3438648,6806150,1266612,2011,2011/09/24 04:00:00+00,1505,BIRMINGHAM Stre,ETTA WYLIE Road,,Collector,Etobicoke York,3,43.602445,-79.51009,Intersection,At Intersection,No Control,Clear,Daylight,Dry,Non-Fatal Injury,Cyclist Collisions,Cyclist,50 to 54,Major,,East,Bicycle,Going Ahead,,,,,,Motorist turned left across cyclists path.,Driving Properly,Normal,,Yes,Yes,,,,,,,Yes,,,,18,New Toronto,18,New Toronto (18),D22,594
-8841994.60970453,5414521.75616081,3478316,926382,2006,2006/06/10 04:00:00+00,1646,OSSINGTON AVE,DUPONT ST,,Major Arterial,Toronto and East York,911,43.670043,-79.428989,Intersection,At Intersection,Traffic Signal,Clear,Daylight,Dry,Non-Fatal Injury,Cyclist Collisions,Cyclist,35 to 39,Major,,East,Bicycle,Going Ahead,,,,,,"Cyclist without ROW rides into path of motorist at inter, lnwy, dwy-Cyclist not turn.",Disobeyed Traffic Control,Normal,,Yes,,,,Yes,,,,,,,,172,Dovercourt Village,93,Dovercourt-Wallace Emerson-Junction (93),D14,595
-8834191.22471941,5415460.89554037,6237033,1208896,2010,2010/12/21 05:00:00+00,1639,DANFORTH Ave,BROADVIEW Ave,,Major Arterial,Toronto and East York,14,43.676145,-79.35889,Mid-Block,,No Control,Clear,Daylight,Dry,Non-Fatal Injury,Cyclist Collisions,Vehicle Owner,unknown,,,,Other,,,,,,,,,,,Yes,Yes,,,,,,,,,,,68,North Riverdale,68,North Riverdale (68),D55,596
-8835037.25284944,5413075.5266703,5252135,1110181,2009,2009/06/19 04:00:00+00,1844,PARLIAMENT ST,OAK ST,,Minor Arterial,Toronto and East York,13,43.660645,-79.36649,Intersection,At Intersection,Pedestrian Crossover,Clear,Daylight,Dry,Non-Fatal Injury,Cyclist Collisions,Passenger,30 to 34,None,,,Other,,,,,,,,,,,Yes,Yes,,,,,Yes,,Yes,,,,72,Regent Park,72,Regent Park (72),D51,597
-8837241.37876715,5411444.59671003,7486701,1324513,2012,2012/11/07 05:00:00+00,1437,RICHMOND ST W,UNIVERSITY AVE,,Major Arterial,Toronto and East York,10,43.650045,-79.38629,Intersection,At Intersection,Traffic Signal,Clear,Daylight,Dry,Fatal,Cyclist Collisions,Cyclist,55 to 59,Fatal,38,West,Bicycle,Going Ahead,,,,,,"Cyclist without ROW rides into path of motorist at inter, lnwy, dwy-Cyclist not turn.",Disobeyed Traffic Control,Unknown,,Yes,Yes,,,,,Yes,,,,,,170,Yonge-Bay Corridor,76,Bay Street Corridor (76),D52,598
-8810279.79809701,5434087.96022974,6146111,1170181,2010,2010/05/27 04:00:00+00,1538,PORT UNION Rd,HIGHWAY 401 C  E,,Minor Arterial,Scarborough,25,43.797045,-79.14409,Mid-Block,,No Control,Clear,Daylight,Dry,Non-Fatal Injury,Cyclist Collisions,Other,unknown,,,North,Other,Parked,,,,,,,,,,Yes,,,,,,,,,,,,143,West Rouge,131,Rouge (131),D43,599
-8835037.25284944,5413075.5266703,5252136,1110181,2009,2009/06/19 04:00:00+00,1844,PARLIAMENT ST,OAK ST,,Minor Arterial,Toronto and East York,13,43.660645,-79.36649,Intersection,At Intersection,Pedestrian Crossover,Clear,Daylight,Dry,Non-Fatal Injury,Cyclist Collisions,Driver,25 to 29,None,,South,"Automobile, Station Wagon",Going Ahead,Disobeyed Traffic Control,Inattentive,,,,,,,,Yes,Yes,,,,,Yes,,Yes,,,,72,Regent Park,72,Regent Park (72),D51,600