X,Y,INDEX_,ACCNUM,YEAR,DATE,TIME,STREET1,STREET2,OFFSET,ROAD_CLASS,DISTRICT,WARDNUM,LATITUDE,LONGITUDE,LOCCOORD,ACCLOC,TRAFFCTL,VISIBILITY,LIGHT,RDSFCOND,ACCLASS,IMPACTYPE,INVTYPE,INVAGE,INJURY,FATAL_NO,INITDIR,VEHTYPE,MANOEUVER,DRIVACT,DRIVCOND,PEDTYPE,PEDACT,PEDCOND,CYCLISTYPE,CYCACT,CYCCOND,PEDESTRIAN,CYCLIST,AUTOMOBILE,MOTORCYCLE,TRUCK,TRSN_CITY_VEH,EMERG_VEH,PASSENGER,SPEEDING,AG_DRIV,REDLIGHT,ALCOHOL,DISABILITY,HOOD_158,NEIGHBOURHOOD_158,HOOD_140,NEIGHBOURHOOD_140,DIVISION,ObjectId
-8832833.12693173,5409752.4265282,3471738,923965,2006,2006/08/12 04:00:00+00,958,100 UNWIN AVE,,,Collector,Toronto and East York,14,43.639045,-79.34669,Intersection,,Stop Sign,Clear,Daylight,Dry,Non-Fatal Injury,Cyclist Collisions,Truck Driver,45 to 49,None,,West,Truck - Open,Turning Right,Improper Turn,Normal,,,,,,,,Yes,,,Yes,,,,,,,,,70,South Riverdale,70,South Riverdale (70),D51,925
-8834919.03155022,5420457.23877828,7861168,1374452,2013,2013/07/08 04:00:00+00,945,SUTHERLAND DR,MCRAE DR,,Collector,North York,15,43.708598,-79.365428,Intersection,At Intersection,Stop Sign,Clear,Daylight,Dry,Non-Fatal Injury,Cyclist Collisions,Driver,55 to 59,None,,West,Pick Up Truck,Going Ahead,Failed to Yield Right of Way,Normal,,,,,,,,Yes,Yes,,,,,,,Yes,,,,56,Leaside-Bennington,56,Leaside-Bennington (56),D53,926
-8810613.75656939,5434288.45583723,6666239,1249845,2011,2011/07/08 04:00:00+00,1600,6780 KINGSTON RD,,,Major Arterial,Scarborough,25,43.798345,-79.14709,Mid-Block,,No Control,Clear,Daylight,Dry,Non-Fatal Injury,Cyclist Collisions,Driver,20 to 24,Major,,South,"Automobile, Station Wagon",Turning Right,Failed to Yield Right of Way,Inattentive,,,,,,,,Yes,Yes,,,,,,,Yes,,,,133,Centennial Scarborough,133,Centennial Scarborough (133),D42,927
-8844028.6394403,5424458.66483738,7433999,1302395,2012,2012/06/27 04:00:00+00,1910,TIPPET RD,WILSON AVE,,Major Arterial,North York,6,43.734576,-79.447261,Intersection,At Intersection,Traffic Signal,Clear,Daylight,Dry,Non-Fatal Injury,Cyclist Collisions,Driver,60 to 64,None,,North,"Automobile, Station Wagon",Going Ahead,Driving Properly,Normal,,,,,,,,Yes,Yes,,,,,,,,,,,33,Clanton Park,33,Clanton Park (33),D32,928
-8832833.12693173,5409752.4265282,3471739,923965,2006,2006/08/12 04:00:00+00,958,100 UNWIN AVE,,,Collector,Toronto and East York,14,43.639045,-79.34669,Intersection,,Stop Sign,Clear,Daylight,Dry,Non-Fatal Injury,Cyclist Collisions,Cyclist,35 to 39,Major,,West,Bicycle,Going Ahead,,,,,,"Motorist turns right at non-signal Inter.(stop, yield, no cont.,and dwy) and strikes cyclist.",Driving Properly,Normal,,Yes,,,Yes,,,,,,,,,70,South Riverdale,70,South Riverdale (70),D51,929
-8810613.75656939,5434288.45583723,6666240,1249845,2011,2011/07/08 04:00:00+00,1600,6780 KINGSTON RD,,,Major Arterial,Scarborough,25,43.798345,-79.14709,Mid-Block,,No Control,Clear,Daylight,Dry,Non-Fatal Injury,Cyclist Collisions,Cyclist,45 to 49,Major,,East,Bicycle,Going Ahead,,,,,,"Motorist turns right at non-signal Inter.(stop, yield, no cont.,and dwy) and strikes cyclist.",Failed to Yield Right of Way,Inattentive,,Yes,Yes,,,,,,,Yes,,,,133,Centennial Scarborough,133,Centennial Scarborough (133),D42,930
-8840057.31660625,5413752.60103216,3481806,927677,2006,2006/08/12 04:00:00+00,1845,562 BLOOR W ST W,,,Major Arterial,Toronto and East York,11,43.665045,-79.411586,Mid-Block,,No Control,Clear,Daylight,Dry,Non-Fatal Injury,Cyclist Collisions,Driver,45 to 49,None,,West,"Automobile, Station Wagon",Parked,Other,Unknown,,,,,,,,Yes,Yes,,,,,,,,,,,80,Palmerston-Little Italy,95,Annex (95),D14,931
-8844028.6394403,5424458.66483738,7434000,1302395,2012,2012/06/27 04:00:00+00,1910,TIPPET RD,WILSON AVE,,Major Arterial,North York,6,43.734576,-79.447261,Intersection,At Intersection,Traffic Signal,Clear,Daylight,Dry,Non-Fatal Injury,Cyclist Collisions,Cyclist,55 to 59,Major,,East,Bicycle,Going Ahead,,,,,,"Cyclist without ROW rides into path of motorist at inter, lnwy, dwy-Cyclist not turn.",Disobeyed Traffic Control,Inattentive,,Yes,Yes,,,,,,,,,,,33,Clanton Park,33,Clanton Park (33),D32,932
-8834919.03155022,5420457.23877828,7861169,1374452,2013,2013/07/08 04:00:00+00,945,SUTHERLAND DR,MCRAE DR,,Collector,North York,15,43.708598,-79.365428,Intersection,At Intersection,Stop Sign,Clear,Daylight,Dry,Non-Fatal Injury,Cyclist Collisions,Cyclist,25 to 29,Major,,North,Bicycle,Going Ahead,,,,,,"Motorist without ROW drives into path of cyclist at inter, lnwy, dwy-Driver not turn.",Driving Properly,Normal,,Yes,Yes,,,,,,,Yes,,,,56,Leaside-Bennington,56,Leaside-Bennington (56),D53,933
-8838744.19189285,5416446.00176593,6668517,1250782,2011,2011/07/14 04:00:00+00,1610,AVENUE Road,EDMUND Aven,,Major Arterial,Toronto and East York,12,43.682545,-79.39979,Intersection,,Traffic Signal,Clear,Daylight,Dry,Non-Fatal Injury,Cyclist Collisions,Driver,50 to 54,None,,North,"Automobile, Station Wagon",Going Ahead,Driving Properly,Normal,,,,,,,,Yes,Yes,,,,,,,,,,,97,Yonge-St.Clair,97,Yonge-St.Clair (97),D53,934
-8840057.31660625,5413752.60103216,3481807,927677,2006,2006/08/12 04:00:00+00,1845,562 BLOOR W ST W,,,Major Arterial,Toronto and East York,11,43.665045,-79.411586,Mid-Block,,No Control,Clear,Daylight,Dry,Non-Fatal Injury,Cyclist Collisions,Cyclist,40 to 44,Major,,West,Bicycle,Going Ahead,,,,,,Cyclist struck opened vehicle door,Driving Properly,Normal,,Yes,Yes,,,,,,,,,,,80,Palmerston-Little Italy,95,Annex (95),D14,935
-8837541.94139229,5412413.88830144,7645161,1301986,2012,2012/06/28 04:00:00+00,155,UNIVERSITY AVE,ELM ST,,Major Arterial,Toronto and East York,11,43.656345,-79.38899,Intersection,At Intersection,Traffic Signal,Clear,"Dark, artificial",Dry,Non-Fatal Injury,Cyclist Collisions,Driver,40 to 44,None,,West,"Automobile, Station Wagon",Turning Left,Driving Properly,Normal,,,,,,,,Yes,Yes,,,,,,,,,,,78,Kensington-Chinatown,78,Kensington-Chinatown (78),D52,936
-8836629.12156778,5411413.82721356,6807918,1279742,2011,2011/12/15 05:00:00+00,950,ADELAIDE St W,BAY St,,Major Arterial,Toronto and East York,1013,43.649845,-79.38079,Intersection,At Intersection,Traffic Signal,Rain,Daylight,Wet,Non-Fatal Injury,Cyclist Collisions,Vehicle Owner,unknown,,,,Other,,,,,,,,,,,Yes,Yes,,,,,,,,,,,170,Yonge-Bay Corridor,76,Bay Street Corridor (76),D52,937
-8836629.12156778,5411413.82721356,6807919,1279742,2011,2011/12/15 05:00:00+00,950,ADELAIDE St W,BAY St,,Major Arterial,Toronto and East York,1013,43.649845,-79.38079,Intersection,At Intersection,Traffic Signal,Rain,Daylight,Wet,Non-Fatal Injury,Cyclist Collisions,Driver,40 to 44,None,,East,"Automobile, Station Wagon",Going Ahead,Driving Properly,Normal,,,,,,,,Yes,Yes,,,,,,,,,,,170,Yonge-Bay Corridor,76,Bay Street Corridor (76),D52,938
-8836629.12156778,5411413.82721356,6807920,1279742,2011,2011/12/15 05:00:00+00,950,ADELAIDE St W,BAY St,,Major Arterial,Toronto and East York,1013,43.649845,-79.38079,Intersection,At Intersection,Traffic Signal,Rain,Daylight,Wet,Non-Fatal Injury,Cyclist Collisions,Cyclist,40 to 44,Major,,East,Bicycle,Merging,,,,,,Cyclist and Driver travelling in same direction. One vehicle sideswipes the other.,Lost control,Inattentive,,Yes,Yes,,,,,,,,,,,170,Yonge-Bay Corridor,76,Bay Street Corridor (76),D52,939
-8838521.55291127,5411198.44360703,6726869,1280448,2011,2011/12/20 05:00:00+00,1430,QUEEN St W,CAMERON St,,Major Arterial,Toronto and East York,10,43.648445,-79.39779,Mid-Block,,No Control,Clear,Daylight,Dry,Non-Fatal Injury,Cyclist Collisions,Driver,20 to 24,None,,East,"Automobile, Station Wagon",Parked,Other,Unknown,,,,,,,,Yes,Yes,,,,,,,,,,,164,Wellington Place,77,Waterfront Communities-The Island (77),D14,940
-8838521.55291127,5411198.44360703,6726870,1280448,2011,2011/12/20 05:00:00+00,1430,QUEEN St W,CAMERON St,,Major Arterial,Toronto and East York,10,43.648445,-79.39779,Mid-Block,,No Control,Clear,Daylight,Dry,Non-Fatal Injury,Cyclist Collisions,Cyclist,35 to 39,Major,,East,Bicycle,Going Ahead,,,,,,Cyclist struck opened vehicle door,Driving Properly,Unknown,,Yes,Yes,,,,,,,,,,,164,Wellington Place,77,Waterfront Communities-The Island (77),D14,941
-8844042.99965462,5415599.41975426,6728060,1282186,2011,2011/12/27 05:00:00+00,1404,ST CLAIR Ave W,EARLSCOURT Ave,,Major Arterial,Toronto and East York,9,43.677045,-79.44739,Intersection,,Traffic Signal,Rain,Daylight,Wet,Non-Fatal Injury,Cyclist Collisions,Driver,25 to 29,Major,,West,"Automobile, Station Wagon",Changing Lanes,Improper Lane Change,Inattentive,,,,,,,,Yes,Yes,,,,,,,,,,,92,Corso Italia-Davenport,92,Corso Italia-Davenport (92),D13,942
-8844042.99965462,5415599.41975426,6728061,1282186,2011,2011/12/27 05:00:00+00,1404,ST CLAIR Ave W,EARLSCOURT Ave,,Major Arterial,Toronto and East York,9,43.677045,-79.44739,Intersection,,Traffic Signal,Rain,Daylight,Wet,Non-Fatal Injury,Cyclist Collisions,Cyclist,unknown,Minimal,,West,Bicycle,Going Ahead,,,,,,Cyclist and Driver travelling in same direction. One vehicle sideswipes the other.,Speed too Fast For Condition,Normal,,Yes,Yes,,,,,,,,,,,92,Corso Italia-Davenport,92,Corso Italia-Davenport (92),D13,943
-8840235.87306949,5414522.06395879,7397575,1286830,2012,2012/01/24 05:00:00+00,1308,BATHURST ST,WELLS ST,,Major Arterial,Toronto and East York,11,43.670045,-79.41319,Intersection,At Intersection,Traffic Signal,Snow,Daylight,Wet,Non-Fatal Injury,Cyclist Collisions,Truck Driver,30 to 34,None,,West,Truck - Open,Turning Left,Failed to Yield Right of Way,Normal,,,,,,,,Yes,,,Yes,,,,,Yes,,,,95,Annex,95,Annex (95),D14,944
-8840235.87306949,5414522.06395879,7397576,1286830,2012,2012/01/24 05:00:00+00,1308,BATHURST ST,WELLS ST,,Major Arterial,Toronto and East York,11,43.670045,-79.41319,Intersection,At Intersection,Traffic Signal,Snow,Daylight,Wet,Non-Fatal Injury,Cyclist Collisions,Cyclist,30 to 34,Major,,East,Bicycle,Going Ahead,,,,,,Motorist turned left across cyclists path.,Driving Properly,Normal,,Yes,,,Yes,,,,,Yes,,,,95,Annex,95,Annex (95),D14,945
-8834302.43289071,5415429.95874975,7397979,1287004,2012,2012/01/26 05:00:00+00,1417,DANFORTH AVE,ROYAL DR,,Major Arterial,Toronto and East York,14,43.675944,-79.359889,Mid-Block,Non Intersection,No Control,Rain,Daylight,Wet,Non-Fatal Injury,Cyclist Collisions,Vehicle Owner,unknown,,,,Other,,,,,,,,,,,Yes,Yes,,,,,,,,,,,68,North Riverdale,68,North Riverdale (68),D55,946
-8834302.43289071,5415429.95874975,7397980,1287004,2012,2012/01/26 05:00:00+00,1417,DANFORTH AVE,ROYAL DR,,Major Arterial,Toronto and East York,14,43.675944,-79.359889,Mid-Block,Non Intersection,No Control,Rain,Daylight,Wet,Non-Fatal Injury,Cyclist Collisions,Driver,50 to 54,None,,East,"Automobile, Station Wagon",Going Ahead,Driving Properly,Normal,,,,,,,,Yes,Yes,,,,,,,,,,,68,North Riverdale,68,North Riverdale (68),D55,947
-8834302.43289071,5415429.95874975,7397981,1287004,2012,2012/01/26 05:00:00+00,1417,DANFORTH AVE,ROYAL DR,,Major Arterial,Toronto and East York,14,43.675944,-79.359889,Mid-Block,Non Intersection,No Control,Rain,Daylight,Wet,Non-Fatal Injury,Cyclist Collisions,Cyclist,20 to 24,Major,,East,Bicycle,Changing Lanes,,,,,,Cyclist and Driver travelling in same direction. One vehicle sideswipes the other.,Improper Lane Change,Normal,,Yes,Yes,,,,,,,,,,,68,North Riverdale,68,North Riverdale (68),D55,948
-8839478.90053209,5417600.55686934,7401916,1288672,2012,2012/02/07 05:00:00+00,1327,LONSDALE RD,DUNVEGAN RD,,Collector,Toronto and East York,12,43.690045,-79.40639,Intersection,At Intersection,Stop Sign,Clear,Daylight,Dry,Non-Fatal Injury,Cyclist Collisions,Driver,65 to 69,Major,,West,"Automobile, Station Wagon",Going Ahead,Failed to Yield Right of Way,Normal,,,,,,,,Yes,Yes,,,,,,,Yes,,,,96,Casa Loma,96,Casa Loma (96),D53,949
-8839478.90053209,5417600.55686934,7401917,1288672,2012,2012/02/07 05:00:00+00,1327,LONSDALE RD,DUNVEGAN RD,,Collector,Toronto and East York,12,43.690045,-79.40639,Intersection,At Intersection,Stop Sign,Clear,Daylight,Dry,Non-Fatal Injury,Cyclist Collisions,Cyclist,35 to 39,Minimal,,North,Bicycle,Going Ahead,,,,,,"Motorist without ROW drives into path of cyclist at inter, lnwy, dwy-Driver not turn.",Driving Properly,Normal,,Yes,Yes,,,,,,,Yes,,,,96,Casa Loma,96,Casa Loma (96),D53,950
-8839356.44909222,5410413.87434833,7403743,1289419,2012,2012/02/14 05:00:00+00,1430,KING St W,TECUMSETH St,,Major Arterial,Toronto and East York,10,43.643345,-79.40529,Intersection,At Intersection,Traffic Signal,Clear,Daylight,Wet,Non-Fatal Injury,Cyclist Collisions,Driver,50 to 54,None,,West,"Automobile, Station Wagon",Turning Left,Failed to Yield Right of Way,Inattentive,,,,,,,,Yes,Yes,,,,,,,Yes,,,,162,West Queen West,82,Niagara (82),D14,951
-8838744.19189285,5416446.00176593,6668518,1250782,2011,2011/07/14 04:00:00+00,1610,AVENUE Road,EDMUND Aven,,Major Arterial,Toronto and East York,12,43.682545,-79.39979,Intersection,,Traffic Signal,Clear,Daylight,Dry,Non-Fatal Injury,Cyclist Collisions,Cyclist,25 to 29,Major,,East,Bicycle,Going Ahead,,,,,,"Cyclist without ROW rides into path of motorist at inter, lnwy, dwy-Cyclist not turn.",Disobeyed Traffic Control,Inattentive,,Yes,Yes,,,,,,,,,,,97,Yonge-St.Clair,97,Yonge-St.Clair (97),D53,952
-8837541.94139229,5412413.88830144,7645162,1301986,2012,2012/06/28 04:00:00+00,155,UNIVERSITY AVE,ELM ST,,Major Arterial,Toronto and East York,11,43.656345,-79.38899,Intersection,At Intersection,Traffic Signal,Clear,"Dark, artificial",Dry,Non-Fatal Injury,Cyclist Collisions,Cyclist,50 to 54,Major,,East,Bicycle,Going Ahead,,,,,,"Cyclist without ROW rides into path of motorist at inter, lnwy, dwy-Cyclist not turn.",Other,Unknown,,Yes,Yes,,,,,,,,,,,78,Kensington-Chinatown,78,Kensington-Chinatown (78),D52,953
-8834191.22471941,5415522.46160115,7841568,1366122,2013,2013/07/11 04:00:00+00,1939,BROADVIEW Ave,DANFORTH Ave,,Minor Arterial,Toronto and East York,14,43.676545,-79.35889,Mid-Block,,No Control,Clear,Daylight,Dry,Non-Fatal Injury,Pedestrian Collisions,Pedestrian,unknown,None,,East,"Automobile, Station Wagon",Going Ahead,,,Pedestrian hit at mid-block,"Crossing, no Traffic Control",Inattentive,,,,Yes,Yes,Yes,,,,,,,,,,,67,Playter Estates-Danforth,67,Playter Estates-Danforth (67),D55,954
-8835371.21132182,5412136.93747071,3465412,921668,2006,2006/08/15 04:00:00+00,1550,QUEEN E ST E,SHERBOURNE ST,,Major Arterial,Toronto and East York,13,43.654545,-79.36949,Intersection,At Intersection,Traffic Signal,Clear,Daylight,Dry,Non-Fatal Injury,Cyclist Collisions,Vehicle Owner,unknown,,,,Other,,,,,,,,,,,Yes,,,Yes,,,,,,,,,73,Moss Park,73,Moss Park (73),D51,955
-8834191.22471941,5415522.46160115,7841569,1366122,2013,2013/07/11 04:00:00+00,1939,BROADVIEW Ave,DANFORTH Ave,,Minor Arterial,Toronto and East York,14,43.676545,-79.35889,Mid-Block,,No Control,Clear,Daylight,Dry,Non-Fatal Injury,Pedestrian Collisions,Cyclist,35 to 39,Major,,South,Bicycle,Going Ahead,,,,,,Cyclist strikes pedestrian.,Driving Properly,Normal,Yes,Yes,Yes,,,,,,,,,,,67,Playter Estates-Danforth,67,Playter Estates-Danforth (67),D55,956
-8832053.89049618,5422743.92958117,6669027,1250979,2011,2011/07/15 04:00:00+00,1630,DON MILLS RD,WYNFORD DR,,Major Arterial,North York,16,43.723445,-79.33969,Mid-Block,,No Control,Clear,Daylight,Dry,Non-Fatal Injury,Cyclist Collisions,Driver,55 to 59,None,,North,"Automobile, Station Wagon",Going Ahead,Following too Close,Inattentive,,,,,,,,Yes,Yes,,,,,,,Yes,,,,42,Banbury-Don Mills,42,Banbury-Don Mills (42),D33,957
-8844039.66006989,5417378.25530532,7867481,1377196,2013,2013/07/12 04:00:00+00,2240,DUFFERIN St,HOLMESDALE Rd,,Major Arterial,Toronto and East York,912,43.688601,-79.44736,Intersection,At Intersection,Traffic Signal,Clear,"Dark, artificial",Dry,Non-Fatal Injury,Cyclist Collisions,Driver,55 to 59,Minimal,,North,"Automobile, Station Wagon",Turning Left,Improper Turn,Normal,,,,,,,,Yes,Yes,,,,,,,,,,,107,Oakwood Village,107,Oakwood Village (107),D13,958
-8835371.21132182,5412136.93747071,3465413,921668,2006,2006/08/15 04:00:00+00,1550,QUEEN E ST E,SHERBOURNE ST,,Major Arterial,Toronto and East York,13,43.654545,-79.36949,Intersection,At Intersection,Traffic Signal,Clear,Daylight,Dry,Non-Fatal Injury,Cyclist Collisions,Truck Driver,40 to 44,None,,West,Truck - Open,Going Ahead,Driving Properly,Normal,,,,,,,,Yes,,,Yes,,,,,,,,,73,Moss Park,73,Moss Park (73),D51,959
-8832053.89049618,5422743.92958117,6669028,1250979,2011,2011/07/15 04:00:00+00,1630,DON MILLS RD,WYNFORD DR,,Major Arterial,North York,16,43.723445,-79.33969,Mid-Block,,No Control,Clear,Daylight,Dry,Non-Fatal Injury,Cyclist Collisions,Cyclist,30 to 34,Major,,North,Bicycle,Going Ahead,,,,,,Cyclist and Driver travelling in same direction. One vehicle rear-ended the other.,Driving Properly,Normal,,Yes,Yes,,,,,,,Yes,,,,42,Banbury-Don Mills,42,Banbury-Don Mills (42),D33,960
-8839356.44909222,5410413.87434833,7403744,1289419,2012,2012/02/14 05:00:00+00,1430,KING St W,TECUMSETH St,,Major Arterial,Toronto and East York,10,43.643345,-79.40529,Intersection,At Intersection,Traffic Signal,Clear,Daylight,Wet,Non-Fatal Injury,Cyclist Collisions,Cyclist,20 to 24,Major,,East,Bicycle,Going Ahead,,,,,,Motorist turned left across cyclists path.,Driving Properly,Normal,,Yes,Yes,,,,,,,Yes,,,,162,West Queen West,82,Niagara (82),D14,961
-8844039.66006989,5417378.25530532,7867482,1377196,2013,2013/07/12 04:00:00+00,2240,DUFFERIN St,HOLMESDALE Rd,,Major Arterial,Toronto and East York,912,43.688601,-79.44736,Intersection,At Intersection,Traffic Signal,Clear,"Dark, artificial",Dry,Non-Fatal Injury,Cyclist Collisions,Cyclist,15 to 19,Major,,South,Bicycle,Going Ahead,,,,,,Motorist turned left across cyclists path.,Driving Properly,Normal,,Yes,Yes,,,,,,,,,,,107,Oakwood Village,107,Oakwood Village (107),D13,962
-8835371.21132182,5412136.93747071,3465414,921668,2006,2006/08/15 04:00:00+00,1550,QUEEN E ST E,SHERBOURNE ST,,Major Arterial,Toronto and East York,13,43.654545,-79.36949,Intersection,At Intersection,Traffic Signal,Clear,Daylight,Dry,Non-Fatal Injury,Cyclist Collisions,Cyclist,40 to 44,Major,,South,Bicycle,Turning Left,,,,,,Cyclist turned left across motorists path.,Disobeyed Traffic Control,Unknown,,Yes,,,Yes,,,,,,,,,73,Moss Park,73,Moss Park (73),D51,963
-8832154.07803789,5416015.00486262,6668797,1250894,2011,2011/07/15 04:00:00+00,1655,DANFORTH Ave,LANGFORD Ave,,Major Arterial,Toronto and East York,14,43.679745,-79.34059,Intersection,,No Control,Clear,Daylight,Dry,Non-Fatal Injury,Cyclist Collisions,Driver,45 to 49,None,,West,"Automobile, Station Wagon",Parked,Other,Inattentive,,,,,,,,Yes,Yes,,,,,,,,,,,69,Blake-Jones,69,Blake-Jones (69),D55,964
-8829515.80610609,5437836.40740168,7448107,1308128,2012,2012/07/06 04:00:00+00,1010,STEELES AVE E,BIRCHMOUNT RD,,Major Arterial,Scarborough,22,43.821345,-79.31689,Intersection,At Intersection,Traffic Signal,Clear,Daylight,Dry,Non-Fatal Injury,Cyclist Collisions,Vehicle Owner,unknown,,,,Other,,,,,,,,,,,Yes,Yes,,,,,,,Yes,,,,116,Steeles,116,Steeles (116),D42,965
-8838844.37943457,5414106.54601776,3468335,922743,2006,2006/08/18 04:00:00+00,2115,BLOOR ST W,HURON ST,,Major Arterial,Toronto and East York,11,43.667345,-79.40069,Mid-Block,,No Control,Clear,Dark,Dry,Non-Fatal Injury,Cyclist Collisions,Driver,45 to 49,None,,East,"Automobile, Station Wagon",Changing Lanes,Driving Properly,Normal,,,,,,,,Yes,Yes,,,,,,,,,,,95,Annex,95,Annex (95),D53,966
-8841337.26811139,5415369.47069733,7871852,1379135,2013,2013/07/17 04:00:00+00,2124,CHRISTIE St,DAVENPORT Rd,,Minor Arterial,Toronto and East York,12,43.675551,-79.423084,Intersection,At Intersection,Traffic Signal,Clear,Dark,Dry,Non-Fatal Injury,Cyclist Collisions,Driver,60 to 64,None,,North,"Automobile, Station Wagon",Turning Left,Failed to Yield Right of Way,Inattentive,,,,,,,,Yes,Yes,,,,,,,Yes,,,,94,Wychwood,94,Wychwood (94),D13,967
-8829515.80610609,5437836.40740168,7448108,1308128,2012,2012/07/06 04:00:00+00,1010,STEELES AVE E,BIRCHMOUNT RD,,Major Arterial,Scarborough,22,43.821345,-79.31689,Intersection,At Intersection,Traffic Signal,Clear,Daylight,Dry,Non-Fatal Injury,Cyclist Collisions,Driver,55 to 59,None,,West,"Automobile, Station Wagon",Turning Left,Failed to Yield Right of Way,Normal,,,,,,,,Yes,Yes,,,,,,,Yes,,,,116,Steeles,116,Steeles (116),D42,968
-8832154.07803789,5416015.00486262,6668798,1250894,2011,2011/07/15 04:00:00+00,1655,DANFORTH Ave,LANGFORD Ave,,Major Arterial,Toronto and East York,14,43.679745,-79.34059,Intersection,,No Control,Clear,Daylight,Dry,Non-Fatal Injury,Cyclist Collisions,Cyclist,50 to 54,Major,,West,Bicycle,Going Ahead,,,,,,Cyclist struck opened vehicle door,Driving Properly,Normal,,Yes,Yes,,,,,,,,,,,69,Blake-Jones,69,Blake-Jones (69),D55,969
-8838844.37943457,5414106.54601776,3468336,922743,2006,2006/08/18 04:00:00+00,2115,BLOOR ST W,HURON ST,,Major Arterial,Toronto and East York,11,43.667345,-79.40069,Mid-Block,,No Control,Clear,Dark,Dry,Non-Fatal Injury,Cyclist Collisions,Cyclist,25 to 29,Major,,East,Bicycle,Changing Lanes,,,,,,Cyclist and Driver travelling in same direction. One vehicle sideswipes the other.,Other,Inattentive,,Yes,Yes,,,,,,,,,,,95,Annex,95,Annex (95),D53,970
-8837274.77461438,5409721.66266541,6675011,1253635,2011,2011/07/20 04:00:00+00,1800,QUEENS QUAY W,REES ST,,Minor Arterial,Toronto and East York,10,43.638845,-79.38659,Intersection,At Intersection,Traffic Signal,Clear,Daylight,Dry,Non-Fatal Injury,Cyclist Collisions,Vehicle Owner,unknown,,,,Other,,,,,,,,,,,Yes,Yes,,,,,,,,,,,165,Harbourfront-CityPlace,77,Waterfront Communities-The Island (77),D52,971
-8829515.80610609,5437836.40740168,7448109,1308128,2012,2012/07/06 04:00:00+00,1010,STEELES AVE E,BIRCHMOUNT RD,,Major Arterial,Scarborough,22,43.821345,-79.31689,Intersection,At Intersection,Traffic Signal,Clear,Daylight,Dry,Non-Fatal Injury,Cyclist Collisions,Cyclist,75 to 79,Major,,West,Bicycle,Going Ahead,,,,,,Motorist turned left across cyclists path.,Driving Properly,Normal,,Yes,Yes,,,,,,,Yes,,,,116,Steeles,116,Steeles (116),D42,972
-8841337.26811139,5415369.47069733,7871853,1379135,2013,2013/07/17 04:00:00+00,2124,CHRISTIE St,DAVENPORT Rd,,Minor Arterial,Toronto and East York,12,43.675551,-79.423084,Intersection,At Intersection,Traffic Signal,Clear,Dark,Dry,Non-Fatal Injury,Cyclist Collisions,Cyclist,35 to 39,Major,,South,Bicycle,Going Ahead,,,,,,Motorist turned left across cyclists path.,Driving Properly,Normal,,Yes,Yes,,,,,,,Yes,,,,94,Wychwood,94,Wychwood (94),D13,973
-8840213.60917133,5412260.02570393,3495902,932873,2006,2006/08/20 04:00:00+00,1543,COLLEGE ST,CLINTON ST,,Major Arterial,Toronto and East York,11,43.655345,-79.41299,Mid-Block,At Intersection,No Control,Clear,Daylight,Dry,Non-Fatal Injury,Cyclist Collisions,Passenger,35 to 39,Major,,,Other,,,,,,,,,,,Yes,Yes,,,,,Yes,,,,,,81,Trinity-Bellwoods,81,Trinity-Bellwoods (81),D14,974
-8840213.60917133,5412260.02570393,3495903,932873,2006,2006/08/20 04:00:00+00,1543,COLLEGE ST,CLINTON ST,,Major Arterial,Toronto and East York,11,43.655345,-79.41299,Mid-Block,At Intersection,No Control,Clear,Daylight,Dry,Non-Fatal Injury,Cyclist Collisions,Driver,40 to 44,None,,West,"Automobile, Station Wagon",Parked,Other,Normal,,,,,,,,Yes,Yes,,,,,Yes,,,,,,81,Trinity-Bellwoods,81,Trinity-Bellwoods (81),D14,975
-8826200.15507281,5417823.47960155,7873296,1379733,2013,2013/07/24 04:00:00+00,657,DANFORTH Ave,THORA Ave,,Major Arterial,Scarborough,20,43.691493,-79.287105,Intersection,,No Control,Clear,Daylight,Dry,Non-Fatal Injury,Cyclist Collisions,Driver,60 to 64,None,,South,"Automobile, Station Wagon",Turning Right,Failed to Yield Right of Way,Normal,,,,,,,,Yes,Yes,,,,,,,Yes,,,,121,Oakridge,121,Oakridge (121),D41,976
-8839857.38680079,5413214.01511645,7448153,1308147,2012,2012/07/06 04:00:00+00,1720,BATHURST ST,HARBORD ST,,Major Arterial,Toronto and East York,11,43.661545,-79.40979,Intersection,At Intersection,Traffic Signal,Clear,Daylight,Dry,Non-Fatal Injury,Cyclist Collisions,Driver,25 to 29,None,,South,"Automobile, Station Wagon",Going Ahead,Driving Properly,Normal,,,,,,,,Yes,Yes,,,,,,,,,,,80,Palmerston-Little Italy,80,Palmerston-Little Italy (80),D14,977
-8839857.38680079,5413214.01511645,7448154,1308147,2012,2012/07/06 04:00:00+00,1720,BATHURST ST,HARBORD ST,,Major Arterial,Toronto and East York,11,43.661545,-79.40979,Intersection,At Intersection,Traffic Signal,Clear,Daylight,Dry,Non-Fatal Injury,Cyclist Collisions,Cyclist,25 to 29,Major,,North,Bicycle,Turning Left,,,,,,Cyclist turned left across motorists path.,Disobeyed Traffic Control,Unknown,,Yes,Yes,,,,,,,,,,,80,Palmerston-Little Italy,80,Palmerston-Little Italy (80),D14,978