X,Y,INDEX_,ACCNUM,YEAR,DATE,TIME,STREET1,STREET2,OFFSET,ROAD_CLASS,DISTRICT,WARDNUM,LATITUDE,LONGITUDE,LOCCOORD,ACCLOC,TRAFFCTL,VISIBILITY,LIGHT,RDSFCOND,ACCLASS,IMPACTYPE,INVTYPE,INVAGE,INJURY,FATAL_NO,INITDIR,VEHTYPE,MANOEUVER,DRIVACT,DRIVCOND,PEDTYPE,PEDACT,PEDCOND,CYCLISTYPE,CYCACT,CYCCOND,PEDESTRIAN,CYCLIST,AUTOMOBILE,MOTORCYCLE,TRUCK,TRSN_CITY_VEH,EMERG_VEH,PASSENGER,SPEEDING,AG_DRIV,REDLIGHT,ALCOHOL,DISABILITY,HOOD_158,NEIGHBOURHOOD_158,HOOD_140,NEIGHBOURHOOD_140,DIVISION,ObjectId
-8837185.71902175,5412152.32341019,7448747,1308396,2012,2012/07/10 04:00:00+00,1740,CHESTNUT ST,DUNDAS ST W,,Collector,Toronto and East York,10,43.654645,-79.38579,Mid-Block,,No Control,Clear,Daylight,Dry,Non-Fatal Injury,Cyclist Collisions,Vehicle Owner,unknown,,,,Other,,,,,,,,,,,Yes,Yes,,,,,,,,,,,170,Yonge-Bay Corridor,76,Bay Street Corridor (76),D52,979
-8837185.71902175,5412152.32341019,7448748,1308396,2012,2012/07/10 04:00:00+00,1740,CHESTNUT ST,DUNDAS ST W,,Collector,Toronto and East York,10,43.654645,-79.38579,Mid-Block,,No Control,Clear,Daylight,Dry,Non-Fatal Injury,Cyclist Collisions,Driver,45 to 49,None,,North,"Automobile, Station Wagon",Parked,Other,Inattentive,,,,,,,,Yes,Yes,,,,,,,,,,,170,Yonge-Bay Corridor,76,Bay Street Corridor (76),D52,980
-8837185.71902175,5412152.32341019,7448749,1308396,2012,2012/07/10 04:00:00+00,1740,CHESTNUT ST,DUNDAS ST W,,Collector,Toronto and East York,10,43.654645,-79.38579,Mid-Block,,No Control,Clear,Daylight,Dry,Non-Fatal Injury,Cyclist Collisions,Cyclist,45 to 49,Major,,North,Bicycle,Going Ahead,,,,,,Cyclist struck opened vehicle door,Driving Properly,Normal,,Yes,Yes,,,,,,,,,,,170,Yonge-Bay Corridor,76,Bay Street Corridor (76),D52,981
-8857167.56761914,5424869.87278823,7454958,1311042,2012,2012/07/13 04:00:00+00,640,ALBION RD,ISLINGTON AVE,,Major Arterial,Etobicoke York,1,43.737245,-79.56529,Intersection,At Intersection,Traffic Signal,Clear,Daylight,Dry,Non-Fatal Injury,Cyclist Collisions,Driver,75 to 79,None,,South,"Automobile, Station Wagon",Going Ahead,Failed to Yield Right of Way,Normal,,,,,,,,Yes,Yes,,,,,,,Yes,,,,3,Thistletown-Beaumond Heights,3,Thistletown-Beaumond Heights (3),D23,982
-8857167.56761914,5424869.87278823,7454959,1311042,2012,2012/07/13 04:00:00+00,640,ALBION RD,ISLINGTON AVE,,Major Arterial,Etobicoke York,1,43.737245,-79.56529,Intersection,At Intersection,Traffic Signal,Clear,Daylight,Dry,Non-Fatal Injury,Cyclist Collisions,Cyclist,35 to 39,Major,,West,Bicycle,Going Ahead,,,,,,"Motorist without ROW drives into path of cyclist at inter, lnwy, dwy-Driver not turn.",Driving Properly,Normal,,Yes,Yes,,,,,,,Yes,,,,3,Thistletown-Beaumond Heights,3,Thistletown-Beaumond Heights (3),D23,983
-8827745.82620248,5431512.75063571,7542311,1314053,2012,2012/07/18 04:00:00+00,1815,3495 SHEPPARD AVE E,,,Major Arterial,Scarborough,22,43.780345,-79.30099,Mid-Block,,No Control,Clear,Daylight,Dry,Non-Fatal Injury,Cyclist Collisions,Driver,20 to 24,None,,East,"Automobile, Station Wagon",Turning Right,Failed to Yield Right of Way,Inattentive,,,,,,,,Yes,Yes,,,,,,,Yes,,,,118,Tam O'Shanter-Sullivan,118,Tam O'Shanter-Sullivan (118),D42,984
-8827745.82620248,5431512.75063571,7542312,1314053,2012,2012/07/18 04:00:00+00,1815,3495 SHEPPARD AVE E,,,Major Arterial,Scarborough,22,43.780345,-79.30099,Mid-Block,,No Control,Clear,Daylight,Dry,Non-Fatal Injury,Cyclist Collisions,Cyclist,15 to 19,Major,,East,Bicycle,Going Ahead,,,,,,"Motorist turns right at non-signal Inter.(stop, yield, no cont.,and dwy) and strikes cyclist.",Driving Properly,Normal,,Yes,Yes,,,,,,,Yes,,,,118,Tam O'Shanter-Sullivan,118,Tam O'Shanter-Sullivan (118),D42,985
-8836963.08004016,5413444.83380688,7456219,1311577,2012,2012/07/23 04:00:00+00,824,YONGE ST,GROSVENOR ST,,Major Arterial,Toronto and East York,13,43.663045,-79.38379,Intersection,At Intersection,Traffic Signal,Clear,Daylight,Dry,Non-Fatal Injury,Cyclist Collisions,Driver,50 to 54,Minimal,,East,"Automobile, Station Wagon",Turning Left,Driving Properly,Normal,,,,,,,,Yes,Yes,,,,,,,,,,,167,Church-Wellesley,75,Church-Yonge Corridor (75),D51,986
-8836963.08004016,5413444.83380688,7456220,1311577,2012,2012/07/23 04:00:00+00,824,YONGE ST,GROSVENOR ST,,Major Arterial,Toronto and East York,13,43.663045,-79.38379,Intersection,At Intersection,Traffic Signal,Clear,Daylight,Dry,Non-Fatal Injury,Cyclist Collisions,Cyclist,25 to 29,Major,,North,Bicycle,Going Ahead,,,,,,Motorist turned left across cyclists path.,Disobeyed Traffic Control,Inattentive,,Yes,Yes,,,,,,,,,,,167,Church-Wellesley,75,Church-Yonge Corridor (75),D51,987
-8826200.15507281,5417823.47960155,7873297,1379733,2013,2013/07/24 04:00:00+00,657,DANFORTH Ave,THORA Ave,,Major Arterial,Scarborough,20,43.691493,-79.287105,Intersection,,No Control,Clear,Daylight,Dry,Non-Fatal Injury,Cyclist Collisions,Cyclist,25 to 29,Major,,West,Bicycle,Going Ahead,,,,,,"Motorist turns right at non-signal Inter.(stop, yield, no cont.,and dwy) and strikes cyclist.",Other,Normal,,Yes,Yes,,,,,,,Yes,,,,121,Oakridge,121,Oakridge (121),D41,988
-8837796.52906773,5410423.56567991,7875093,1380543,2013,2013/07/24 04:00:00+00,1845,FRONT ST W,BLUE JAYS WAY,,Minor Arterial,Toronto and East York,10,43.643408,-79.391277,Intersection,,Traffic Signal,Clear,Daylight,Dry,Non-Fatal Injury,Cyclist Collisions,Driver,35 to 39,None,,West,"Automobile, Station Wagon",Turning Left,Failed to Yield Right of Way,Normal,,,,,,,,Yes,Yes,,,,,,,Yes,,,,165,Harbourfront-CityPlace,77,Waterfront Communities-The Island (77),D52,989
-8837796.52906773,5410423.56567991,7875094,1380543,2013,2013/07/24 04:00:00+00,1845,FRONT ST W,BLUE JAYS WAY,,Minor Arterial,Toronto and East York,10,43.643408,-79.391277,Intersection,,Traffic Signal,Clear,Daylight,Dry,Non-Fatal Injury,Cyclist Collisions,Cyclist,25 to 29,Major,,East,Bicycle,Going Ahead,,,,,,Motorist turned left across cyclists path.,Driving Properly,Unknown,,Yes,Yes,,,,,,,Yes,,,,165,Harbourfront-CityPlace,77,Waterfront Communities-The Island (77),D52,990
-8850778.94204252,5410284.04225133,7874117,1380106,2013,2013/07/25 04:00:00+00,820,GLENROY Ave,HUMBERVALE Blvd,,Local,Etobicoke York,3,43.642501,-79.5079,Intersection,At Intersection,Stop Sign,Clear,Daylight,Dry,Non-Fatal Injury,Cyclist Collisions,Driver,50 to 54,None,,West,"Automobile, Station Wagon",Going Ahead,Driving Properly,Normal,,,,,,,,Yes,Yes,,,,,,,,,,,16,Stonegate-Queensway,16,Stonegate-Queensway (16),D22,991
-8850778.94204252,5410284.04225133,7874118,1380106,2013,2013/07/25 04:00:00+00,820,GLENROY Ave,HUMBERVALE Blvd,,Local,Etobicoke York,3,43.642501,-79.5079,Intersection,At Intersection,Stop Sign,Clear,Daylight,Dry,Non-Fatal Injury,Cyclist Collisions,Cyclist,15 to 19,Major,,South,Bicycle,Going Ahead,,,,,,"Cyclist without ROW rides into path of motorist at inter, lnwy, dwy-Cyclist not turn.",Failed to Yield Right of Way,Inattentive,,Yes,Yes,,,,,,,,,,,16,Stonegate-Queensway,16,Stonegate-Queensway (16),D22,992
-8830303.94810091,5413696.89440439,7875283,1380620,2013,2013/07/28 04:00:00+00,1840,QUEEN St E,VANCOUVER Ave,,Minor Arterial,Toronto and East York,14,43.664683,-79.32397,Intersection,At Intersection,No Control,Clear,Daylight,Dry,Non-Fatal Injury,Cyclist Collisions,Vehicle Owner,unknown,,,,Other,,,,,,,,,,,Yes,Yes,,,,,,,,,,,65,Greenwood-Coxwell,65,Greenwood-Coxwell (65),D55,993
-8830303.94810091,5413696.89440439,7875284,1380620,2013,2013/07/28 04:00:00+00,1840,QUEEN St E,VANCOUVER Ave,,Minor Arterial,Toronto and East York,14,43.664683,-79.32397,Intersection,At Intersection,No Control,Clear,Daylight,Dry,Non-Fatal Injury,Cyclist Collisions,Driver,25 to 29,None,,West,"Automobile, Station Wagon",Going Ahead,Driving Properly,Normal,,,,,,,,Yes,Yes,,,,,,,,,,,65,Greenwood-Coxwell,65,Greenwood-Coxwell (65),D55,994
-8830303.94810091,5413696.89440439,7875285,1380620,2013,2013/07/28 04:00:00+00,1840,QUEEN St E,VANCOUVER Ave,,Minor Arterial,Toronto and East York,14,43.664683,-79.32397,Intersection,At Intersection,No Control,Clear,Daylight,Dry,Non-Fatal Injury,Cyclist Collisions,Vehicle Owner,unknown,,,,Other,,,,,,,,,,,Yes,Yes,,,,,,,,,,,65,Greenwood-Coxwell,65,Greenwood-Coxwell (65),D55,995
-8830303.94810091,5413696.89440439,7875286,1380620,2013,2013/07/28 04:00:00+00,1840,QUEEN St E,VANCOUVER Ave,,Minor Arterial,Toronto and East York,14,43.664683,-79.32397,Intersection,At Intersection,No Control,Clear,Daylight,Dry,Non-Fatal Injury,Cyclist Collisions,Driver,35 to 39,None,,West,"Automobile, Station Wagon",Parked,Other,Inattentive,,,,,,,,Yes,Yes,,,,,,,,,,,65,Greenwood-Coxwell,65,Greenwood-Coxwell (65),D55,996
-8830303.94810091,5413696.89440439,7875287,1380620,2013,2013/07/28 04:00:00+00,1840,QUEEN St E,VANCOUVER Ave,,Minor Arterial,Toronto and East York,14,43.664683,-79.32397,Intersection,At Intersection,No Control,Clear,Daylight,Dry,Non-Fatal Injury,Cyclist Collisions,Cyclist,40 to 44,Major,,West,Bicycle,Going Ahead,,,,,,Cyclist struck opened vehicle door,Driving Properly,Normal,,Yes,Yes,,,,,,,,,,,65,Greenwood-Coxwell,65,Greenwood-Coxwell (65),D55,997
-8858232.33854858,5429044.46302585,7876444,1381080,2013,2013/08/01 04:00:00+00,1943,STEELES AVE W,ISLINGTON AVE,,Major Arterial,Etobicoke York,7,43.764334,-79.574855,Intersection,At Intersection,Traffic Signal,Clear,Dusk,Dry,Non-Fatal Injury,Cyclist Collisions,Driver,55 to 59,None,,North,"Automobile, Station Wagon",Turning Left,Failed to Yield Right of Way,Normal,,,,,,,,Yes,Yes,,,,,,,Yes,,,,21,Humber Summit,21,Humber Summit (21),D31,998
-8858232.33854858,5429044.46302585,7876445,1381080,2013,2013/08/01 04:00:00+00,1943,STEELES AVE W,ISLINGTON AVE,,Major Arterial,Etobicoke York,7,43.764334,-79.574855,Intersection,At Intersection,Traffic Signal,Clear,Dusk,Dry,Non-Fatal Injury,Cyclist Collisions,Cyclist,50 to 54,Major,,South,Bicycle,Going Ahead,,,,,,Motorist turned left across cyclists path.,Other,Normal,,Yes,Yes,,,,,,,Yes,,,,21,Humber Summit,21,Humber Summit (21),D31,999
-8837976.08740638,5415245.41755942,7848846,1369145,2013,2013/08/02 04:00:00+00,1802,DAVENPORT Rd,BELMONT St,,Major Arterial,Toronto and East York,11,43.674745,-79.39289,Intersection,At Intersection,Traffic Signal,Clear,Daylight,Dry,Non-Fatal Injury,Cyclist Collisions,Driver,20 to 24,None,,North,"Automobile, Station Wagon",Going Ahead,Disobeyed Traffic Control,Normal,,,,,,,,Yes,Yes,,,,,,,Yes,Yes,,,95,Annex,95,Annex (95),D53,1000
-8841290.51392526,5412103.24235276,80790889,,2017,2017/12/20 05:00:00+00,1139,COLLEGE ST,OSSINGTON AVE,,Major Arterial,Toronto and East York,911,43.654326,-79.422664,Intersection,At Intersection,Traffic Signal,Other,Daylight,Other,Fatal,Cyclist Collisions,Truck Driver,50 to 54,None,,West,Truck (other),Going Ahead,Driving Properly,Unknown,,,,,,,,Yes,,,Yes,,,,,,,,,81,Trinity-Bellwoods,81,Trinity-Bellwoods (81),D14,1001
-8844666.50012255,5433115.61840755,80923405,,2018,2018/01/22 05:00:00+00,1130,THURMAN  RD,STEELES  AVE W,,Major Arterial,North York,6,43.79074,-79.452991,Intersection,At Intersection,Traffic Signal,Rain,Daylight,Wet,Non-Fatal Injury,Cyclist Collisions,Cyclist,65 to 69,Major,,North,Bicycle,Going Ahead,,,,,,Motorist turned left across cyclists path.,Driving Properly,Normal,,Yes,Yes,,,,,,,Yes,,,,35,Westminster-Branson,35,Westminster-Branson (35),D32,1002
-8844666.50012255,5433115.61840755,80923406,,2018,2018/01/22 05:00:00+00,1130,THURMAN  RD,STEELES  AVE W,,Major Arterial,North York,6,43.79074,-79.452991,Intersection,At Intersection,Traffic Signal,Rain,Daylight,Wet,Non-Fatal Injury,Cyclist Collisions,Driver,80 to 84,None,,South,"Automobile, Station Wagon",Turning Left,Failed to Yield Right of Way,Inattentive,,,,,,,,Yes,Yes,,,,,,,Yes,,,,35,Westminster-Branson,35,Westminster-Branson (35),D32,1003
-8834934.39363995,5419362.22431109,80937623,,2018,2018/01/22 05:00:00+00,1525,HANNA RD,SUTHERLAND DR,,Local,North York,15,43.701487,-79.365566,Intersection,At Intersection,Stop Sign,Rain,Daylight,Wet,Non-Fatal Injury,Cyclist Collisions,Driver,40 to 44,None,,East,"Automobile, Station Wagon",Going Ahead,Other,Normal,,,,,,,,Yes,Yes,,,,,,,,,,,56,Leaside-Bennington,56,Leaside-Bennington (56),D53,1004
-8834934.39363995,5419362.22431109,80937624,,2018,2018/01/22 05:00:00+00,1525,HANNA RD,SUTHERLAND DR,,Local,North York,15,43.701487,-79.365566,Intersection,At Intersection,Stop Sign,Rain,Daylight,Wet,Non-Fatal Injury,Cyclist Collisions,Cyclist,15 to 19,Major,,South,Bicycle,Going Ahead,,,,,,Insufficient information (to determine cyclist crash type).,Driving Properly,Other,,Yes,Yes,,,,,,,,,,,56,Leaside-Bennington,56,Leaside-Bennington (56),D53,1005
-8847375.79388947,5417393.49603114,80926724,,2018,2018/02/03 05:00:00+00,1525,8 HERTFORD AVE,,30 m North of,Local,Etobicoke York,5,43.6887,-79.477329,Mid-Block,Non Intersection,No Control,Clear,"Daylight, artificial",Dry,Non-Fatal Injury,Cyclist Collisions,Other,unknown,None,,West,,Parked,,,,,,,,,,Yes,,,,,,,,,,,,110,Keelesdale-Eglinton West,110,Keelesdale-Eglinton West (110),D12,1006
-8847375.79388947,5417393.49603114,81514422,,2018,2018/02/03 05:00:00+00,1525,8 HERTFORD AVE,,30 m North of,Local,Etobicoke York,5,43.6887,-79.477329,Mid-Block,Non Intersection,No Control,Clear,"Daylight, artificial",Dry,Non-Fatal Injury,Cyclist Collisions,Cyclist,15 to 19,Major,,West,Bicycle,Going Ahead,,,,,,Cyclist strikes a parked vehicle.,Lost control,Normal,,Yes,,,,,,,,,,,,110,Keelesdale-Eglinton West,110,Keelesdale-Eglinton West (110),D12,1007
-8855984.24143201,5416909.03799508,80913986,,2018,2018/04/13 04:00:00+00,1918,THE WESTWAY,KIPLING AVE,11 m South of,Major Arterial,Etobicoke York,2,43.685553,-79.55466,Intersection,At Intersection,Traffic Signal,Rain,"Dark, artificial",Wet,Non-Fatal Injury,Cyclist Collisions,Driver,50 to 54,None,,North,"Automobile, Station Wagon",Going Ahead,Driving Properly,Normal,,,,,,,,Yes,Yes,,,,,,,,,,,7,Willowridge-Martingrove-Richview,7,Willowridge-Martingrove-Richview (7),D23,1008
-8855984.24143201,5416909.03799508,80913987,,2018,2018/04/13 04:00:00+00,1918,THE WESTWAY,KIPLING AVE,11 m South of,Major Arterial,Etobicoke York,2,43.685553,-79.55466,Intersection,At Intersection,Traffic Signal,Rain,"Dark, artificial",Wet,Non-Fatal Injury,Cyclist Collisions,Cyclist,20 to 24,Major,,East,Bicycle,Turning Left,,,,,,Cyclist turned left across motorists path.,Disobeyed Traffic Control,Normal,,Yes,Yes,,,,,,,,,,,7,Willowridge-Martingrove-Richview,7,Willowridge-Martingrove-Richview (7),D23,1009
-8845322.17192332,5409546.92586744,80941372,,2018,2018/05/15 04:00:00+00,1558,LAKE SHORE BV W,COLBORNE LODGE DR,,Major Arterial,Toronto and East York,4,43.637709,-79.458881,Intersection,At Intersection,Traffic Signal,Clear,Daylight,Dry,Fatal,Cyclist Collisions,Driver,25 to 29,None,,East,"Automobile, Station Wagon",Going Ahead,Disobeyed Traffic Control,Inattentive,,,,,,,,Yes,Yes,,,,,,,Yes,Yes,,,85,South Parkdale,85,South Parkdale (85),D11,1010
-8845322.17192332,5409546.92586744,80941373,,2018,2018/05/15 04:00:00+00,1558,LAKE SHORE BV W,COLBORNE LODGE DR,,Major Arterial,Toronto and East York,4,43.637709,-79.458881,Intersection,At Intersection,Traffic Signal,Clear,Daylight,Dry,Fatal,Cyclist Collisions,Cyclist,35 to 39,Fatal,30,South,Bicycle,Going Ahead,,,,,,"Motorist without ROW drives into path of cyclist at inter, lnwy, dwy-Driver not turn.",Driving Properly,Normal,,Yes,Yes,,,,,,,Yes,Yes,,,85,South Parkdale,85,South Parkdale (85),D11,1011
-8835786.2103835,5412000.00373809,80942711,,2018,2018/05/16 04:00:00+00,55,QUEEN ST E,JARVIS ST,,Major Arterial,Toronto and East York,13,43.653655,-79.373218,Intersection,At Intersection,Traffic Signal,Clear,"Dark, artificial",Dry,Non-Fatal Injury,Cyclist Collisions,Driver,55 to 59,None,,East,Intercity Bus,Turning Right,Driving Properly,Normal,,,,,,,,Yes,,,,Yes,,,,,,,,73,Moss Park,73,Moss Park (73),D51,1012
-8835786.2103835,5412000.00373809,80942712,,2018,2018/05/16 04:00:00+00,55,QUEEN ST E,JARVIS ST,,Major Arterial,Toronto and East York,13,43.653655,-79.373218,Intersection,At Intersection,Traffic Signal,Clear,"Dark, artificial",Dry,Non-Fatal Injury,Cyclist Collisions,Cyclist,30 to 34,Major,,West,Bicycle,Going Ahead,,,,,,"Cyclist without ROW rides into path of motorist at inter, lnwy, dwy-Cyclist not turn.",Disobeyed Traffic Control,Unknown,,Yes,,,,Yes,,,,,,,,73,Moss Park,73,Moss Park (73),D51,1013
-8831451.31809252,5413914.64459677,80877084,,2018,2018/05/16 04:00:00+00,800,JONES AVE,DUNDAS ST E,,Minor Arterial,Toronto and East York,14,43.666098,-79.334277,Intersection,At Intersection,Traffic Signal,Clear,Daylight,Dry,Fatal,Cyclist Collisions,Truck Driver,25 to 29,None,,West,"Truck - Closed (Blazer, etc)",Turning Right,Failed to Yield Right of Way,Normal,,,,,,,,Yes,,,Yes,,,,,Yes,,,,70,South Riverdale,70,South Riverdale (70),D55,1014
-8831451.31809252,5413914.64459677,80943473,,2018,2018/05/16 04:00:00+00,800,JONES AVE,DUNDAS ST E,,Minor Arterial,Toronto and East York,14,43.666098,-79.334277,Intersection,At Intersection,Traffic Signal,Clear,Daylight,Dry,Fatal,Cyclist Collisions,Cyclist,50 to 54,Fatal,25,West,Bicycle,Going Ahead,,,,,,Motorist turning right on green or amber at signalized intersection strikes cyclist.,Driving Properly,Normal,,Yes,,,Yes,,,,,Yes,,,,70,South Riverdale,70,South Riverdale (70),D55,1015
-8844687.76214529,5412784.0922103,80943244,,2018,2018/05/22 04:00:00+00,1552,DUNDAS ST W,CHELSEA AVE,73 m North of,Minor Arterial,Toronto and East York,4,43.658751,-79.453182,Mid-Block,Non Intersection,No Control,Clear,Daylight,Dry,Non-Fatal Injury,Cyclist Collisions,Passenger,65 to 69,None,,,,,,,,,,,,,,Yes,Yes,,,,,Yes,,,,,,88,High Park North,88,High Park North (88),D11,1016
-8844687.76214529,5412784.0922103,80943245,,2018,2018/05/22 04:00:00+00,1552,DUNDAS ST W,CHELSEA AVE,73 m North of,Minor Arterial,Toronto and East York,4,43.658751,-79.453182,Mid-Block,Non Intersection,No Control,Clear,Daylight,Dry,Non-Fatal Injury,Cyclist Collisions,Driver,60 to 64,None,,North,"Automobile, Station Wagon",Going Ahead,Driving Properly,Normal,,,,,,,,Yes,Yes,,,,,Yes,,,,,,88,High Park North,88,High Park North (88),D11,1017
-8844687.76214529,5412784.0922103,80943246,,2018,2018/05/22 04:00:00+00,1552,DUNDAS ST W,CHELSEA AVE,73 m North of,Minor Arterial,Toronto and East York,4,43.658751,-79.453182,Mid-Block,Non Intersection,No Control,Clear,Daylight,Dry,Non-Fatal Injury,Cyclist Collisions,Cyclist,50 to 54,Major,,South,Bicycle,Turning Left,,,,,,Cyclist turned left across motorists path.,Improper Turn,Unknown,,Yes,Yes,,,,,Yes,,,,,,88,High Park North,88,High Park North (88),D11,1018
-8834918.25231378,5410677.08221791,80943569,,2018,2018/05/29 04:00:00+00,1700,QUEENS QUAY E,DOCKSIDE  DR,,Minor Arterial,Toronto and East York,10,43.645056,-79.365421,Intersection,At Intersection,Traffic Signal,Clear,Daylight,Dry,Non-Fatal Injury,Cyclist Collisions,Driver,35 to 39,None,,East,"Automobile, Station Wagon",Turning Right,Failed to Yield Right of Way,Normal,,,,,,,,Yes,Yes,,,,,,,Yes,,,,166,St Lawrence-East Bayfront-The Islands,77,Waterfront Communities-The Island (77),D51,1019
-8834918.25231378,5410677.08221791,80943570,,2018,2018/05/29 04:00:00+00,1700,QUEENS QUAY E,DOCKSIDE  DR,,Minor Arterial,Toronto and East York,10,43.645056,-79.365421,Intersection,At Intersection,Traffic Signal,Clear,Daylight,Dry,Non-Fatal Injury,Cyclist Collisions,Cyclist,25 to 29,Major,,West,Bicycle,Going Ahead,,,,,,Motorist turning right on green or amber at signalized intersection strikes cyclist.,Driving Properly,Normal,,Yes,Yes,,,,,,,Yes,,,,166,St Lawrence-East Bayfront-The Islands,77,Waterfront Communities-The Island (77),D51,1020
-8828949.30121745,5416570.22496478,80944297,,2018,2018/05/30 04:00:00+00,2103,WOODBINE AVE,MERRILL AVE E,,Major Arterial,Toronto and East York,19,43.683352,-79.311801,Intersection,At Intersection,No Control,Clear,"Dark, artificial",Dry,Non-Fatal Injury,Cyclist Collisions,Cyclist,20 to 24,Major,,South,Bicycle,Going Ahead,,,,,,"Cyclist without ROW rides into path of motorist at inter, lnwy, dwy-Cyclist not turn.",Speed too Fast For Condition,Normal,,Yes,Yes,,,,,,,,,,,62,East End-Danforth,62,East End-Danforth (62),D55,1021
-8828949.30121745,5416570.22496478,80944298,,2018,2018/05/30 04:00:00+00,2103,WOODBINE AVE,MERRILL AVE E,,Major Arterial,Toronto and East York,19,43.683352,-79.311801,Intersection,At Intersection,No Control,Clear,"Dark, artificial",Dry,Non-Fatal Injury,Cyclist Collisions,Driver,30 to 34,None,,North,"Automobile, Station Wagon",Turning Left,Driving Properly,Normal,,,,,,,,Yes,Yes,,,,,,,,,,,62,East End-Danforth,62,East End-Danforth (62),D55,1022
-8845311.93053017,5415243.262805,80944723,,2018,2018/06/07 04:00:00+00,2128,BLACKTHORN AVE,ST CLAIR AVE W,33 m North of,Local,Etobicoke York,9,43.674731,-79.458789,Mid-Block,Non Intersection,No Control,Clear,"Dark, artificial",Dry,Non-Fatal Injury,Cyclist Collisions,Driver,50 to 54,Minor,,South,Pick Up Truck,Turning Left,Other,Normal,,,,,,,,Yes,Yes,,,,,,,,,,,91,Weston-Pelham Park,91,Weston-Pellam Park (91),D12,1023
-8845311.93053017,5415243.262805,80944724,,2018,2018/06/07 04:00:00+00,2128,BLACKTHORN AVE,ST CLAIR AVE W,33 m North of,Local,Etobicoke York,9,43.674731,-79.458789,Mid-Block,Non Intersection,No Control,Clear,"Dark, artificial",Dry,Non-Fatal Injury,Cyclist Collisions,Cyclist,55 to 59,Major,,North,Bicycle,Going Ahead,,,,,,Motorist turned left across cyclists path.,Other,Unknown,,Yes,Yes,,,,,,,,,,,91,Weston-Pelham Park,91,Weston-Pellam Park (91),D12,1024
-8849217.0182672,5404576.61669866,80948087,,2018,2018/06/11 04:00:00+00,1700,ROYAL YORK  RD,DARTMOUTH  CRES,,Minor Arterial,Etobicoke York,3,43.605387,-79.493869,Mid-Block,Non Intersection,No Control,Clear,Daylight,Dry,Non-Fatal Injury,Cyclist Collisions,Motorcycle Driver,unknown,None,,South,Motorcycle,Going Ahead,Failed to Yield Right of Way,Unknown,,,,,,,,Yes,,Yes,,,,,,Yes,,,,160,Mimico-Queensway,17,Mimico (includes Humber Bay Shores) (17),D22,1025
-8849217.0182672,5404576.61669866,80948088,,2018,2018/06/11 04:00:00+00,1700,ROYAL YORK  RD,DARTMOUTH  CRES,,Minor Arterial,Etobicoke York,3,43.605387,-79.493869,Mid-Block,Non Intersection,No Control,Clear,Daylight,Dry,Non-Fatal Injury,Cyclist Collisions,Cyclist,25 to 29,Major,,South,Bicycle,Going Ahead,,,,,,Cyclist and Driver travelling in same direction. One vehicle rear-ended the other.,Driving Properly,Normal,,Yes,,Yes,,,,,,Yes,,,,160,Mimico-Queensway,17,Mimico (includes Humber Bay Shores) (17),D22,1026
-8838745.19376827,5414121.93523783,80944449,,2018,2018/06/12 04:00:00+00,1204,ST GEORGE ST,BLOOR ST W,,Major Arterial,Toronto and East York,11,43.667445,-79.399799,Intersection,At Intersection,Traffic Signal,Clear,Daylight,Dry,Fatal,Cyclist Collisions,Truck Driver,65 to 69,None,,North,Truck - Open,Turning Right,Other,Normal,,,,,,,,Yes,,,Yes,,,,,,,,,79,University,79,University (79),D52,1027
-8838745.19376827,5414121.93523783,80944450,,2018,2018/06/12 04:00:00+00,1204,ST GEORGE ST,BLOOR ST W,,Major Arterial,Toronto and East York,11,43.667445,-79.399799,Intersection,At Intersection,Traffic Signal,Clear,Daylight,Dry,Fatal,Cyclist Collisions,Cyclist,55 to 59,Fatal,32,South,Bicycle,Going Ahead,,,,,,Motorist turning right on green or amber at signalized intersection strikes cyclist.,Other,Unknown,,Yes,,,Yes,,,,,,,,,79,University,79,University (79),D52,1028
-8834513.04936729,5420064.24437742,80945253,,2018,2018/06/16 04:00:00+00,1550,LEA AVE,LAIRD DR,30 m West of,Major Arterial,North York,15,43.706046,-79.361781,Intersection,Intersection Related,No Control,Clear,Daylight,Dry,Non-Fatal Injury,Cyclist Collisions,Cyclist,20 to 24,Major,,North,Bicycle,Going Ahead,,,,,,"Cyclist without ROW rides into path of motorist at inter, lnwy, dwy-Cyclist not turn.",Failed to Yield Right of Way,Inattentive,,Yes,Yes,,,,,,,,,,,55,Thorncliffe Park,55,Thorncliffe Park (55),D53,1029
-8837976.08740638,5415245.41755942,7848847,1369145,2013,2013/08/02 04:00:00+00,1802,DAVENPORT Rd,BELMONT St,,Major Arterial,Toronto and East York,11,43.674745,-79.39289,Intersection,At Intersection,Traffic Signal,Clear,Daylight,Dry,Non-Fatal Injury,Cyclist Collisions,Cyclist,25 to 29,Major,,East,Bicycle,Going Ahead,,,,,,"Motorist without ROW drives into path of cyclist at inter, lnwy, dwy-Driver not turn.",Driving Properly,Normal,,Yes,Yes,,,,,,,Yes,Yes,,,95,Annex,95,Annex (95),D53,1030