X,Y,INDEX_,ACCNUM,YEAR,DATE,TIME,STREET1,STREET2,OFFSET,ROAD_CLASS,DISTRICT,WARDNUM,LATITUDE,LONGITUDE,LOCCOORD,ACCLOC,TRAFFCTL,VISIBILITY,LIGHT,RDSFCOND,ACCLASS,IMPACTYPE,INVTYPE,INVAGE,INJURY,FATAL_NO,INITDIR,VEHTYPE,MANOEUVER,DRIVACT,DRIVCOND,PEDTYPE,PEDACT,PEDCOND,CYCLISTYPE,CYCACT,CYCCOND,PEDESTRIAN,CYCLIST,AUTOMOBILE,MOTORCYCLE,TRUCK,TRSN_CITY_VEH,EMERG_VEH,PASSENGER,SPEEDING,AG_DRIV,REDLIGHT,ALCOHOL,DISABILITY,HOOD_158,NEIGHBOURHOOD_158,HOOD_140,NEIGHBOURHOOD_140,DIVISION,ObjectId
-8840577.95786469,5410614.93310273,81321924,,2019,2019/04/10 04:00:00+00,1515,QUEEN ST W,SHAW ST,30 m West of,Major Arterial,Toronto and East York,10,43.644652,-79.416263,Intersection,At Intersection,Traffic Signal,Clear,Daylight,Dry,Non-Fatal Injury,Cyclist Collisions,Driver,35 to 39,None,,East,"Automobile, Station Wagon",Changing Lanes,Improper Passing,Unknown,,,,,,,,Yes,Yes,,,,,,,Yes,,,,162,West Queen West,82,Niagara (82),D14,1031
-8834513.04936729,5420064.24437742,80945254,,2018,2018/06/16 04:00:00+00,1550,LEA AVE,LAIRD DR,30 m West of,Major Arterial,North York,15,43.706046,-79.361781,Intersection,Intersection Related,No Control,Clear,Daylight,Dry,Non-Fatal Injury,Cyclist Collisions,Driver,20 to 24,None,,West,"Automobile, Station Wagon",Going Ahead,Driving Properly,Normal,,,,,,,,Yes,Yes,,,,,,,,,,,55,Thorncliffe Park,55,Thorncliffe Park (55),D53,1032
-8832206.39819857,5415996.53401625,81164299,,2018,2018/06/28 04:00:00+00,2020,811 DANFORTH AVE,,,Major Arterial,Toronto and East York,14,43.679625,-79.34106,Mid-Block,At/Near Private Drive,No Control,Clear,Daylight,Dry,Non-Fatal Injury,Cyclist Collisions,Driver,35 to 39,Major,,West,"Automobile, Station Wagon",Turning Left,Improper Turn,Inattentive,,,,,,,,Yes,Yes,,,,,,,,,,,69,Blake-Jones,69,Blake-Jones (69),D55,1033
-8832206.39819857,5415996.53401625,81514424,,2018,2018/06/28 04:00:00+00,2020,811 DANFORTH AVE,,,Major Arterial,Toronto and East York,14,43.679625,-79.34106,Mid-Block,At/Near Private Drive,No Control,Clear,Daylight,Dry,Non-Fatal Injury,Cyclist Collisions,Cyclist,35 to 39,Major,,East,Bicycle,Going Ahead,,,,,,Motorist turned left across cyclists path.,Driving Properly,Normal,,Yes,Yes,,,,,,,,,,,69,Blake-Jones,69,Blake-Jones (69),D55,1034
-8829984.57248182,5430079.42617233,80946403,,2018,2018/06/28 04:00:00+00,2234,VICTORIA PARK AVE,FARMCREST  DR,1 m North of,Major Arterial,North York,1722,43.771048,-79.321101,Intersection,Intersection Related,No Control,Clear,"Dark, artificial",Dry,Non-Fatal Injury,Cyclist Collisions,Cyclist,55 to 59,Major,,North,Bicycle,Going Ahead,,,,,,Insufficient information (to determine cyclist crash type).,Lost control,Had Been Drinking,,Yes,,,,,,,,,,,,118,Tam O'Shanter-Sullivan,118,Tam O'Shanter-Sullivan (118),D42,1035
-8840144.81372602,5410736.46270356,81164324,,2018,2018/07/05 04:00:00+00,1030,917 QUEEN ST W,,,Major Arterial,Toronto and East York,10,43.645442,-79.412372,Mid-Block,Non Intersection,No Control,Clear,Daylight,Dry,Non-Fatal Injury,Cyclist Collisions,Driver,20 to 24,None,,East,Street Car,Going Ahead,Improper Lane Change,Unknown,,,,,,,,Yes,,,,Yes,,,,,,,,162,West Queen West,82,Niagara (82),D14,1036
-8840144.81372602,5410736.46270356,81164325,,2018,2018/07/05 04:00:00+00,1030,917 QUEEN ST W,,,Major Arterial,Toronto and East York,10,43.645442,-79.412372,Mid-Block,Non Intersection,No Control,Clear,Daylight,Dry,Non-Fatal Injury,Cyclist Collisions,Cyclist,50 to 54,Major,,East,Bicycle,Going Ahead,,,,,,Cyclist and Driver travelling in same direction. One vehicle sideswipes the other.,Driving Properly,Normal,,Yes,,,,Yes,,,,,,,,162,West Queen West,82,Niagara (82),D14,1037
-8834980.25727015,5412879.18438689,80949682,,2018,2018/07/16 04:00:00+00,1928,DUNDAS ST E,PARLIAMENT ST,,Major Arterial,Toronto and East York,13,43.659369,-79.365978,Intersection,At Intersection,Traffic Signal,Clear,Daylight,Dry,Non-Fatal Injury,Cyclist Collisions,Cyclist,35 to 39,Major,,South,Bicycle,Going Ahead,,,,,,"Cyclist without ROW rides into path of motorist at inter, lnwy, dwy-Cyclist not turn.",Disobeyed Traffic Control,Unknown,,Yes,Yes,,,,,,,,,,,72,Regent Park,72,Regent Park (72),D51,1038
-8834980.25727015,5412879.18438689,80949683,,2018,2018/07/16 04:00:00+00,1928,DUNDAS ST E,PARLIAMENT ST,,Major Arterial,Toronto and East York,13,43.659369,-79.365978,Intersection,At Intersection,Traffic Signal,Clear,Daylight,Dry,Non-Fatal Injury,Cyclist Collisions,Driver,55 to 59,None,,West,"Automobile, Station Wagon",Going Ahead,Driving Properly,Normal,,,,,,,,Yes,Yes,,,,,,,,,,,72,Regent Park,72,Regent Park (72),D51,1039
-8826215.40584305,5423270.90215979,80947015,,2018,2018/07/17 04:00:00+00,1506,WARDEN AVE,CIVIC RD,1 m West of,Major Arterial,Scarborough,20,43.726866,-79.287242,Intersection,At Intersection,Stop Sign,Clear,Daylight,Dry,Non-Fatal Injury,Cyclist Collisions,Cyclist,60 to 64,Major,,West,Bicycle,Turning Left,,,,,,Cyclist turned left across motorists path.,Improper Turn,Normal,,Yes,Yes,,,,,,,,,,,120,Clairlea-Birchmount,120,Clairlea-Birchmount (120),D41,1040
-8826215.40584305,5423270.90215979,80947016,,2018,2018/07/17 04:00:00+00,1506,WARDEN AVE,CIVIC RD,1 m West of,Major Arterial,Scarborough,20,43.726866,-79.287242,Intersection,At Intersection,Stop Sign,Clear,Daylight,Dry,Non-Fatal Injury,Cyclist Collisions,Driver,30 to 34,None,,North,"Automobile, Station Wagon",Going Ahead,Driving Properly,Normal,,,,,,,,Yes,Yes,,,,,,,,,,,120,Clairlea-Birchmount,120,Clairlea-Birchmount (120),D41,1041
-8809769.62087071,5431294.43061953,80164240,4000008445,2014,2014/06/17 04:00:00+00,1050,5450 LAWRENCE AVE E,,,Minor Arterial,Scarborough,25,43.778929,-79.139507,Mid-Block,At/Near Private Drive,No Control,Clear,Daylight,Dry,Non-Fatal Injury,Cyclist Collisions,Driver,70 to 74,None,,South,"Automobile, Station Wagon",Going Ahead,Failed to Yield Right of Way,Normal,,,,,,,,Yes,Yes,,,,,,,Yes,,,,133,Centennial Scarborough,133,Centennial Scarborough (133),D43,1042
-8842057.39389733,5414724.90506159,80975721,,2018,2018/07/26 04:00:00+00,1515,OSSINGTON  AVE,GEARY AVE,,Minor Arterial,Toronto and East York,912,43.671363,-79.429553,Intersection,At Intersection,No Control,Rain,"Daylight, artificial",Wet,Non-Fatal Injury,Cyclist Collisions,Driver,45 to 49,None,,North,"Automobile, Station Wagon",Turning Left,Failed to Yield Right of Way,Normal,,,,,,,,Yes,Yes,,,,,,,Yes,,,,94,Wychwood,94,Wychwood (94),D13,1043
-8842057.39389733,5414724.90506159,80975722,,2018,2018/07/26 04:00:00+00,1515,OSSINGTON  AVE,GEARY AVE,,Minor Arterial,Toronto and East York,912,43.671363,-79.429553,Intersection,At Intersection,No Control,Rain,"Daylight, artificial",Wet,Non-Fatal Injury,Cyclist Collisions,Cyclist,40 to 44,Major,,South,Bicycle,Going Ahead,,,,,,Motorist turned left across cyclists path.,Driving Properly,Normal,,Yes,Yes,,,,,,,Yes,,,,94,Wychwood,94,Wychwood (94),D13,1044
-8841559.684454,5413283.10623969,80972438,,2018,2018/08/02 04:00:00+00,1300,BLOOR ST W,OSSINGTON AVE,50 m East of,Major Arterial,Toronto and East York,11,43.661994,-79.425082,Mid-Block,Non Intersection,No Control,Clear,Daylight,Dry,Non-Fatal Injury,Cyclist Collisions,Driver,unknown,None,,West,Pick Up Truck,Pulling Onto Shoulder or towardCurb,Failed to Yield Right of Way,Normal,,,,,,,,Yes,Yes,,,,,,,Yes,,,,80,Palmerston-Little Italy,80,Palmerston-Little Italy (80),D14,1045
-8841559.684454,5413283.10623969,80972439,,2018,2018/08/02 04:00:00+00,1300,BLOOR ST W,OSSINGTON AVE,50 m East of,Major Arterial,Toronto and East York,11,43.661994,-79.425082,Mid-Block,Non Intersection,No Control,Clear,Daylight,Dry,Non-Fatal Injury,Cyclist Collisions,Cyclist,45 to 49,Major,,West,Bicycle,Going Ahead,,,,,,Cyclist and Driver travelling in same direction. One vehicle sideswipes the other.,Driving Properly,Normal,,Yes,Yes,,,,,,,Yes,,,,80,Palmerston-Little Italy,80,Palmerston-Little Italy (80),D14,1046
-8844876.2260432,5417385.33685156,80948975,,2018,2018/08/12 04:00:00+00,1430,CHUDLEIGH RD,HARVIE AVE,,Local,Etobicoke York,9,43.688647,-79.454875,Intersection,At Intersection,Stop Sign,Clear,Daylight,Dry,Non-Fatal Injury,Cyclist Collisions,Cyclist,30 to 34,Major,,North,Bicycle,Going Ahead,,,,,,Motorist turned left across cyclists path.,Disobeyed Traffic Control,Normal,,Yes,Yes,,,,,,,,,,,109,Caledonia-Fairbank,109,Caledonia-Fairbank (109),D13,1047
-8844876.2260432,5417385.33685156,80948976,,2018,2018/08/12 04:00:00+00,1430,CHUDLEIGH RD,HARVIE AVE,,Local,Etobicoke York,9,43.688647,-79.454875,Intersection,At Intersection,Stop Sign,Clear,Daylight,Dry,Non-Fatal Injury,Cyclist Collisions,Driver,25 to 29,None,,West,"Automobile, Station Wagon",Turning Left,Driving Properly,Normal,,,,,,,,Yes,Yes,,,,,,,,,,,109,Caledonia-Fairbank,109,Caledonia-Fairbank (109),D13,1048
-8838890.35438427,5411776.29838791,80949211,,2018,2018/08/19 04:00:00+00,1543,DUNDAS ST W,AUGUSTA AVE,,Major Arterial,Toronto and East York,1110,43.652201,-79.401103,Intersection,Intersection Related,No Control,Clear,Daylight,Dry,Non-Fatal Injury,Cyclist Collisions,Driver,20 to 24,None,,East,"Automobile, Station Wagon",Changing Lanes,Improper Lane Change,Normal,,,,,,,,Yes,Yes,,,,,Yes,,,,,,78,Kensington-Chinatown,78,Kensington-Chinatown (78),D14,1049
-8838890.35438427,5411776.29838791,80949212,,2018,2018/08/19 04:00:00+00,1543,DUNDAS ST W,AUGUSTA AVE,,Major Arterial,Toronto and East York,1110,43.652201,-79.401103,Intersection,Intersection Related,No Control,Clear,Daylight,Dry,Non-Fatal Injury,Cyclist Collisions,Cyclist,65 to 69,Minor,,East,Bicycle,Going Ahead,,,,,,Cyclist and Driver travelling in same direction. One vehicle sideswipes the other.,Driving Properly,Normal,,Yes,Yes,,,,,Yes,,,,,,78,Kensington-Chinatown,78,Kensington-Chinatown (78),D14,1050
-8838890.35438427,5411776.29838791,80949213,,2018,2018/08/19 04:00:00+00,1543,DUNDAS ST W,AUGUSTA AVE,,Major Arterial,Toronto and East York,1110,43.652201,-79.401103,Intersection,Intersection Related,No Control,Clear,Daylight,Dry,Non-Fatal Injury,Cyclist Collisions,Passenger,20 to 24,None,,,,,,,,,,,,,,Yes,Yes,,,,,Yes,,,,,,78,Kensington-Chinatown,78,Kensington-Chinatown (78),D14,1051
-8838890.35438427,5411776.29838791,80949214,,2018,2018/08/19 04:00:00+00,1543,DUNDAS ST W,AUGUSTA AVE,,Major Arterial,Toronto and East York,1110,43.652201,-79.401103,Intersection,Intersection Related,No Control,Clear,Daylight,Dry,Non-Fatal Injury,Cyclist Collisions,Cyclist Passenger,60 to 64,Major,,,,,,,,,,,,,,Yes,Yes,,,,,Yes,,,,,,78,Kensington-Chinatown,78,Kensington-Chinatown (78),D14,1052
-8852565.84250873,5419711.76480834,80951002,,2018,2018/08/25 04:00:00+00,2300,CHURCH ST,CROSS ST,,Collector,Etobicoke York,5,43.703757,-79.523952,Intersection,At Intersection,No Control,Clear,"Dark, artificial",Dry,Non-Fatal Injury,Cyclist Collisions,Driver,45 to 49,None,,East,Passenger Van,Turning Left,Improper Turn,Inattentive,,,,,,,,Yes,Yes,,,,,,,,,,,113,Weston,113,Weston (113),D12,1053
-8852565.84250873,5419711.76480834,80951003,,2018,2018/08/25 04:00:00+00,2300,CHURCH ST,CROSS ST,,Collector,Etobicoke York,5,43.703757,-79.523952,Intersection,At Intersection,No Control,Clear,"Dark, artificial",Dry,Non-Fatal Injury,Cyclist Collisions,Cyclist,40 to 44,Major,,West,Bicycle,Going Ahead,,,,,,Motorist turned left across cyclists path.,Driving Properly,Normal,,Yes,Yes,,,,,,,,,,,113,Weston,113,Weston (113),D12,1054
-8845370.59590182,5423860.91301609,80951038,,2018,2018/09/06 04:00:00+00,1310,ANTHONY RD,NAJIB ABBOUD LANE,,Local,North York,6,43.730696,-79.459316,Mid-Block,Non Intersection,No Control,Clear,Daylight,Dry,Non-Fatal Injury,Cyclist Collisions,Cyclist,30 to 34,Major,,South,Bicycle,Going Ahead,,,,,,"Cyclist without ROW rides into path of motorist at inter, lnwy, dwy-Cyclist not turn.",Failed to Yield Right of Way,Inattentive,,Yes,Yes,,,,,Yes,,,,,,155,Downsview,26,Downsview-Roding-CFB (26),D32,1055
-8845370.59590182,5423860.91301609,80951039,,2018,2018/09/06 04:00:00+00,1310,ANTHONY RD,NAJIB ABBOUD LANE,,Local,North York,6,43.730696,-79.459316,Mid-Block,Non Intersection,No Control,Clear,Daylight,Dry,Non-Fatal Injury,Cyclist Collisions,Driver,30 to 34,None,,East,"Automobile, Station Wagon",Going Ahead,Driving Properly,Normal,,,,,,,,Yes,Yes,,,,,Yes,,,,,,155,Downsview,26,Downsview-Roding-CFB (26),D32,1056
-8845370.59590182,5423860.91301609,80951040,,2018,2018/09/06 04:00:00+00,1310,ANTHONY RD,NAJIB ABBOUD LANE,,Local,North York,6,43.730696,-79.459316,Mid-Block,Non Intersection,No Control,Clear,Daylight,Dry,Non-Fatal Injury,Cyclist Collisions,Passenger,45 to 49,None,,,,,,,,,,,,,,Yes,Yes,,,,,Yes,,,,,,155,Downsview,26,Downsview-Roding-CFB (26),D32,1057
-8823411.93578692,5437636.29742839,80950662,,2018,2018/09/10 04:00:00+00,1957,MIDDLEFIELD RD,MCNICOLL AVE,1 m North of,Minor Arterial,Scarborough,23,43.820048,-79.262058,Intersection,At Intersection,Traffic Signal,Rain,"Dusk, artificial",Wet,Non-Fatal Injury,Cyclist Collisions,Cyclist,55 to 59,Major,,West,Bicycle,Going Ahead,,,,,,"Cyclist without ROW rides into path of motorist at inter, lnwy, dwy-Cyclist not turn.",Disobeyed Traffic Control,Unknown,,Yes,Yes,,,,,,,,,,,130,Milliken,130,Milliken (130),D42,1058
-8823411.93578692,5437636.29742839,80950663,,2018,2018/09/10 04:00:00+00,1957,MIDDLEFIELD RD,MCNICOLL AVE,1 m North of,Minor Arterial,Scarborough,23,43.820048,-79.262058,Intersection,At Intersection,Traffic Signal,Rain,"Dusk, artificial",Wet,Non-Fatal Injury,Cyclist Collisions,Driver,25 to 29,None,,South,"Automobile, Station Wagon",Going Ahead,Driving Properly,Normal,,,,,,,,Yes,Yes,,,,,,,,,,,130,Milliken,130,Milliken (130),D42,1059
-8843215.89583802,5411582.13761192,80503246,,2016,2016/03/20 04:00:00+00,344,COLLEGE ST,LANSDOWNE AVE,,Minor Arterial,Toronto and East York,9,43.650939,-79.43996,Intersection,At Intersection,Traffic Signal,Clear,"Dark, artificial",Dry,Non-Fatal Injury,Cyclist Collisions,Passenger,40 to 44,None,,,,,,,,,,,,,,Yes,Yes,,,,,Yes,,Yes,,,,83,Dufferin Grove,83,Dufferin Grove (83),D11,1060
-8843022.19992404,5413952.1935587,81472819,,2018,2018/09/15 04:00:00+00,50,DUFFERIN ST,LAPPIN AVE,8 m East of,Major Arterial,Toronto and East York,9,43.666342,-79.43822,Intersection,Intersection Related,No Control,Clear,"Dark, artificial",Dry,Non-Fatal Injury,Cyclist Collisions,Driver,45 to 49,None,,North,"Automobile, Station Wagon",Making U Turn,Improper Turn,Normal,,,,,,,,Yes,Yes,,,,,,,,,,,171,Junction-Wallace Emerson,93,Dovercourt-Wallace Emerson-Junction (93),D11,1061
-8834031.59256961,5427362.4718107,81454092,,2019,2019/12/14 05:00:00+00,1705,YORK MILLS RD,SCARSDALE RD,,Major Arterial,North York,16,43.753421,-79.357456,Intersection,At Intersection,Traffic Signal,Rain,"Dark, artificial",Wet,Non-Fatal Injury,Cyclist Collisions,Driver,50 to 54,None,,South,"Automobile, Station Wagon",Turning Right,Failed to Yield Right of Way,Normal,,,,,,,,Yes,Yes,,,,,,,Yes,,,,42,Banbury-Don Mills,42,Banbury-Don Mills (42),D33,1062
-8843022.19992404,5413952.1935587,81472820,,2018,2018/09/15 04:00:00+00,50,DUFFERIN ST,LAPPIN AVE,8 m East of,Major Arterial,Toronto and East York,9,43.666342,-79.43822,Intersection,Intersection Related,No Control,Clear,"Dark, artificial",Dry,Non-Fatal Injury,Cyclist Collisions,Cyclist,45 to 49,Major,,North,Bicycle,Going Ahead,,,,,,Motorist makes u-turn in-front of cyclist.,Driving Properly,Normal,,Yes,Yes,,,,,,,,,,,171,Junction-Wallace Emerson,93,Dovercourt-Wallace Emerson-Junction (93),D11,1063
-8843022.19992404,5413952.1935587,81472821,,2018,2018/09/15 04:00:00+00,50,DUFFERIN ST,LAPPIN AVE,8 m East of,Major Arterial,Toronto and East York,9,43.666342,-79.43822,Intersection,Intersection Related,No Control,Clear,"Dark, artificial",Dry,Non-Fatal Injury,Cyclist Collisions,Cyclist,30 to 34,Minor,,North,Bicycle,Going Ahead,,,,,,Motorist makes u-turn in-front of cyclist.,Driving Properly,Normal,,Yes,Yes,,,,,,,,,,,171,Junction-Wallace Emerson,93,Dovercourt-Wallace Emerson-Junction (93),D11,1064
-8849283.25336422,5431692.06677627,81473840,,2018,2018/09/17 04:00:00+00,1001,STEELES AVE W,KEELE ST,,Major Arterial,North York,76,43.781508,-79.494464,Intersection,At Intersection,Traffic Signal,Clear,Daylight,Dry,Non-Fatal Injury,Cyclist Collisions,Truck Driver,55 to 59,None,,West,Truck-Tractor,Turning Right,Driving Properly,Normal,,,,,,,,Yes,,,Yes,,,,,,,,,27,York University Heights,27,York University Heights (27),D31,1065
-8849283.25336422,5431692.06677627,81473841,,2018,2018/09/17 04:00:00+00,1001,STEELES AVE W,KEELE ST,,Major Arterial,North York,76,43.781508,-79.494464,Intersection,At Intersection,Traffic Signal,Clear,Daylight,Dry,Non-Fatal Injury,Cyclist Collisions,Cyclist,15 to 19,Major,,West,Bicycle,Going Ahead,,,,,,"Cyclist without ROW rides into path of motorist at inter, lnwy, dwy-Cyclist not turn.",Other,Inattentive,,Yes,,,Yes,,,,,,,,,27,York University Heights,27,York University Heights (27),D31,1066
-8836506.44748893,5411016.29453218,80974614,,2018,2018/09/17 04:00:00+00,1204,BAY ST,WELLINGTON ST W,,Major Arterial,Toronto and East York,1013,43.647261,-79.379688,Intersection,At Intersection,Traffic Signal,Clear,Daylight,Dry,Non-Fatal Injury,Cyclist Collisions,Driver,55 to 59,None,,West,"Bus (Other) (Go Bus, Gray Coach)",Turning Right,Failed to Yield Right of Way,Normal,,,,,,,,Yes,,,,Yes,,,,Yes,,,,170,Yonge-Bay Corridor,76,Bay Street Corridor (76),D52,1067
-8836506.44748893,5411016.29453218,80974615,,2018,2018/09/17 04:00:00+00,1204,BAY ST,WELLINGTON ST W,,Major Arterial,Toronto and East York,1013,43.647261,-79.379688,Intersection,At Intersection,Traffic Signal,Clear,Daylight,Dry,Non-Fatal Injury,Cyclist Collisions,Cyclist,30 to 34,Major,,West,Bicycle,Going Ahead,,,,,,Motorist turning right on green or amber at signalized intersection strikes cyclist.,Driving Properly,Normal,,Yes,,,,Yes,,,,Yes,,,,170,Yonge-Bay Corridor,76,Bay Street Corridor (76),D52,1068
-8836243.95612964,5411094.90741715,80971825,,2018,2018/09/23 04:00:00+00,1430,YONGE ST,WELLINGTON ST E,,Major Arterial,North York,13,43.647772,-79.37733,Intersection,At Intersection,Traffic Signal,Clear,Daylight,Dry,Non-Fatal Injury,Cyclist Collisions,Driver,unknown,None,,North,"Automobile, Station Wagon",Going Ahead,Failed to Yield Right of Way,Unknown,,,,,,,,Yes,Yes,,,,,,,Yes,,,,168,Downtown Yonge East,75,Church-Yonge Corridor (75),D51,1069
-8836243.95612964,5411094.90741715,80971826,,2018,2018/09/23 04:00:00+00,1430,YONGE ST,WELLINGTON ST E,,Major Arterial,North York,13,43.647772,-79.37733,Intersection,At Intersection,Traffic Signal,Clear,Daylight,Dry,Non-Fatal Injury,Cyclist Collisions,Cyclist,20 to 24,Major,,North,Bicycle,Slowing or Stopping,,,,,,Cyclist and Driver travelling in same direction. One vehicle rear-ended the other.,Driving Properly,Normal,,Yes,Yes,,,,,,,Yes,,,,168,Downtown Yonge East,75,Church-Yonge Corridor (75),D51,1070
-8831236.47147528,5416271.29166839,80972040,,2018,2018/09/23 04:00:00+00,1735,DANFORTH AVE,GREENWOOD AVE,28 m East of,Major Arterial,Toronto and East York,14,43.68141,-79.332347,Intersection,At/Near Private Drive,No Control,Clear,Daylight,Dry,Non-Fatal Injury,Cyclist Collisions,Driver,45 to 49,None,,West,"Automobile, Station Wagon",Turning Left,Failed to Yield Right of Way,Inattentive,,,,,,,,Yes,Yes,,,,,,,Yes,,,,65,Greenwood-Coxwell,65,Greenwood-Coxwell (65),D55,1071
-8831236.47147528,5416271.29166839,80972041,,2018,2018/09/23 04:00:00+00,1735,DANFORTH AVE,GREENWOOD AVE,28 m East of,Major Arterial,Toronto and East York,14,43.68141,-79.332347,Intersection,At/Near Private Drive,No Control,Clear,Daylight,Dry,Non-Fatal Injury,Cyclist Collisions,Cyclist,70 to 74,Major,,East,Bicycle,Going Ahead,,,,,,Motorist turned left across cyclists path.,Driving Properly,Normal,,Yes,Yes,,,,,,,Yes,,,,65,Greenwood-Coxwell,65,Greenwood-Coxwell (65),D55,1072
-8860849.01449917,5412323.87837087,80972403,,2018,2018/09/23 04:00:00+00,2228,CENTENNIAL PARK BLVD,EGLINTON AVE W,,Major Arterial,Etobicoke York,2,43.65576,-79.598361,Intersection,At Intersection,Traffic Signal,Clear,"Dark, artificial",Dry,Non-Fatal Injury,Cyclist Collisions,Driver,55 to 59,None,,North,"Automobile, Station Wagon",Turning Right,Failed to Yield Right of Way,Normal,,,,,,,,Yes,Yes,,,,,,,Yes,,,,11,Eringate-Centennial-West Deane,11,Eringate-Centennial-West Deane (11),D22,1073
-8836689.01145383,5412567.59959486,80777414,,2017,2017/05/06 04:00:00+00,1248,YONGE  ST,GOULD ST,,Major Arterial,Toronto and East York,1113,43.657344,-79.381328,Intersection,At Intersection,Traffic Signal,Clear,Daylight,Dry,Non-Fatal Injury,Cyclist Collisions,Cyclist,70 to 74,Major,,South,Bicycle,Going Ahead,,,,,,Cyclist and Driver travelling in same direction. One vehicle sideswipes the other.,Driving Properly,Normal,,Yes,Yes,,,,,,,Yes,,,,168,Downtown Yonge East,75,Church-Yonge Corridor (75),D51,1074
-8860849.01449917,5412323.87837087,80972404,,2018,2018/09/23 04:00:00+00,2228,CENTENNIAL PARK BLVD,EGLINTON AVE W,,Major Arterial,Etobicoke York,2,43.65576,-79.598361,Intersection,At Intersection,Traffic Signal,Clear,"Dark, artificial",Dry,Non-Fatal Injury,Cyclist Collisions,Cyclist,35 to 39,Major,,East,Bicycle,Going Ahead,,,,,,Motorist turning right on red at signalized intersection strikes cyclist.,Driving Properly,Normal,,Yes,Yes,,,,,,,Yes,,,,11,Eringate-Centennial-West Deane,11,Eringate-Centennial-West Deane (11),D22,1075
-8841281.16308803,5415190.47147867,80972828,,2018,2018/09/26 04:00:00+00,900,MELITA AVE,CHRISTIE ST,,Minor Arterial,Toronto and East York,12,43.674388,-79.42258,Intersection,At Intersection,No Control,Clear,Daylight,Dry,Non-Fatal Injury,Cyclist Collisions,Driver,35 to 39,None,,North,"Automobile, Station Wagon",Turning Left,Driving Properly,Normal,,,,,,,,Yes,Yes,,,,,,,,,,,94,Wychwood,94,Wychwood (94),D13,1076
-8841281.16308803,5415190.47147867,80972829,,2018,2018/09/26 04:00:00+00,900,MELITA AVE,CHRISTIE ST,,Minor Arterial,Toronto and East York,12,43.674388,-79.42258,Intersection,At Intersection,No Control,Clear,Daylight,Dry,Non-Fatal Injury,Cyclist Collisions,Cyclist,20 to 24,Major,,South,Bicycle,Going Ahead,,,,,,"Cyclist without ROW rides into path of motorist at inter, lnwy, dwy-Cyclist not turn.",Speed too Fast For Condition,Normal,,Yes,Yes,,,,,,,,,,,94,Wychwood,94,Wychwood (94),D13,1077
-8825377.17007738,5436237.96324003,80972190,,2018,2018/09/26 04:00:00+00,1755,BRIMLEY RD,BRIMWOOD BLVD,,Major Arterial,Scarborough,23,43.810984,-79.279712,Intersection,At Intersection,Traffic Signal,Clear,Daylight,Dry,Non-Fatal Injury,Cyclist Collisions,Cyclist,30 to 34,Major,,South,Bicycle,Turning Left,,,,,,Cyclist turned left across motorists path.,Failed to Yield Right of Way,Inattentive,,Yes,Yes,,,,,,,,,,,129,Agincourt North,129,Agincourt North (129),D42,1078
-8825377.17007738,5436237.96324003,80972191,,2018,2018/09/26 04:00:00+00,1755,BRIMLEY RD,BRIMWOOD BLVD,,Major Arterial,Scarborough,23,43.810984,-79.279712,Intersection,At Intersection,Traffic Signal,Clear,Daylight,Dry,Non-Fatal Injury,Cyclist Collisions,Driver,45 to 49,None,,North,"Automobile, Station Wagon",Going Ahead,Driving Properly,Normal,,,,,,,,Yes,Yes,,,,,,,,,,,129,Agincourt North,129,Agincourt North (129),D42,1079
-8832426.36551237,5413604.10206585,81241262,,2018,2018/10/04 04:00:00+00,700,DUNDAS ST E,LOGAN AVE,35 m East of,Minor Arterial,Toronto and East York,14,43.66408,-79.343036,Mid-Block,Non Intersection,No Control,Rain,Dawn,Wet,Non-Fatal Injury,Cyclist Collisions,Driver,25 to 29,None,,East,"Automobile, Station Wagon",Changing Lanes,Improper Lane Change,Inattentive,,,,,,,,Yes,Yes,,,,,,,,,,,70,South Riverdale,70,South Riverdale (70),D55,1080
-8832426.36551237,5413604.10206585,81241263,,2018,2018/10/04 04:00:00+00,700,DUNDAS ST E,LOGAN AVE,35 m East of,Minor Arterial,Toronto and East York,14,43.66408,-79.343036,Mid-Block,Non Intersection,No Control,Rain,Dawn,Wet,Non-Fatal Injury,Cyclist Collisions,Cyclist,20 to 24,Major,,East,Bicycle,Going Ahead,,,,,,Cyclist and Driver travelling in same direction. One vehicle sideswipes the other.,Driving Properly,Normal,,Yes,Yes,,,,,,,,,,,70,South Riverdale,70,South Riverdale (70),D55,1081