X,Y,INDEX_,ACCNUM,YEAR,DATE,TIME,STREET1,STREET2,OFFSET,ROAD_CLASS,DISTRICT,WARDNUM,LATITUDE,LONGITUDE,LOCCOORD,ACCLOC,TRAFFCTL,VISIBILITY,LIGHT,RDSFCOND,ACCLASS,IMPACTYPE,INVTYPE,INVAGE,INJURY,FATAL_NO,INITDIR,VEHTYPE,MANOEUVER,DRIVACT,DRIVCOND,PEDTYPE,PEDACT,PEDCOND,CYCLISTYPE,CYCACT,CYCCOND,PEDESTRIAN,CYCLIST,AUTOMOBILE,MOTORCYCLE,TRUCK,TRSN_CITY_VEH,EMERG_VEH,PASSENGER,SPEEDING,AG_DRIV,REDLIGHT,ALCOHOL,DISABILITY,HOOD_158,NEIGHBOURHOOD_158,HOOD_140,NEIGHBOURHOOD_140,DIVISION,ObjectId
-8840650.09289473,5410871.99316875,80240820,,2015,2015/06/07 04:00:00+00,2316,169 SHAW ST,,,Collector,Toronto and East York,10,43.646323,-79.416911,Mid-Block,Non Intersection,No Control,Clear,"Dark, artificial",Dry,Non-Fatal Injury,Cyclist Collisions,Cyclist,25 to 29,Major,,North,Bicycle,Going Ahead,,,,,,Cyclist strikes a parked vehicle.,Lost control,"Ability Impaired, Alcohol",,Yes,,,,,,,,,,,,81,Trinity-Bellwoods,81,Trinity-Bellwoods (81),D14,1187
-8826294.44268152,5415062.41913608,81581311,1001545631,2021,2021/08/15 04:00:00+00,550,106 BEECH AVE,,1 m East of,Major Arterial,Toronto and East York,,43.673556,-79.287952,Mid-Block,At/Near Private Drive,No Control,Clear,"Dark, artificial",Dry,Non-Fatal Injury,Cyclist Collisions,Cyclist,55 to 59,Major,,South,Bicycle,Going Ahead,,,,,,Motorist reversing struck cyclist.,Wrong Way on One Way Road,Normal,,Yes,Yes,,,,,,,,,,,63,The Beaches,63,The Beaches (63),D55,1188
-8814636.06373023,5432668.57607697,80781615,,2017,2017/05/31 04:00:00+00,1540,ELLESMERE RD,CONLINS RD,,Minor Arterial,Scarborough,25,43.787841,-79.183223,Intersection,Intersection Related,Traffic Signal,Clear,Daylight,Dry,Non-Fatal Injury,Cyclist Collisions,Cyclist,15 to 19,Major,,North,Bicycle,Going Ahead,,,,,,"Cyclist without ROW rides into path of motorist at inter, lnwy, dwy-Cyclist not turn.",Disobeyed Traffic Control,Normal,,Yes,Yes,,,,,,,,,,,134,Highland Creek,134,Highland Creek (134),D43,1189
-8835820.16282819,5413109.84083627,80631118,4002525835,2014,2014/07/18 04:00:00+00,2240,GERRARD ST E,PEMBROKE ST,,Minor Arterial,Toronto and East York,13,43.660868,-79.373523,Intersection,At Intersection,No Control,Clear,Dark,Dry,Non-Fatal Injury,Cyclist Collisions,Driver,25 to 29,None,,West,"Automobile, Station Wagon",Going Ahead,Driving Properly,Normal,,,,,,,,Yes,Yes,,,,,Yes,,Yes,,,,73,Moss Park,73,Moss Park (73),D51,1190
-8838110.67267075,5414306.76177378,81579849,1001570554,2021,2021/08/18 04:00:00+00,1810,AVENUE RD,BLOOR ST W,,Major Arterial,North York,11,43.668646,-79.394099,Mid-Block,Non Intersection,No Control,Clear,Daylight,Dry,Fatal,Cyclist Collisions,Cyclist,15 to 19,Fatal,26,North,Bicycle,Going Ahead,,,,,,Cyclist and Driver travelling in same direction. One vehicle rear-ended the other.,Driving Properly,Unknown,,Yes,,,Yes,,,,,Yes,,,,169,Bay-Cloverhill,76,Bay Street Corridor (76),D52,1191
-8843422.28217395,5414229.96828439,7855254,1371962,2013,2013/08/23 04:00:00+00,705,1245 DUPONT ST,,,Major Arterial,Toronto and East York,9,43.668147,-79.441814,Mid-Block,,No Control,Clear,Daylight,Dry,Non-Fatal Injury,Cyclist Collisions,Driver,40 to 44,None,,East,"Automobile, Station Wagon",Going Ahead,Driving Properly,Normal,,,,,,,,Yes,Yes,,,,,,,,,,,171,Junction-Wallace Emerson,93,Dovercourt-Wallace Emerson-Junction (93),D11,1192
-8843621.87802094,5413074.60342095,80240982,,2015,2015/06/08 04:00:00+00,1915,PATON RD,LANSDOWNE AVE,,Minor Arterial,Toronto and East York,9,43.660639,-79.443607,Intersection,At Intersection,Stop Sign,Other,Daylight,Other,Non-Fatal Injury,Angle,Driver,40 to 44,None,,East,"Automobile, Station Wagon",Going Ahead,Failed to Yield Right of Way,Unknown,,,,,,,,Yes,Yes,,,,,,,Yes,,,,171,Junction-Wallace Emerson,93,Dovercourt-Wallace Emerson-Junction (93),D11,1193
-8840960.11767659,5413472.68631879,81514493,1017235,2020,2020/06/02 04:00:00+00,1856,777 BLOOR ST W,,9 m South of,Major Arterial,Etobicoke York,11,43.663226,-79.419696,Mid-Block,Non Intersection,No Control,Clear,Daylight,Dry,Non-Fatal Injury,Cyclist Collisions,Cyclist,45 to 49,Major,,East,Bicycle,Going Ahead,,,,,,"Motorist without ROW drives into path of cyclist at inter, lnwy, dwy-Driver not turn.",Driving Properly,Normal,,Yes,Yes,,,,,,,,,,,80,Palmerston-Little Italy,80,Palmerston-Little Italy (80),D14,1194
-8835347.94554824,5413590.71419345,81513274,,2019,2019/05/26 04:00:00+00,1757,CARLTON ST,BERKELEY ST,1 m West of,Minor Arterial,Toronto and East York,,43.663993,-79.369281,Intersection,At Intersection,Stop Sign,Clear,Daylight,Dry,Non-Fatal Injury,Cyclist Collisions,Driver,25 to 29,None,,North,"Automobile, Station Wagon",Turning Left,Failed to Yield Right of Way,Inattentive,,,,,,,,Yes,Yes,,,,,,,Yes,,,,73,Moss Park,71,Cabbagetown-South St.James Town (71),D51,1195
-8837236.81466802,5411439.51973606,80543379,,2016,2016/05/28 04:00:00+00,2005,RICHMOND ST W,UNIVERSITY AVE,,Major Arterial,Toronto and East York,10,43.650012,-79.386249,Intersection,At Intersection,Traffic Signal,Clear,Daylight,Dry,Non-Fatal Injury,Cyclist Collisions,Cyclist,25 to 29,Major,,West,Bicycle,Going Ahead,,,,,,Motorist turning right on green or amber at signalized intersection strikes cyclist.,Driving Properly,Normal,,Yes,Yes,,,,,,,Yes,,,,170,Yonge-Bay Corridor,76,Bay Street Corridor (76),D52,1196
-8835347.94554824,5413590.71419345,81513275,,2019,2019/05/26 04:00:00+00,1757,CARLTON ST,BERKELEY ST,1 m West of,Minor Arterial,Toronto and East York,,43.663993,-79.369281,Intersection,At Intersection,Stop Sign,Clear,Daylight,Dry,Non-Fatal Injury,Cyclist Collisions,Driver,60 to 64,None,,West,"Automobile, Station Wagon",Going Ahead,Driving Properly,Normal,,,,,,,,Yes,Yes,,,,,,,Yes,,,,73,Moss Park,71,Cabbagetown-South St.James Town (71),D51,1197
-8843621.87802094,5413074.60342095,80240983,,2015,2015/06/08 04:00:00+00,1915,PATON RD,LANSDOWNE AVE,,Minor Arterial,Toronto and East York,9,43.660639,-79.443607,Intersection,At Intersection,Stop Sign,Other,Daylight,Other,Non-Fatal Injury,Angle,Moped Driver,50 to 54,Major,,North,Moped,Going Ahead,Driving Properly,Unknown,,,,,,,,Yes,Yes,,,,,,,Yes,,,,171,Junction-Wallace Emerson,93,Dovercourt-Wallace Emerson-Junction (93),D11,1198
-8835347.94554824,5413590.71419345,81513276,,2019,2019/05/26 04:00:00+00,1757,CARLTON ST,BERKELEY ST,1 m West of,Minor Arterial,Toronto and East York,,43.663993,-79.369281,Intersection,At Intersection,Stop Sign,Clear,Daylight,Dry,Non-Fatal Injury,Cyclist Collisions,Cyclist,30 to 34,Major,,East,Bicycle,Going Ahead,,,,,,Motorist loses control and strikes cyclist.,Driving Properly,Normal,,Yes,Yes,,,,,,,Yes,,,,73,Moss Park,71,Cabbagetown-South St.James Town (71),D51,1199
-8843422.28217395,5414229.96828439,7855255,1371962,2013,2013/08/23 04:00:00+00,705,1245 DUPONT ST,,,Major Arterial,Toronto and East York,9,43.668147,-79.441814,Mid-Block,,No Control,Clear,Daylight,Dry,Non-Fatal Injury,Cyclist Collisions,Cyclist,15 to 19,Major,,North,Bicycle,Other,,,,,,"Cyclist without ROW rides into path of motorist at inter, lnwy, dwy-Cyclist not turn.",Failed to Yield Right of Way,Normal,,Yes,Yes,,,,,,,,,,,171,Junction-Wallace Emerson,93,Dovercourt-Wallace Emerson-Junction (93),D11,1200
-8845029.95825999,5427000.77511754,81486914,1055551,2020,2020/06/08 04:00:00+00,1656,555 WILSON HEIGHTS BLVD,,,Minor Arterial,North York,,43.751074,-79.456256,Mid-Block,At/Near Private Drive,No Control,Clear,Daylight,Dry,Non-Fatal Injury,Cyclist Collisions,Driver,unknown,None,,West,"Automobile, Station Wagon",Turning Left,Failed to Yield Right of Way,Unknown,,,,,,,,Yes,Yes,,,,,,,Yes,,,,33,Clanton Park,33,Clanton Park (33),D32,1201
-8835820.16282819,5413109.84083627,80631119,4002525835,2014,2014/07/18 04:00:00+00,2240,GERRARD ST E,PEMBROKE ST,,Minor Arterial,Toronto and East York,13,43.660868,-79.373523,Intersection,At Intersection,No Control,Clear,Dark,Dry,Non-Fatal Injury,Cyclist Collisions,Passenger,25 to 29,None,,,,,,,,,,,,,,Yes,Yes,,,,,Yes,,Yes,,,,73,Moss Park,73,Moss Park (73),D51,1202
-8814636.06373023,5432668.57607697,80781616,,2017,2017/05/31 04:00:00+00,1540,ELLESMERE RD,CONLINS RD,,Minor Arterial,Scarborough,25,43.787841,-79.183223,Intersection,Intersection Related,Traffic Signal,Clear,Daylight,Dry,Non-Fatal Injury,Cyclist Collisions,Driver,35 to 39,None,,West,"Automobile, Station Wagon",Going Ahead,Driving Properly,Unknown,,,,,,,,Yes,Yes,,,,,,,,,,,134,Highland Creek,134,Highland Creek (134),D43,1203
-8842725.86743955,5411409.51949223,80542794,,2016,2016/06/01 04:00:00+00,1940,DUNDAS ST W,BROCK AVE,,Minor Arterial,Toronto and East York,9,43.649817,-79.435558,Intersection,At Intersection,Traffic Signal,Clear,Daylight,Dry,Non-Fatal Injury,Cyclist Collisions,Cyclist,30 to 34,Major,,West,Bicycle,Turning Left,,,,,,Cyclist turned left across motorists path.,Disobeyed Traffic Control,Inattentive,,Yes,Yes,,,,,,,,,,,84,Little Portugal,84,Little Portugal (84),D11,1204
-8838110.67267075,5414306.76177378,81579850,1001570554,2021,2021/08/18 04:00:00+00,1810,AVENUE RD,BLOOR ST W,,Major Arterial,North York,11,43.668646,-79.394099,Mid-Block,Non Intersection,No Control,Clear,Daylight,Dry,Fatal,Cyclist Collisions,Truck Driver,50 to 54,None,,North,Truck - Tank,Going Ahead,Improper Passing,Inattentive,,,,,,,,Yes,,,Yes,,,,,Yes,,,,169,Bay-Cloverhill,76,Bay Street Corridor (76),D52,1205
-8844860.08471704,5415327.76033724,80771253,,2017,2017/06/03 04:00:00+00,2330,ST CLAIR AVE W,CALEDONIA RD,,Major Arterial,Toronto and East York,9,43.67528,-79.45473,Intersection,Intersection Related,Traffic Signal,Clear,"Dark, artificial",Dry,Non-Fatal Injury,Cyclist Collisions,Driver,unknown,None,,West,"Automobile, Station Wagon",Going Ahead,Improper Passing,Inattentive,,,,,,,,Yes,Yes,,,,,,,Yes,,,,92,Corso Italia-Davenport,92,Corso Italia-Davenport (92),D13,1206
-8851854.95624052,5427862.12048459,80167945,4002524694,2014,2014/07/18 04:00:00+00,2340,3900 JANE ST,,,Major Arterial,Etobicoke York,7,43.756663,-79.517566,Mid-Block,At/Near Private Drive,No Control,Clear,Daylight,Dry,Non-Fatal Injury,Cyclist Collisions,Driver,35 to 39,None,,East,"Automobile, Station Wagon",Going Ahead,Other,Unknown,,,,,,,,Yes,Yes,,,,,,,,,,,25,Glenfield-Jane Heights,25,Glenfield-Jane Heights (25),D31,1207
-8842725.86743955,5411409.51949223,80542795,,2016,2016/06/01 04:00:00+00,1940,DUNDAS ST W,BROCK AVE,,Minor Arterial,Toronto and East York,9,43.649817,-79.435558,Intersection,At Intersection,Traffic Signal,Clear,Daylight,Dry,Non-Fatal Injury,Cyclist Collisions,Driver,25 to 29,None,,South,"Automobile, Station Wagon",Going Ahead,Driving Properly,Normal,,,,,,,,Yes,Yes,,,,,,,,,,,84,Little Portugal,84,Little Portugal (84),D11,1208
-8845029.95825999,5427000.77511754,81486915,1055551,2020,2020/06/08 04:00:00+00,1656,555 WILSON HEIGHTS BLVD,,,Minor Arterial,North York,,43.751074,-79.456256,Mid-Block,At/Near Private Drive,No Control,Clear,Daylight,Dry,Non-Fatal Injury,Cyclist Collisions,Cyclist,10 to 14,Major,,South,Bicycle,Going Ahead,,,,,,Motorist turned left across cyclists path.,Driving Properly,Normal,,Yes,Yes,,,,,,,Yes,,,,33,Clanton Park,33,Clanton Park (33),D32,1209
-8851854.95624052,5427862.12048459,80167946,4002524694,2014,2014/07/18 04:00:00+00,2340,3900 JANE ST,,,Major Arterial,Etobicoke York,7,43.756663,-79.517566,Mid-Block,At/Near Private Drive,No Control,Clear,Daylight,Dry,Non-Fatal Injury,Cyclist Collisions,Cyclist,30 to 34,Major,,Unknown,Bicycle,Unknown,,,,,,"Motorist without ROW drives into path of cyclist at inter, lnwy, dwy-Driver not turn.",Other,Unknown,,Yes,Yes,,,,,,,,,,,25,Glenfield-Jane Heights,25,Glenfield-Jane Heights (25),D31,1210
-8850781.39107131,5428264.23249071,80497074,,2015,2015/06/11 04:00:00+00,24,FINCH AVE W,TOBERMORY DR,,Major Arterial,Etobicoke York,7,43.759272,-79.507922,Intersection,At Intersection,Traffic Signal,Clear,"Dark, artificial",Dry,Fatal,Cyclist Collisions,Driver,20 to 24,None,,West,"Automobile, Station Wagon",Going Ahead,Exceeding Speed Limit,"Ability Impaired, Alcohol",,,,,,,,Yes,Yes,,,,,,Yes,Yes,,Yes,,25,Glenfield-Jane Heights,25,Glenfield-Jane Heights (25),D31,1211
-8830761.69384705,5414678.42666133,7882204,1383479,2013,2013/08/23 04:00:00+00,845,GREENWOOD AVE,GERRARD ST E,,Minor Arterial,Toronto and East York,14,43.671061,-79.328082,Intersection,,No Control,Clear,Daylight,Dry,Non-Fatal Injury,Turning Movement,Vehicle Owner,unknown,,,,Other,,,,,,,,,,,Yes,Yes,,,,,,,Yes,,,,70,South Riverdale,70,South Riverdale (70),D55,1212
-8845446.9610725,5412150.78481509,81242056,,2019,2019/06/01 04:00:00+00,1515,BLOOR ST W,KEELE ST,,Major Arterial,North York,4,43.654635,-79.460002,Intersection,At Intersection,Traffic Signal,Clear,Daylight,Dry,Non-Fatal Injury,Cyclist Collisions,Driver,60 to 64,None,,East,"Automobile, Station Wagon",Turning Left,Failed to Yield Right of Way,Normal,,,,,,,,Yes,Yes,,,,,,,Yes,,,,87,High Park-Swansea,87,High Park-Swansea (87),D11,1213
-8850781.39107131,5428264.23249071,80497075,,2015,2015/06/11 04:00:00+00,24,FINCH AVE W,TOBERMORY DR,,Major Arterial,Etobicoke York,7,43.759272,-79.507922,Intersection,At Intersection,Traffic Signal,Clear,"Dark, artificial",Dry,Fatal,Cyclist Collisions,Cyclist,40 to 44,Fatal,28,West,Bicycle,Going Ahead,,,,,,Cyclist and Driver travelling in same direction. One vehicle rear-ended the other.,Driving Properly,Unknown,,Yes,Yes,,,,,,Yes,Yes,,Yes,,25,Glenfield-Jane Heights,25,Glenfield-Jane Heights (25),D31,1214
-8833352.98895374,5413354.0444339,80169132,4002596710,2014,2014/07/29 04:00:00+00,1630,DUNDAS ST E,BROADVIEW AVE,,Major Arterial,Toronto and East York,14,43.662455,-79.35136,Intersection,At Intersection,Traffic Signal,Clear,Daylight,Dry,Non-Fatal Injury,Cyclist Collisions,Driver,50 to 54,None,,East,"Automobile, Station Wagon",Going Ahead,Improper Passing,Normal,,,,,,,,Yes,Yes,,,,,,,Yes,,,,70,South Riverdale,70,South Riverdale (70),D55,1215
-8842699.48472023,5412947.34976947,81514485,1064302,2020,2020/06/09 04:00:00+00,2148,DUFFERIN ST,BLOOR ST W,20 m South of,Major Arterial,Toronto and East York,9,43.659812,-79.435321,Intersection,Intersection Related,No Control,Clear,"Dark, artificial",Dry,Non-Fatal Injury,Cyclist Collisions,Driver,20 to 24,None,,South,"Automobile, Station Wagon",Making U Turn,Improper Turn,Normal,,,,,,,,Yes,Yes,,,,,Yes,,,,,,83,Dufferin Grove,83,Dufferin Grove (83),D14,1216
-8830761.69384705,5414678.42666133,7882205,1383479,2013,2013/08/23 04:00:00+00,845,GREENWOOD AVE,GERRARD ST E,,Minor Arterial,Toronto and East York,14,43.671061,-79.328082,Intersection,,No Control,Clear,Daylight,Dry,Non-Fatal Injury,Turning Movement,Driver,25 to 29,None,,South,"Automobile, Station Wagon",Turning Right,Failed to Yield Right of Way,Inattentive,,,,,,,,Yes,Yes,,,,,,,Yes,,,,70,South Riverdale,70,South Riverdale (70),D55,1217
-8837686.10013287,5411106.13788388,80562726,,2016,2016/06/09 04:00:00+00,837,ADELAIDE ST W,JOHN ST,,Major Arterial,Toronto and East York,10,43.647845,-79.390285,Intersection,Intersection Related,Traffic Signal,Clear,Daylight,Dry,Non-Fatal Injury,Cyclist Collisions,Driver,50 to 54,None,,East,"Automobile, Station Wagon",Turning Right,Improper Turn,Inattentive,,,,,,,,Yes,Yes,,,,,,,,,,,164,Wellington Place,77,Waterfront Communities-The Island (77),D52,1218
-8844860.08471704,5415327.76033724,80771254,,2017,2017/06/03 04:00:00+00,2330,ST CLAIR AVE W,CALEDONIA RD,,Major Arterial,Toronto and East York,9,43.67528,-79.45473,Intersection,Intersection Related,Traffic Signal,Clear,"Dark, artificial",Dry,Non-Fatal Injury,Cyclist Collisions,Cyclist,40 to 44,Major,,West,Bicycle,Going Ahead,,,,,,Cyclist and Driver travelling in same direction. One vehicle sideswipes the other.,Driving Properly,Normal,,Yes,Yes,,,,,,,Yes,,,,92,Corso Italia-Davenport,92,Corso Italia-Davenport (92),D13,1219
-8833352.98895374,5413354.0444339,80169133,4002596710,2014,2014/07/29 04:00:00+00,1630,DUNDAS ST E,BROADVIEW AVE,,Major Arterial,Toronto and East York,14,43.662455,-79.35136,Intersection,At Intersection,Traffic Signal,Clear,Daylight,Dry,Non-Fatal Injury,Cyclist Collisions,Cyclist,40 to 44,Major,,East,Bicycle,Going Ahead,,,,,,Cyclist and Driver travelling in same direction. One vehicle sideswipes the other.,Driving Properly,Normal,,Yes,Yes,,,,,,,Yes,,,,70,South Riverdale,70,South Riverdale (70),D55,1220
-8837022.74728723,5432490.32033196,80632023,,2015,2015/06/13 04:00:00+00,1423,FINCH AVE E,PAGE AVE,,Major Arterial,North York,17,43.786685,-79.384326,Intersection,At Intersection,Stop Sign,Clear,Daylight,Dry,Non-Fatal Injury,Cyclist Collisions,Driver,85 to 89,None,,North,"Automobile, Station Wagon",Turning Right,Failed to Yield Right of Way,Inattentive,,,,,,,,Yes,Yes,,,,,Yes,,Yes,,,,52,Bayview Village,52,Bayview Village (52),D33,1221
-8842699.48472023,5412947.34976947,81514486,1064302,2020,2020/06/09 04:00:00+00,2148,DUFFERIN ST,BLOOR ST W,20 m South of,Major Arterial,Toronto and East York,9,43.659812,-79.435321,Intersection,Intersection Related,No Control,Clear,"Dark, artificial",Dry,Non-Fatal Injury,Cyclist Collisions,Cyclist,50 to 54,Major,,South,Bicycle,Going Ahead,,,,,,Motorist makes u-turn in-front of cyclist.,Driving Properly,Normal,,Yes,Yes,,,,,Yes,,,,,,83,Dufferin Grove,83,Dufferin Grove (83),D14,1222
-8845446.9610725,5412150.78481509,81242057,,2019,2019/06/01 04:00:00+00,1515,BLOOR ST W,KEELE ST,,Major Arterial,North York,4,43.654635,-79.460002,Intersection,At Intersection,Traffic Signal,Clear,Daylight,Dry,Non-Fatal Injury,Cyclist Collisions,Cyclist,30 to 34,Major,,West,Bicycle,Going Ahead,,,,,,Motorist turned left across cyclists path.,Driving Properly,Normal,,Yes,Yes,,,,,,,Yes,,,,87,High Park-Swansea,87,High Park-Swansea (87),D11,1223
-8838066.5901524,5410984.60342131,81582065,1001616611,2021,2021/08/25 04:00:00+00,935,345 ADELAIDE ST W,,,Major Arterial,Toronto and East York,,43.647055,-79.393703,Mid-Block,At/Near Private Drive,No Control,Clear,Daylight,Dry,Non-Fatal Injury,Cyclist Collisions,Driver,25 to 29,None,,East,Delivery Van,Turning Right,Improper Turn,Inattentive,,,,,,,,Yes,Yes,,,,,,,,,,,164,Wellington Place,77,Waterfront Communities-The Island (77),D52,1224
-8836790.08955147,5420674.53244256,80169237,4002604819,2014,2014/07/30 04:00:00+00,2312,EGLINTON AVE E,BANFF RD,,Major Arterial,North York,15,43.710009,-79.382236,Intersection,Intersection Related,Traffic Signal,Clear,"Dark, artificial",Dry,Non-Fatal Injury,Cyclist Collisions,Driver,25 to 29,None,,East,"Automobile, Station Wagon",Going Ahead,Driving Properly,Normal,,,,,,,,Yes,Yes,,,,,,,,,,,99,Mount Pleasant East,99,Mount Pleasant East (99),D53,1225
-8838066.5901524,5410984.60342131,81582066,1001616611,2021,2021/08/25 04:00:00+00,935,345 ADELAIDE ST W,,,Major Arterial,Toronto and East York,,43.647055,-79.393703,Mid-Block,At/Near Private Drive,No Control,Clear,Daylight,Dry,Non-Fatal Injury,Cyclist Collisions,Cyclist,25 to 29,Major,,East,Bicycle,Going Ahead,,,,,,"Motorist turns right at non-signal Inter.(stop, yield, no cont.,and dwy) and strikes cyclist.",Driving Properly,Normal,,Yes,Yes,,,,,,,,,,,164,Wellington Place,77,Waterfront Communities-The Island (77),D52,1226
-8845306.03059716,5413655.1915963,81269751,,2019,2019/06/01 04:00:00+00,1827,DUNDAS ST W,ANNETTE ST,,Major Arterial,Toronto and East York,4,43.664412,-79.458736,Intersection,At Intersection,Traffic Signal,Clear,Daylight,Dry,Non-Fatal Injury,Cyclist Collisions,Cyclist,15 to 19,Major,,North,Bicycle,Turning Left,,,,,,Cyclist turned left across motorists path.,Improper Turn,Normal,,Yes,Yes,,,,,,,,,,,90,Junction Area,90,Junction Area (90),D11,1227
-8842387.79014601,5411832.76270738,80771307,,2017,2017/06/07 04:00:00+00,701,COLLEGE ST,DUFFERIN ST,,Major Arterial,Toronto and East York,9,43.652568,-79.432521,Intersection,Intersection Related,Traffic Signal,Clear,Daylight,Dry,Non-Fatal Injury,Cyclist Collisions,Driver,50 to 54,None,,East,Pick Up Truck,Turning Left,Failed to Yield Right of Way,Inattentive,,,,,,,,Yes,Yes,,,,,,,Yes,,,,84,Little Portugal,84,Little Portugal (84),D14,1228
-8830761.69384705,5414678.42666133,7882206,1383479,2013,2013/08/23 04:00:00+00,845,GREENWOOD AVE,GERRARD ST E,,Minor Arterial,Toronto and East York,14,43.671061,-79.328082,Intersection,,No Control,Clear,Daylight,Dry,Non-Fatal Injury,Turning Movement,Moped Driver,40 to 44,Major,,South,Moped,Going Ahead,Driving Properly,Normal,,,,,,,,Yes,Yes,,,,,,,Yes,,,,70,South Riverdale,70,South Riverdale (70),D55,1229
-8837686.10013287,5411106.13788388,80562727,,2016,2016/06/09 04:00:00+00,837,ADELAIDE ST W,JOHN ST,,Major Arterial,Toronto and East York,10,43.647845,-79.390285,Intersection,Intersection Related,Traffic Signal,Clear,Daylight,Dry,Non-Fatal Injury,Cyclist Collisions,Cyclist,35 to 39,Major,,East,Bicycle,Going Ahead,,,,,,Motorist turning right on green or amber at signalized intersection strikes cyclist.,Driving Properly,Normal,,Yes,Yes,,,,,,,,,,,164,Wellington Place,77,Waterfront Communities-The Island (77),D52,1230
-8842699.48472023,5412947.34976947,81514487,1064302,2020,2020/06/09 04:00:00+00,2148,DUFFERIN ST,BLOOR ST W,20 m South of,Major Arterial,Toronto and East York,9,43.659812,-79.435321,Intersection,Intersection Related,No Control,Clear,"Dark, artificial",Dry,Non-Fatal Injury,Cyclist Collisions,Passenger,20 to 24,None,,,,,,,,,,,,,,Yes,Yes,,,,,Yes,,,,,,83,Dufferin Grove,83,Dufferin Grove (83),D14,1231
-8839489.14192524,5425801.59083528,7882125,1383447,2013,2013/08/23 04:00:00+00,1730,OLD YORK MILLS RD,YONGE ST,,Major Arterial,North York,815,43.743292,-79.406482,Intersection,,Stop Sign,Clear,Daylight,Dry,Non-Fatal Injury,Cyclist Collisions,Vehicle Owner,unknown,,,,Other,,,,,,,,,,,Yes,Yes,,,,,,,Yes,,,,41,Bridle Path-Sunnybrook-York Mills,41,Bridle Path-Sunnybrook-York Mills (41),D32,1232
-8837022.74728723,5432490.32033196,80632024,,2015,2015/06/13 04:00:00+00,1423,FINCH AVE E,PAGE AVE,,Major Arterial,North York,17,43.786685,-79.384326,Intersection,At Intersection,Stop Sign,Clear,Daylight,Dry,Non-Fatal Injury,Cyclist Collisions,Cyclist,45 to 49,Major,,East,Bicycle,Going Ahead,,,,,,"Motorist turns right at non-signal Inter.(stop, yield, no cont.,and dwy) and strikes cyclist.",Driving Properly,Normal,,Yes,Yes,,,,,Yes,,Yes,,,,52,Bayview Village,52,Bayview Village (52),D33,1233
-8845306.03059716,5413655.1915963,81269752,,2019,2019/06/01 04:00:00+00,1827,DUNDAS ST W,ANNETTE ST,,Major Arterial,Toronto and East York,4,43.664412,-79.458736,Intersection,At Intersection,Traffic Signal,Clear,Daylight,Dry,Non-Fatal Injury,Cyclist Collisions,Driver,25 to 29,None,,South,"Automobile, Station Wagon",Going Ahead,Driving Properly,Normal,,,,,,,,Yes,Yes,,,,,,,,,,,90,Junction Area,90,Junction Area (90),D11,1234
-8842387.79014601,5411832.76270738,80771308,,2017,2017/06/07 04:00:00+00,701,COLLEGE ST,DUFFERIN ST,,Major Arterial,Toronto and East York,9,43.652568,-79.432521,Intersection,Intersection Related,Traffic Signal,Clear,Daylight,Dry,Non-Fatal Injury,Cyclist Collisions,Cyclist,65 to 69,Major,,West,Bicycle,Going Ahead,,,,,,Motorist turned left across cyclists path.,Driving Properly,Normal,,Yes,Yes,,,,,,,Yes,,,,84,Little Portugal,84,Little Portugal (84),D14,1235
-8842957.63461938,5421817.29486873,81503948,1070817,2020,2020/06/10 04:00:00+00,2115,LAWRENCE AVE W,VARNA DR,,Major Arterial,North York,8,43.717429,-79.43764,Intersection,At Intersection,Traffic Signal,Rain,"Dark, artificial",Wet,Non-Fatal Injury,Cyclist Collisions,Cyclist,20 to 24,Major,,North,Bicycle,Going Ahead,,,,,,"Cyclist without ROW rides into path of motorist at inter, lnwy, dwy-Cyclist not turn.",Disobeyed Traffic Control,Inattentive,,Yes,Yes,,,,,Yes,,,,,,32,Englemount-Lawrence,32,Englemount-Lawrence (32),D13,1236
-8836790.08955147,5420674.53244256,80169238,4002604819,2014,2014/07/30 04:00:00+00,2312,EGLINTON AVE E,BANFF RD,,Major Arterial,North York,15,43.710009,-79.382236,Intersection,Intersection Related,Traffic Signal,Clear,"Dark, artificial",Dry,Non-Fatal Injury,Cyclist Collisions,Cyclist,55 to 59,Major,,South,Bicycle,Going Ahead,,,,,,"Cyclist without ROW rides into path of motorist at inter, lnwy, dwy-Cyclist not turn.",Disobeyed Traffic Control,Normal,,Yes,Yes,,,,,,,,,,,99,Mount Pleasant East,99,Mount Pleasant East (99),D53,1237