X,Y,INDEX_,ACCNUM,YEAR,DATE,TIME,STREET1,STREET2,OFFSET,ROAD_CLASS,DISTRICT,WARDNUM,LATITUDE,LONGITUDE,LOCCOORD,ACCLOC,TRAFFCTL,VISIBILITY,LIGHT,RDSFCOND,ACCLASS,IMPACTYPE,INVTYPE,INVAGE,INJURY,FATAL_NO,INITDIR,VEHTYPE,MANOEUVER,DRIVACT,DRIVCOND,PEDTYPE,PEDACT,PEDCOND,CYCLISTYPE,CYCACT,CYCCOND,PEDESTRIAN,CYCLIST,AUTOMOBILE,MOTORCYCLE,TRUCK,TRSN_CITY_VEH,EMERG_VEH,PASSENGER,SPEEDING,AG_DRIV,REDLIGHT,ALCOHOL,DISABILITY,HOOD_158,NEIGHBOURHOOD_158,HOOD_140,NEIGHBOURHOOD_140,DIVISION,ObjectId
-8842957.63461938,5421817.29486873,81503949,1070817,2020,2020/06/10 04:00:00+00,2115,LAWRENCE AVE W,VARNA DR,,Major Arterial,North York,8,43.717429,-79.43764,Intersection,At Intersection,Traffic Signal,Rain,"Dark, artificial",Wet,Non-Fatal Injury,Cyclist Collisions,Driver,60 to 64,None,,West,"Automobile, Station Wagon",Going Ahead,Driving Properly,Normal,,,,,,,,Yes,Yes,,,,,Yes,,,,,,32,Englemount-Lawrence,32,Englemount-Lawrence (32),D13,1238
-8839489.14192524,5425801.59083528,7882126,1383447,2013,2013/08/23 04:00:00+00,1730,OLD YORK MILLS RD,YONGE ST,,Major Arterial,North York,815,43.743292,-79.406482,Intersection,,Stop Sign,Clear,Daylight,Dry,Non-Fatal Injury,Cyclist Collisions,Driver,45 to 49,None,,West,"Automobile, Station Wagon",Turning Right,Failed to Yield Right of Way,Normal,,,,,,,,Yes,Yes,,,,,,,Yes,,,,41,Bridle Path-Sunnybrook-York Mills,41,Bridle Path-Sunnybrook-York Mills (41),D32,1239
-8837022.74728723,5432490.32033196,80632025,,2015,2015/06/13 04:00:00+00,1423,FINCH AVE E,PAGE AVE,,Major Arterial,North York,17,43.786685,-79.384326,Intersection,At Intersection,Stop Sign,Clear,Daylight,Dry,Non-Fatal Injury,Cyclist Collisions,Passenger,80 to 84,None,,,,,,,,,,,,,,Yes,Yes,,,,,Yes,,Yes,,,,52,Bayview Village,52,Bayview Village (52),D33,1240
-8837117.92545186,5412261.1027332,80771309,,2017,2017/06/07 04:00:00+00,715,DUNDAS ST W,ELIZABETH ST,,Major Arterial,Toronto and East York,1110,43.655352,-79.385181,Intersection,At Intersection,No Control,Clear,Daylight,Dry,Non-Fatal Injury,Cyclist Collisions,Driver,55 to 59,None,,West,"Automobile, Station Wagon",Turning Left,Failed to Yield Right of Way,Inattentive,,,,,,,,Yes,Yes,,,,,,,Yes,,,,170,Yonge-Bay Corridor,76,Bay Street Corridor (76),D52,1241
-8832639.54233724,5415934.34910501,81581335,1001663013,2021,2021/08/31 04:00:00+00,1553,723 PAPE AVE,,,Major Arterial,Toronto and East York,,43.679221,-79.344951,Mid-Block,Non Intersection,No Control,Clear,Daylight,Dry,Non-Fatal Injury,Cyclist Collisions,Driver,30 to 34,None,,North,"Automobile, Station Wagon",Other,Failed to Yield Right of Way,Normal,,,,,,,,Yes,Yes,,,,,,,Yes,,,,66,Danforth,66,Danforth (66),D55,1242
-8837117.92545186,5412261.1027332,80771310,,2017,2017/06/07 04:00:00+00,715,DUNDAS ST W,ELIZABETH ST,,Major Arterial,Toronto and East York,1110,43.655352,-79.385181,Intersection,At Intersection,No Control,Clear,Daylight,Dry,Non-Fatal Injury,Cyclist Collisions,Cyclist,25 to 29,Major,,East,Bicycle,Going Ahead,,,,,,Motorist turned left across cyclists path.,Driving Properly,Normal,,Yes,Yes,,,,,,,Yes,,,,170,Yonge-Bay Corridor,76,Bay Street Corridor (76),D52,1243
-8818470.68622958,5434251.59516367,80485493,4002616805,2014,2014/08/01 04:00:00+00,1722,SHEPPARD AVE E,NEILSON RD,,Major Arterial,Scarborough,2325,43.798106,-79.21767,Intersection,Intersection Related,Traffic Signal,Clear,Daylight,Dry,Fatal,Cyclist Collisions,Driver,15 to 19,None,,West,"Automobile, Station Wagon",Going Ahead,Speed too Fast For Condition,Normal,,,,,,,,Yes,Yes,,,,,,Yes,Yes,,,,146,Malvern East,132,Malvern (132),D42,1244
-8839975.83073899,5408727.27594984,81321753,,2019,2019/06/03 04:00:00+00,1936,LAKE SHORE BLVD W,NEWFOUNDLAND RD,,Major Arterial,Scarborough,10,43.63238,-79.410854,Intersection,At Intersection,Traffic Signal,Clear,Daylight,Dry,Non-Fatal Injury,Cyclist Collisions,Driver,20 to 24,Major,,East,"Automobile, Station Wagon",Turning Right,Failed to Yield Right of Way,Normal,,,,,,,,Yes,Yes,,,,,,,Yes,,,,163,Fort York-Liberty Village,82,Niagara (82),D14,1245
-8842957.63461938,5421817.29486873,81503950,1070817,2020,2020/06/10 04:00:00+00,2115,LAWRENCE AVE W,VARNA DR,,Major Arterial,North York,8,43.717429,-79.43764,Intersection,At Intersection,Traffic Signal,Rain,"Dark, artificial",Wet,Non-Fatal Injury,Cyclist Collisions,Passenger,55 to 59,None,,,,,,,,,,,,,,Yes,Yes,,,,,Yes,,,,,,32,Englemount-Lawrence,32,Englemount-Lawrence (32),D13,1246
-8838388.41480028,5415240.33849623,80497099,,2015,2015/06/13 04:00:00+00,2320,AVENUE RD,DAVENPORT RD,,Major Arterial,Toronto and East York,11,43.674712,-79.396594,Intersection,At Intersection,Traffic Signal,Clear,"Dark, artificial",Dry,Fatal,Cyclist Collisions,Cyclist,25 to 29,Fatal,31,South,Bicycle,Turning Left,,,,,,Cyclist turned left across motorists path.,Failed to Yield Right of Way,Normal,,Yes,Yes,,,,,,,,,,,95,Annex,95,Annex (95),D53,1247
-8839489.14192524,5425801.59083528,7882127,1383447,2013,2013/08/23 04:00:00+00,1730,OLD YORK MILLS RD,YONGE ST,,Major Arterial,North York,815,43.743292,-79.406482,Intersection,,Stop Sign,Clear,Daylight,Dry,Non-Fatal Injury,Cyclist Collisions,Cyclist,30 to 34,Major,,South,Bicycle,Going Ahead,,,,,,"Motorist turns right at non-signal Inter.(stop, yield, no cont.,and dwy) and strikes cyclist.",Driving Properly,Normal,,Yes,Yes,,,,,,,Yes,,,,41,Bridle Path-Sunnybrook-York Mills,41,Bridle Path-Sunnybrook-York Mills (41),D32,1248
-8835893.18841415,5410968.75790664,80543119,,2016,2016/06/14 04:00:00+00,1246,58 THE ESPLANADE,,45 m West of,Collector,Toronto and East York,1013,43.646952,-79.374179,Mid-Block,Non Intersection,No Control,Clear,Daylight,Dry,Non-Fatal Injury,Cyclist Collisions,Cyclist,30 to 34,Major,,West,Bicycle,Pulling Onto Shoulder or towardCurb,,,,,,Cyclist and Driver travelling in same direction. One vehicle rear-ended the other.,Following too Close,Normal,,Yes,Yes,,,,,,,,,,,166,St Lawrence-East Bayfront-The Islands,77,Waterfront Communities-The Island (77),D51,1249
-8832639.54233724,5415934.34910501,81581336,1001663013,2021,2021/08/31 04:00:00+00,1553,723 PAPE AVE,,,Major Arterial,Toronto and East York,,43.679221,-79.344951,Mid-Block,Non Intersection,No Control,Clear,Daylight,Dry,Non-Fatal Injury,Cyclist Collisions,Cyclist,40 to 44,Major,,North,Bicycle,Going Ahead,,,,,,Cyclist struck opened vehicle door,Driving Properly,Normal,,Yes,Yes,,,,,,,Yes,,,,66,Danforth,66,Danforth (66),D55,1250
-8824347.01950958,5425024.09975447,7856672,1372585,2013,2013/08/28 04:00:00+00,545,KENNEDY RD,STRATTON AVE,,Major Arterial,Scarborough,21,43.738246,-79.270458,Intersection,,Stop Sign,Clear,Dark,Dry,Non-Fatal Injury,Cyclist Collisions,Driver,35 to 39,None,,South,"Automobile, Station Wagon",Going Ahead,Driving Properly,Normal,,,,,,,,Yes,Yes,,,,,,,,,,,125,Ionview,125,Ionview (125),D41,1251
-8835893.18841415,5410968.75790664,80543120,,2016,2016/06/14 04:00:00+00,1246,58 THE ESPLANADE,,45 m West of,Collector,Toronto and East York,1013,43.646952,-79.374179,Mid-Block,Non Intersection,No Control,Clear,Daylight,Dry,Non-Fatal Injury,Cyclist Collisions,Driver,25 to 29,None,,West,"Automobile, Station Wagon",Going Ahead,Driving Properly,Normal,,,,,,,,Yes,Yes,,,,,,,,,,,166,St Lawrence-East Bayfront-The Islands,77,Waterfront Communities-The Island (77),D51,1252
-8818470.68622958,5434251.59516367,80485494,4002616805,2014,2014/08/01 04:00:00+00,1722,SHEPPARD AVE E,NEILSON RD,,Major Arterial,Scarborough,2325,43.798106,-79.21767,Intersection,Intersection Related,Traffic Signal,Clear,Daylight,Dry,Fatal,Cyclist Collisions,Cyclist,15 to 19,Fatal,18,North,Bicycle,Going Ahead,,,,,,"Motorist without ROW drives into path of cyclist at inter, lnwy, dwy-Driver not turn.",Driving Properly,Inattentive,,Yes,Yes,,,,,,Yes,Yes,,,,146,Malvern East,132,Malvern (132),D42,1253
-8830797.4274036,5412846.87140157,81582428,1001676258,2021,2021/09/02 04:00:00+00,1117,LAKE SHORE BLVD E,LESLIE ST,3 m East of,Major Arterial,Toronto and East York,14,43.659159,-79.328403,Intersection,At Intersection,Traffic Signal,Clear,Daylight,Dry,Non-Fatal Injury,Cyclist Collisions,Driver,75 to 79,None,,South,"Automobile, Station Wagon",Turning Left,Failed to Yield Right of Way,Inattentive,,,,,,,,Yes,Yes,,,,,,,Yes,,,,70,South Riverdale,70,South Riverdale (70),D55,1254
-8838250.82390966,5415264.96428322,80771534,,2017,2017/06/08 04:00:00+00,1030,DAVENPORT RD,AVENUE RD,100 m East of,Major Arterial,Toronto and East York,11,43.674872,-79.395358,Mid-Block,Non Intersection,No Control,Clear,Daylight,Dry,Non-Fatal Injury,Cyclist Collisions,Truck Driver,35 to 39,None,,East,"Truck - Closed (Blazer, etc)",Going Ahead,Other,Normal,,,,,,,,Yes,,,Yes,,,,,,,,,95,Annex,95,Annex (95),D53,1255
-8838388.41480028,5415240.33849623,80497100,,2015,2015/06/13 04:00:00+00,2320,AVENUE RD,DAVENPORT RD,,Major Arterial,Toronto and East York,11,43.674712,-79.396594,Intersection,At Intersection,Traffic Signal,Clear,"Dark, artificial",Dry,Fatal,Cyclist Collisions,Driver,15 to 19,None,,North,"Automobile, Station Wagon",Going Ahead,Other,Unknown,,,,,,,,Yes,Yes,,,,,,,,,,,95,Annex,95,Annex (95),D53,1256
-8824347.01950958,5425024.09975447,7856673,1372585,2013,2013/08/28 04:00:00+00,545,KENNEDY RD,STRATTON AVE,,Major Arterial,Scarborough,21,43.738246,-79.270458,Intersection,,Stop Sign,Clear,Dark,Dry,Non-Fatal Injury,Cyclist Collisions,Cyclist,40 to 44,Major,,West,Bicycle,Going Ahead,,,,,,"Cyclist without ROW rides into path of motorist at inter, lnwy, dwy-Cyclist not turn.",Failed to Yield Right of Way,Inattentive,,Yes,Yes,,,,,,,,,,,125,Ionview,125,Ionview (125),D41,1257
-8835363.19631848,5412122.62856999,81484975,1086962,2020,2020/06/13 04:00:00+00,1040,SHERBOURNE ST,QUEEN ST E,,Major Arterial,Toronto and East York,13,43.654452,-79.369418,Intersection,At Intersection,Traffic Signal,Clear,Daylight,Dry,Non-Fatal Injury,Cyclist Collisions,Cyclist,55 to 59,Major,,South,Bicycle,Going Ahead,,,,,,"Cyclist without ROW rides into path of motorist at inter, lnwy, dwy-Cyclist not turn.",Disobeyed Traffic Control,Normal,,Yes,Yes,,,,,,,,,,,73,Moss Park,73,Moss Park (73),D51,1258
-8839975.83073899,5408727.27594984,81321754,,2019,2019/06/03 04:00:00+00,1936,LAKE SHORE BLVD W,NEWFOUNDLAND RD,,Major Arterial,Scarborough,10,43.63238,-79.410854,Intersection,At Intersection,Traffic Signal,Clear,Daylight,Dry,Non-Fatal Injury,Cyclist Collisions,Cyclist,25 to 29,Minimal,,East,Bicycle,Going Ahead,,,,,,Motorist turning right on green or amber at signalized intersection strikes cyclist.,Driving Properly,Normal,,Yes,Yes,,,,,,,Yes,,,,163,Fort York-Liberty Village,82,Niagara (82),D14,1259
-8818470.68622958,5434251.59516367,80485495,4002616805,2014,2014/08/01 04:00:00+00,1722,SHEPPARD AVE E,NEILSON RD,,Major Arterial,Scarborough,2325,43.798106,-79.21767,Intersection,Intersection Related,Traffic Signal,Clear,Daylight,Dry,Fatal,Cyclist Collisions,Driver,50 to 54,None,,North,"Automobile, Station Wagon",Going Ahead,Speed too Fast For Condition,Inattentive,,,,,,,,Yes,Yes,,,,,,Yes,Yes,,,,146,Malvern East,132,Malvern (132),D42,1260
-8828485.65553829,5418058.41642742,80169465,4002616859,2014,2014/08/01 04:00:00+00,1730,WESTLAKE AVE,WESTBROOK AVE,,Local,Toronto and East York,19,43.693019,-79.307636,Intersection,At Intersection,Stop Sign,Clear,Daylight,Dry,Non-Fatal Injury,Cyclist Collisions,Driver,65 to 69,None,,South,"Automobile, Station Wagon",Going Ahead,Driving Properly,Normal,,,,,,,,Yes,Yes,,,,,,,,,,,60,Woodbine-Lumsden,60,Woodbine-Lumsden (60),D55,1261
-8835363.19631848,5412122.62856999,81484976,1086962,2020,2020/06/13 04:00:00+00,1040,SHERBOURNE ST,QUEEN ST E,,Major Arterial,Toronto and East York,13,43.654452,-79.369418,Intersection,At Intersection,Traffic Signal,Clear,Daylight,Dry,Non-Fatal Injury,Cyclist Collisions,Driver,50 to 54,None,,East,Pick Up Truck,Going Ahead,Driving Properly,Normal,,,,,,,,Yes,Yes,,,,,,,,,,,73,Moss Park,73,Moss Park (73),D51,1262
-8820665.23867108,5433800.95064778,80563229,,2016,2016/06/20 04:00:00+00,1307,ORMEROD ST,VERNE CRES,32 m East of,Local,Scarborough,23,43.795184,-79.237384,Intersection,Intersection Related,No Control,Clear,Daylight,Dry,Non-Fatal Injury,Cyclist Collisions,Driver,50 to 54,None,,West,"Automobile, Station Wagon",Overtaking,Improper Passing,Normal,,,,,,,,Yes,Yes,,,,,,,Yes,,,,145,Malvern West,132,Malvern (132),D42,1263
-8836211.67347731,5430112.41618433,80241811,,2015,2015/06/17 04:00:00+00,830,ARROWSTOOK RD,BURBANK DR,,Local,North York,17,43.771262,-79.37704,Intersection,At Intersection,Stop Sign,Clear,Daylight,Dry,Non-Fatal Injury,Cyclist Collisions,Driver,35 to 39,None,,West,"Automobile, Station Wagon",Turning Right,Other,Unknown,,,,,,,,Yes,Yes,,,,,Yes,,,,,,52,Bayview Village,52,Bayview Village (52),D33,1264
-8828485.65553829,5418058.41642742,80169466,4002616859,2014,2014/08/01 04:00:00+00,1730,WESTLAKE AVE,WESTBROOK AVE,,Local,Toronto and East York,19,43.693019,-79.307636,Intersection,At Intersection,Stop Sign,Clear,Daylight,Dry,Non-Fatal Injury,Cyclist Collisions,Cyclist,25 to 29,Major,,West,Bicycle,Going Ahead,,,,,,"Cyclist without ROW rides into path of motorist at inter, lnwy, dwy-Cyclist not turn.",Disobeyed Traffic Control,Normal,,Yes,Yes,,,,,,,,,,,60,Woodbine-Lumsden,60,Woodbine-Lumsden (60),D55,1265
-8838250.82390966,5415264.96428322,80771535,,2017,2017/06/08 04:00:00+00,1030,DAVENPORT RD,AVENUE RD,100 m East of,Major Arterial,Toronto and East York,11,43.674872,-79.395358,Mid-Block,Non Intersection,No Control,Clear,Daylight,Dry,Non-Fatal Injury,Cyclist Collisions,Cyclist,20 to 24,Major,,East,Bicycle,Going Ahead,,,,,,Cyclist and Driver travelling in same direction. One vehicle sideswipes the other.,Other,Normal,,Yes,,,Yes,,,,,,,,,95,Annex,95,Annex (95),D53,1266
-8830797.4274036,5412846.87140157,81582429,1001676258,2021,2021/09/02 04:00:00+00,1117,LAKE SHORE BLVD E,LESLIE ST,3 m East of,Major Arterial,Toronto and East York,14,43.659159,-79.328403,Intersection,At Intersection,Traffic Signal,Clear,Daylight,Dry,Non-Fatal Injury,Cyclist Collisions,Cyclist,50 to 54,Major,,North,Bicycle,Going Ahead,,,,,,Motorist turned left across cyclists path.,Driving Properly,Normal,,Yes,Yes,,,,,,,Yes,,,,70,South Riverdale,70,South Riverdale (70),D55,1267
-8840262.03314982,5413091.68354871,7883861,1384125,2013,2013/09/01 04:00:00+00,1220,HARBORD St,EUCLID Ave,,Minor Arterial,Toronto and East York,11,43.66075,-79.413425,Intersection,,Traffic Controller,Clear,Daylight,Dry,Non-Fatal Injury,Cyclist Collisions,Driver,70 to 74,None,,East,"Automobile, Station Wagon",Going Ahead,Driving Properly,Normal,,,,,,,,Yes,Yes,,,,,,,,,,,80,Palmerston-Little Italy,80,Palmerston-Little Italy (80),D14,1268
-8841951.30642261,5410227.58739426,81269873,,2019,2019/06/15 04:00:00+00,48,QUEEN ST W,DUFFERIN ST,,Major Arterial,Toronto and East York,4910,43.642134,-79.4286,Intersection,At Intersection,Traffic Signal,Clear,"Dark, artificial",Dry,Non-Fatal Injury,Cyclist Collisions,Driver,20 to 24,None,,West,"Automobile, Station Wagon",Turning Left,Failed to Yield Right of Way,Normal,,,,,,,,Yes,Yes,,,,,,,Yes,,,,85,South Parkdale,85,South Parkdale (85),D14,1269
-8830249.6241894,5416576.69015842,80771754,,2017,2017/06/09 04:00:00+00,1543,DANFORTH AV,COXWELL AV              (542),10 m East of,Major Arterial,Toronto and East York,1419,43.683394,-79.323482,Intersection,Intersection Related,Traffic Signal,Clear,Daylight,Dry,Non-Fatal Injury,Cyclist Collisions,Cyclist,60 to 64,Major,,West,Bicycle,Changing Lanes,,,,,,Cyclist and Driver travelling in same direction. One vehicle sideswipes the other.,Improper Lane Change,Normal,,Yes,Yes,,,,,,,,,,,64,Woodbine Corridor,66,Danforth (66),D55,1270
-8820665.23867108,5433800.95064778,80563230,,2016,2016/06/20 04:00:00+00,1307,ORMEROD ST,VERNE CRES,32 m East of,Local,Scarborough,23,43.795184,-79.237384,Intersection,Intersection Related,No Control,Clear,Daylight,Dry,Non-Fatal Injury,Cyclist Collisions,Cyclist,65 to 69,Major,,West,Bicycle,Turning Left,,,,,,Cyclist turned left across motorists path.,Improper Turn,Normal,,Yes,Yes,,,,,,,Yes,,,,145,Malvern West,132,Malvern (132),D42,1271
-8836672.87012766,5412853.33398959,81584048,1001735558,2021,2021/09/10 04:00:00+00,1926,GERRARD ST E,YONGE  ST,58 m East of,Minor Arterial,Toronto and East York,,43.659201,-79.381183,Mid-Block,Non Intersection,No Control,Clear,"Dark, artificial",Dry,Non-Fatal Injury,Cyclist Collisions,Driver,25 to 29,None,,West,Delivery Van,Pulling Onto Shoulder or towardCurb,Failed to Yield Right of Way,Normal,,,,,,,,Yes,Yes,,,,,Yes,,Yes,,,,168,Downtown Yonge East,75,Church-Yonge Corridor (75),D51,1272
-8839387.17327168,5422877.78793151,81483231,1153227,2020,2020/06/23 04:00:00+00,611,LAWRENCE AVE W,DUPLEX AVE,,Major Arterial,North York,8,43.724314,-79.405566,Intersection,At Intersection,Traffic Signal,Clear,Daylight,Dry,Non-Fatal Injury,Cyclist Collisions,Cyclist,20 to 24,Major,,North,Bicycle,Going Ahead,,,,,,"Cyclist without ROW rides into path of motorist at inter, lnwy, dwy-Cyclist not turn.",Disobeyed Traffic Control,Normal,,Yes,Yes,,,,,,,,,,,103,Lawrence Park South,103,Lawrence Park South (103),D53,1273
-8836211.67347731,5430112.41618433,80241812,,2015,2015/06/17 04:00:00+00,830,ARROWSTOOK RD,BURBANK DR,,Local,North York,17,43.771262,-79.37704,Intersection,At Intersection,Stop Sign,Clear,Daylight,Dry,Non-Fatal Injury,Cyclist Collisions,Cyclist,60 to 64,Major,,South,Bicycle,Going Ahead,,,,,,"Cyclist without ROW rides into path of motorist at inter, lnwy, dwy-Cyclist not turn.",Failed to Yield Right of Way,Inattentive,,Yes,Yes,,,,,Yes,,,,,,52,Bayview Village,52,Bayview Village (52),D33,1274
-8839387.17327168,5422877.78793151,81483232,1153227,2020,2020/06/23 04:00:00+00,611,LAWRENCE AVE W,DUPLEX AVE,,Major Arterial,North York,8,43.724314,-79.405566,Intersection,At Intersection,Traffic Signal,Clear,Daylight,Dry,Non-Fatal Injury,Cyclist Collisions,Driver,35 to 39,None,,East,"Automobile, Station Wagon",Going Ahead,Driving Properly,Normal,,,,,,,,Yes,Yes,,,,,,,,,,,103,Lawrence Park South,103,Lawrence Park South (103),D53,1275
-8842380.99965707,5416085.81011594,80631515,4002621781,2014,2014/08/02 04:00:00+00,1240,ST CLAIR AVE W,WINONA DR,,Major Arterial,Toronto and East York,912,43.680205,-79.43246,Intersection,Intersection Related,Traffic Signal,Clear,Daylight,Dry,Non-Fatal Injury,Cyclist Collisions,Driver,unknown,None,,West,"Automobile, Station Wagon",Overtaking,Failed to Yield Right of Way,Unknown,,,,,,,,Yes,Yes,,,,,,,Yes,,,,94,Wychwood,94,Wychwood (94),D13,1276
-8840262.03314982,5413091.68354871,7883862,1384125,2013,2013/09/01 04:00:00+00,1220,HARBORD St,EUCLID Ave,,Minor Arterial,Toronto and East York,11,43.66075,-79.413425,Intersection,,Traffic Controller,Clear,Daylight,Dry,Non-Fatal Injury,Cyclist Collisions,Cyclist,60 to 64,Major,,East,Bicycle,Changing Lanes,,,,,,Cyclist and Driver travelling in same direction. One vehicle sideswipes the other.,Improper Lane Change,Inattentive,,Yes,Yes,,,,,,,,,,,80,Palmerston-Little Italy,80,Palmerston-Little Italy (80),D14,1277
-8847924.3763401,5416035.32283629,80563739,,2016,2016/06/29 04:00:00+00,1908,99 HUMBER BLVD,,,Collector,Etobicoke York,5,43.679877,-79.482257,Mid-Block,At Intersection,No Control,Clear,Daylight,Dry,Non-Fatal Injury,Cyclist Collisions,Cyclist,10 to 14,Major,,West,Bicycle,Going Ahead,,,,,,"Cyclist without ROW rides into path of motorist at inter, lnwy, dwy-Cyclist not turn.",Failed to Yield Right of Way,Normal,,Yes,Yes,,,,,,,,,,,111,Rockcliffe-Smythe,111,Rockcliffe-Smythe (111),D12,1278
-8830249.6241894,5416576.69015842,80771755,,2017,2017/06/09 04:00:00+00,1543,DANFORTH AV,COXWELL AV              (542),10 m East of,Major Arterial,Toronto and East York,1419,43.683394,-79.323482,Intersection,Intersection Related,Traffic Signal,Clear,Daylight,Dry,Non-Fatal Injury,Cyclist Collisions,Driver,55 to 59,None,,West,"Automobile, Station Wagon",Going Ahead,Driving Properly,Normal,,,,,,,,Yes,Yes,,,,,,,,,,,64,Woodbine Corridor,66,Danforth (66),D55,1279
-8841951.30642261,5410227.58739426,81269874,,2019,2019/06/15 04:00:00+00,48,QUEEN ST W,DUFFERIN ST,,Major Arterial,Toronto and East York,4910,43.642134,-79.4286,Intersection,At Intersection,Traffic Signal,Clear,"Dark, artificial",Dry,Non-Fatal Injury,Cyclist Collisions,Cyclist,45 to 49,Major,,East,Bicycle,Going Ahead,,,,,,Motorist turned left across cyclists path.,Driving Properly,Normal,,Yes,Yes,,,,,,,Yes,,,,85,South Parkdale,85,South Parkdale (85),D14,1280
-8836211.67347731,5430112.41618433,80241813,,2015,2015/06/17 04:00:00+00,830,ARROWSTOOK RD,BURBANK DR,,Local,North York,17,43.771262,-79.37704,Intersection,At Intersection,Stop Sign,Clear,Daylight,Dry,Non-Fatal Injury,Cyclist Collisions,Passenger,0 to 4,None,,,,,,,,,,,,,,Yes,Yes,,,,,Yes,,,,,,52,Bayview Village,52,Bayview Village (52),D33,1281
-8842380.99965707,5416085.81011594,80631516,4002621781,2014,2014/08/02 04:00:00+00,1240,ST CLAIR AVE W,WINONA DR,,Major Arterial,Toronto and East York,912,43.680205,-79.43246,Intersection,Intersection Related,Traffic Signal,Clear,Daylight,Dry,Non-Fatal Injury,Cyclist Collisions,Cyclist,35 to 39,Major,,West,Bicycle,Going Ahead,,,,,,Cyclist and Driver travelling in same direction. One vehicle sideswipes the other.,Driving Properly,Normal,,Yes,Yes,,,,,,,Yes,,,,94,Wychwood,94,Wychwood (94),D13,1282
-8847924.3763401,5416035.32283629,80563740,,2016,2016/06/29 04:00:00+00,1908,99 HUMBER BLVD,,,Collector,Etobicoke York,5,43.679877,-79.482257,Mid-Block,At Intersection,No Control,Clear,Daylight,Dry,Non-Fatal Injury,Cyclist Collisions,Driver,35 to 39,None,,North,Pick Up Truck,Going Ahead,Driving Properly,Normal,,,,,,,,Yes,Yes,,,,,,,,,,,111,Rockcliffe-Smythe,111,Rockcliffe-Smythe (111),D12,1283
-8851170.45269164,5416653.04135903,81515342,1184792,2020,2020/06/27 04:00:00+00,1643,EGLINTON AVE W,SCARLETT RD,,Major Arterial,Etobicoke York,2120,43.68389,-79.511417,Intersection,At Intersection,Traffic Signal,Clear,Daylight,Dry,Non-Fatal Injury,Cyclist Collisions,Driver,35 to 39,None,,East,Pick Up Truck,Turning Right,Failed to Yield Right of Way,Normal,,,,,,,,Yes,Yes,,,,,,,Yes,,,,9,Edenbridge-Humber Valley,9,Edenbridge-Humber Valley (9),D22,1284
-8836672.87012766,5412853.33398959,81584049,1001735558,2021,2021/09/10 04:00:00+00,1926,GERRARD ST E,YONGE  ST,58 m East of,Minor Arterial,Toronto and East York,,43.659201,-79.381183,Mid-Block,Non Intersection,No Control,Clear,"Dark, artificial",Dry,Non-Fatal Injury,Cyclist Collisions,Cyclist,30 to 34,Major,,West,Bicycle,Going Ahead,,,,,,Cyclist and Driver travelling in same direction. One vehicle sideswipes the other.,Driving Properly,Normal,,Yes,Yes,,,,,Yes,,Yes,,,,168,Downtown Yonge East,75,Church-Yonge Corridor (75),D51,1285
-8828181.53068944,5421583.95654325,81137867,,2017,2017/06/11 04:00:00+00,1605,5 WAKUNDA PL,O CONNOR DR,,Major Arterial,Toronto and East York,19,43.715914,-79.304904,Intersection,Intersection Related,No Control,Clear,Daylight,Dry,Non-Fatal Injury,Cyclist Collisions,Cyclist,25 to 29,Major,,West,Bicycle,Other,,,,,,Insufficient information (to determine cyclist crash type).,Other,Unknown,,Yes,Yes,,,,,,,,,,,43,Victoria Village,43,Victoria Village (43),D55,1286
-8826512.62888347,5416087.04151645,80631963,4000009508,2014,2014/08/17 04:00:00+00,2159,KINGSTON RD,PICKERING ST,10 m East of,Major Arterial,Toronto and East York,19,43.680213,-79.289912,Intersection,At Intersection,No Control,Clear,"Dark, artificial",Dry,Non-Fatal Injury,Cyclist Collisions,Cyclist,15 to 19,Major,,West,Bicycle,Changing Lanes,,,,,,Cyclist and Driver travelling in same direction. One vehicle sideswipes the other.,Improper Lane Change,Inattentive,,Yes,Yes,,,,,,,,,,,63,The Beaches,63,The Beaches (63),D55,1287
-8851170.45269164,5416653.04135903,81515343,1184792,2020,2020/06/27 04:00:00+00,1643,EGLINTON AVE W,SCARLETT RD,,Major Arterial,Etobicoke York,2120,43.68389,-79.511417,Intersection,At Intersection,Traffic Signal,Clear,Daylight,Dry,Non-Fatal Injury,Cyclist Collisions,Cyclist,10 to 14,Major,,East,Bicycle,Going Ahead,,,,,,Motorist turning right on green or amber at signalized intersection strikes cyclist.,Driving Properly,Normal,,Yes,Yes,,,,,,,Yes,,,,9,Edenbridge-Humber Valley,9,Edenbridge-Humber Valley (9),D22,1288