X,Y,INDEX_,ACCNUM,YEAR,DATE,TIME,STREET1,STREET2,OFFSET,ROAD_CLASS,DISTRICT,WARDNUM,LATITUDE,LONGITUDE,LOCCOORD,ACCLOC,TRAFFCTL,VISIBILITY,LIGHT,RDSFCOND,ACCLASS,IMPACTYPE,INVTYPE,INVAGE,INJURY,FATAL_NO,INITDIR,VEHTYPE,MANOEUVER,DRIVACT,DRIVCOND,PEDTYPE,PEDACT,PEDCOND,CYCLISTYPE,CYCACT,CYCCOND,PEDESTRIAN,CYCLIST,AUTOMOBILE,MOTORCYCLE,TRUCK,TRSN_CITY_VEH,EMERG_VEH,PASSENGER,SPEEDING,AG_DRIV,REDLIGHT,ALCOHOL,DISABILITY,HOOD_158,NEIGHBOURHOOD_158,HOOD_140,NEIGHBOURHOOD_140,DIVISION,ObjectId
-8850858.75811742,5422352.53212644,80563774,,2016,2016/06/30 04:00:00+00,1143,JANE ST,WILSON AVE,5 m South of,Major Arterial,Etobicoke York,76,43.720904,-79.508617,Intersection,Intersection Related,Traffic Signal,Clear,Daylight,Dry,Non-Fatal Injury,Cyclist Collisions,Cyclist,20 to 24,Major,,East,Bicycle,Going Ahead,,,,,,Motorist turning right on green or amber at signalized intersection strikes cyclist.,Driving Properly,Normal,,Yes,,,Yes,,,,,,,,,154,Oakdale-Beverley Heights,26,Downsview-Roding-CFB (26),D31,1289
-8836211.67347731,5430112.41618433,80241814,,2015,2015/06/17 04:00:00+00,830,ARROWSTOOK RD,BURBANK DR,,Local,North York,17,43.771262,-79.37704,Intersection,At Intersection,Stop Sign,Clear,Daylight,Dry,Non-Fatal Injury,Cyclist Collisions,Passenger,5 to 9,None,,,,,,,,,,,,,,Yes,Yes,,,,,Yes,,,,,,52,Bayview Village,52,Bayview Village (52),D33,1290
-8857245.4912627,5410243.43163813,7858531,1373362,2013,2013/09/02 04:00:00+00,2152,THE WEST MALL,CIVIC CENTRE CRT,,Minor Arterial,Etobicoke York,2,43.642237,-79.56599,Intersection,,Traffic Signal,Clear,Dark,Dry,Non-Fatal Injury,Cyclist Collisions,Driver,unknown,None,,West,"Automobile, Station Wagon",Turning Right,Failed to Yield Right of Way,Normal,,,,,,,,Yes,Yes,,,,,,,Yes,,,,13,Etobicoke West Mall,13,Etobicoke West Mall (13),D22,1291
-8828181.53068944,5421583.95654325,81137868,,2017,2017/06/11 04:00:00+00,1605,5 WAKUNDA PL,O CONNOR DR,,Major Arterial,Toronto and East York,19,43.715914,-79.304904,Intersection,Intersection Related,No Control,Clear,Daylight,Dry,Non-Fatal Injury,Cyclist Collisions,Driver,40 to 44,None,,East,"Automobile, Station Wagon",Going Ahead,Driving Properly,Normal,,,,,,,,Yes,Yes,,,,,,,,,,,43,Victoria Village,43,Victoria Village (43),D55,1292
-8838581.22015833,5420158.79557702,81504801,1311242,2020,2020/07/15 04:00:00+00,950,YONGE ST,EGLINTON AVE E,16 m West of,Major Arterial,North York,812,43.70666,-79.398326,Intersection,At Intersection,Traffic Signal,Clear,Daylight,Dry,Non-Fatal Injury,Cyclist Collisions,Cyclist,60 to 64,Major,,East,Bicycle,Going Ahead,,,,,,Cyclist and Driver travelling in same direction. One vehicle sideswipes the other.,Improper Passing,Inattentive,,Yes,,,Yes,,,,,,,,,174,South Eglinton-Davisville,104,Mount Pleasant West (104),D53,1293
-8826512.62888347,5416087.04151645,80631964,4000009508,2014,2014/08/17 04:00:00+00,2159,KINGSTON RD,PICKERING ST,10 m East of,Major Arterial,Toronto and East York,19,43.680213,-79.289912,Intersection,At Intersection,No Control,Clear,"Dark, artificial",Dry,Non-Fatal Injury,Cyclist Collisions,Driver,50 to 54,None,,West,"Automobile, Station Wagon",Going Ahead,Driving Properly,Normal,,,,,,,,Yes,Yes,,,,,,,,,,,63,The Beaches,63,The Beaches (63),D55,1294
-8835910.99953268,5413423.29048509,80242116,,2015,2015/06/20 04:00:00+00,155,CARLTON ST,HOMEWOOD AVE,,Minor Arterial,Toronto and East York,13,43.662905,-79.374339,Intersection,At Intersection,Stop Sign,Clear,"Dark, artificial",Dry,Non-Fatal Injury,Cyclist Collisions,Cyclist,40 to 44,Major,,South,Bicycle,Going Ahead,,,,,,"Cyclist without ROW rides into path of motorist at inter, lnwy, dwy-Cyclist not turn.",Disobeyed Traffic Control,Had Been Drinking,,Yes,Yes,,,,,,,,,,,73,Moss Park,73,Moss Park (73),D51,1295
-8851992.54713114,5406350.25618796,81270536,,2019,2019/06/16 04:00:00+00,1710,EVANS AVE,HORNER AVE,,Major Arterial,Etobicoke York,3,43.616923,-79.518802,Intersection,At Intersection,Traffic Signal,Clear,Daylight,Dry,Non-Fatal Injury,Cyclist Collisions,Cyclist,50 to 54,Major,,East,Bicycle,Going Ahead,,,,,,"Cyclist without ROW rides into path of motorist at inter, lnwy, dwy-Cyclist not turn.",Disobeyed Traffic Control,Normal,,Yes,Yes,,,,,,,,,,,160,Mimico-Queensway,17,Mimico (includes Humber Bay Shores) (17),D22,1296
-8832332.07790367,5415963.74835492,80770489,,2017,2017/06/28 04:00:00+00,1800,DANFORTH AVE,WOODYCREST AVE,33 m West of,Major Arterial,Toronto and East York,14,43.679412,-79.342189,Mid-Block,At/Near Private Drive,No Control,Clear,Daylight,Dry,Non-Fatal Injury,Cyclist Collisions,Driver,35 to 39,None,,West,"Automobile, Station Wagon",Turning Left,Improper Turn,Inattentive,,,,,,,,Yes,Yes,,,,,Yes,,,,,,69,Blake-Jones,69,Blake-Jones (69),D55,1297
-8835910.99953268,5413423.29048509,80242117,,2015,2015/06/20 04:00:00+00,155,CARLTON ST,HOMEWOOD AVE,,Minor Arterial,Toronto and East York,13,43.662905,-79.374339,Intersection,At Intersection,Stop Sign,Clear,"Dark, artificial",Dry,Non-Fatal Injury,Cyclist Collisions,Driver,40 to 44,None,,East,"Automobile, Station Wagon",Going Ahead,Driving Properly,Normal,,,,,,,,Yes,Yes,,,,,,,,,,,73,Moss Park,73,Moss Park (73),D51,1298
-8838581.22015833,5420158.79557702,81504802,1311242,2020,2020/07/15 04:00:00+00,950,YONGE ST,EGLINTON AVE E,16 m West of,Major Arterial,North York,812,43.70666,-79.398326,Intersection,At Intersection,Traffic Signal,Clear,Daylight,Dry,Non-Fatal Injury,Cyclist Collisions,Truck Driver,35 to 39,None,,East,Truck - Tank,Going Ahead,Driving Properly,Normal,,,,,,,,Yes,,,Yes,,,,,,,,,174,South Eglinton-Davisville,104,Mount Pleasant West (104),D53,1299
-8850858.75811742,5422352.53212644,80563775,,2016,2016/06/30 04:00:00+00,1143,JANE ST,WILSON AVE,5 m South of,Major Arterial,Etobicoke York,76,43.720904,-79.508617,Intersection,Intersection Related,Traffic Signal,Clear,Daylight,Dry,Non-Fatal Injury,Cyclist Collisions,Truck Driver,30 to 34,None,,East,"Truck - Closed (Blazer, etc)",Turning Right,Other,Normal,,,,,,,,Yes,,,Yes,,,,,,,,,154,Oakdale-Beverley Heights,26,Downsview-Roding-CFB (26),D31,1300
-8836672.87012766,5412853.33398959,81584050,1001735558,2021,2021/09/10 04:00:00+00,1926,GERRARD ST E,YONGE  ST,58 m East of,Minor Arterial,Toronto and East York,,43.659201,-79.381183,Mid-Block,Non Intersection,No Control,Clear,"Dark, artificial",Dry,Non-Fatal Injury,Cyclist Collisions,Passenger,20 to 24,None,,,,,,,,,,,,,,Yes,Yes,,,,,Yes,,Yes,,,,168,Downtown Yonge East,75,Church-Yonge Corridor (75),D51,1301
-8845254.15571444,5410535.0936399,81511464,1357752,2020,2020/07/21 04:00:00+00,1835,CENTRE RD,HIGH PARK BLVD,,Major Arterial,Etobicoke York,,43.644133,-79.45827,Intersection,At Intersection,Stop Sign,Clear,Daylight,Dry,Non-Fatal Injury,Cyclist Collisions,Cyclist,50 to 54,Major,,South,Bicycle,Turning Left,,,,,,Cyclist turned left across motorists path.,Disobeyed Traffic Control,Inattentive,,Yes,Yes,,,,,,,Yes,,,,87,High Park-Swansea,87,High Park-Swansea (87),D11,1302
-8851992.54713114,5406350.25618796,81270537,,2019,2019/06/16 04:00:00+00,1710,EVANS AVE,HORNER AVE,,Major Arterial,Etobicoke York,3,43.616923,-79.518802,Intersection,At Intersection,Traffic Signal,Clear,Daylight,Dry,Non-Fatal Injury,Cyclist Collisions,Driver,70 to 74,None,,North,"Automobile, Station Wagon",Going Ahead,Driving Properly,Normal,,,,,,,,Yes,Yes,,,,,,,,,,,160,Mimico-Queensway,17,Mimico (includes Humber Bay Shores) (17),D22,1303
-8832332.07790367,5415963.74835492,80770490,,2017,2017/06/28 04:00:00+00,1800,DANFORTH AVE,WOODYCREST AVE,33 m West of,Major Arterial,Toronto and East York,14,43.679412,-79.342189,Mid-Block,At/Near Private Drive,No Control,Clear,Daylight,Dry,Non-Fatal Injury,Cyclist Collisions,Cyclist,35 to 39,Major,,East,Bicycle,Going Ahead,,,,,,Motorist turned left across cyclists path.,Driving Properly,Normal,,Yes,Yes,,,,,Yes,,,,,,69,Blake-Jones,69,Blake-Jones (69),D55,1304
-8857245.4912627,5410243.43163813,7858532,1373362,2013,2013/09/02 04:00:00+00,2152,THE WEST MALL,CIVIC CENTRE CRT,,Minor Arterial,Etobicoke York,2,43.642237,-79.56599,Intersection,,Traffic Signal,Clear,Dark,Dry,Non-Fatal Injury,Cyclist Collisions,Cyclist,25 to 29,Major,,North,Bicycle,Going Ahead,,,,,,Motorist turning right on red at signalized intersection strikes cyclist.,Driving Properly,Normal,,Yes,Yes,,,,,,,Yes,,,,13,Etobicoke West Mall,13,Etobicoke West Mall (13),D22,1305
-8826513.63075889,5416097.66235268,81132096,4002723007,2014,2014/08/17 04:00:00+00,2159,KINGSTON RD,PICKERING ST,,Major Arterial,Toronto and East York,19,43.680282,-79.289921,Mid-Block,Non Intersection,No Control,Clear,"Dark, artificial",Dry,Non-Fatal Injury,Cyclist Collisions,Cyclist,15 to 19,Major,,West,Bicycle,Changing Lanes,,,,,,,Improper Lane Change,Inattentive,,Yes,Yes,,,,,,,,,,,63,The Beaches,62,East End-Danforth (62),D55,1306
-8832175.00610216,5411978.30992847,7886796,1385469,2013,2013/09/09 04:00:00+00,1047,LAKE SHORE BLVD E,BOOTH AVE,,Major Arterial,Toronto and East York,14,43.653514,-79.340778,Intersection,,Stop Sign,Clear,Daylight,Dry,Non-Fatal Injury,Cyclist Collisions,Vehicle Owner,unknown,,,,Other,,,,,,,,,,,Yes,Yes,,,,,,,Yes,,,,70,South Riverdale,70,South Riverdale (70),D55,1307
-8845254.15571444,5410535.0936399,81511465,1357752,2020,2020/07/21 04:00:00+00,1835,CENTRE RD,HIGH PARK BLVD,,Major Arterial,Etobicoke York,,43.644133,-79.45827,Intersection,At Intersection,Stop Sign,Clear,Daylight,Dry,Non-Fatal Injury,Cyclist Collisions,Driver,60 to 64,None,,West,"Automobile, Station Wagon",Turning Left,Driving Properly,Normal,,,,,,,,Yes,Yes,,,,,,,Yes,,,,87,High Park-Swansea,87,High Park-Swansea (87),D11,1308
-8828703.06250381,5431814.95354039,81604149,1002105025,2021,2021/11/01 04:00:00+00,2205,2275 WARDEN AVE,,1 m South of,Major Arterial,Scarborough,,43.782305,-79.309589,Intersection,At/Near Private Drive,No Control,Clear,"Dark, artificial",Dry,Non-Fatal Injury,Cyclist Collisions,Driver,30 to 34,None,,South,"Automobile, Station Wagon",Turning Left,Failed to Yield Right of Way,Inattentive,,,,,,,,Yes,Yes,,,,,,,Yes,,,,118,Tam O'Shanter-Sullivan,118,Tam O'Shanter-Sullivan (118),D42,1309
-8829644.04615949,5414498.82523976,80242504,,2015,2015/06/24 04:00:00+00,1325,COXWELL AVE,ROBBINS AVE,5 m South of,Minor Arterial,Toronto and East York,1419,43.669894,-79.318042,Intersection,Non Intersection,No Control,Clear,Daylight,Dry,Non-Fatal Injury,Cyclist Collisions,Cyclist,25 to 29,Major,,South,Bicycle,Going Ahead,,,,,,Cyclist falls off bike - no contact with motorist.,Driving Properly,Normal,,Yes,,,,,,,,,,,,64,Woodbine Corridor,64,Woodbine Corridor (64),D55,1310
-8826513.63075889,5416097.66235268,81132097,4002723007,2014,2014/08/17 04:00:00+00,2159,KINGSTON RD,PICKERING ST,,Major Arterial,Toronto and East York,19,43.680282,-79.289921,Mid-Block,Non Intersection,No Control,Clear,"Dark, artificial",Dry,Non-Fatal Injury,Cyclist Collisions,Driver,50 to 54,None,,West,"Automobile, Station Wagon",Going Ahead,Driving Properly,Normal,,,,,,,,Yes,Yes,,,,,,,,,,,63,The Beaches,62,East End-Danforth (62),D55,1311
-8838768.90481981,5412649.14916717,81510807,1419288,2020,2020/07/30 04:00:00+00,1340,SPADINA AVE,COLLEGE ST,,Major Arterial,Scarborough,11,43.657874,-79.400012,Intersection,At Intersection,Traffic Signal,Clear,Daylight,Dry,Non-Fatal Injury,Cyclist Collisions,Cyclist,20 to 24,Major,,North,Bicycle,Changing Lanes,,,,,,Cyclist and Driver travelling in same direction. One vehicle sideswipes the other.,Improper Lane Change,Inattentive,,Yes,Yes,,,,,,,,,,,78,Kensington-Chinatown,78,Kensington-Chinatown (78),D52,1312
-8832175.00610216,5411978.30992847,7886797,1385469,2013,2013/09/09 04:00:00+00,1047,LAKE SHORE BLVD E,BOOTH AVE,,Major Arterial,Toronto and East York,14,43.653514,-79.340778,Intersection,,Stop Sign,Clear,Daylight,Dry,Non-Fatal Injury,Cyclist Collisions,Driver,45 to 49,None,,South,"Automobile, Station Wagon",Turning Right,Failed to Yield Right of Way,Inattentive,,,,,,,,Yes,Yes,,,,,,,Yes,,,,70,South Riverdale,70,South Riverdale (70),D55,1313
-8828703.06250381,5431814.95354039,81604150,1002105025,2021,2021/11/01 04:00:00+00,2205,2275 WARDEN AVE,,1 m South of,Major Arterial,Scarborough,,43.782305,-79.309589,Intersection,At/Near Private Drive,No Control,Clear,"Dark, artificial",Dry,Non-Fatal Injury,Cyclist Collisions,Cyclist,40 to 44,Major,,North,Bicycle,Going Ahead,,,,,,Motorist turned left across cyclists path.,Driving Properly,Normal,,Yes,Yes,,,,,,,Yes,,,,118,Tam O'Shanter-Sullivan,118,Tam O'Shanter-Sullivan (118),D42,1314
-8824793.74462613,5422483.61222723,81456283,,2019,2019/06/19 04:00:00+00,925,BIRCHMOUNT RD,FOXRIDGE DR,,Minor Arterial,Scarborough,20,43.721755,-79.274471,Intersection,At Intersection,Traffic Signal,Clear,Daylight,Dry,Non-Fatal Injury,Cyclist Collisions,Cyclist,20 to 24,Major,,North,Bicycle,Changing Lanes,,,,,,Cyclist and Driver travelling in same direction. One vehicle sideswipes the other.,Improper Lane Change,Normal,,Yes,Yes,,,,,Yes,,,,,,124,Kennedy Park,124,Kennedy Park (124),D41,1315
-8832332.07790367,5415963.74835492,80770491,,2017,2017/06/28 04:00:00+00,1800,DANFORTH AVE,WOODYCREST AVE,33 m West of,Major Arterial,Toronto and East York,14,43.679412,-79.342189,Mid-Block,At/Near Private Drive,No Control,Clear,Daylight,Dry,Non-Fatal Injury,Cyclist Collisions,Passenger,0 to 4,None,,,,,,,,,,,,,,Yes,Yes,,,,,Yes,,,,,,69,Blake-Jones,69,Blake-Jones (69),D55,1316
-8841408.5125855,5414699.66510661,80545158,,2016,2016/07/05 04:00:00+00,1247,740 DUPONT ST,,,Major Arterial,Toronto and East York,11,43.671199,-79.423724,Mid-Block,Non Intersection,No Control,Clear,Daylight,Dry,Fatal,Cyclist Collisions,Cyclist,70 to 74,Fatal,41,West,Bicycle,Overtaking,,,,,,Cyclist strikes a parked vehicle.,Improper Passing,Unknown,,Yes,Yes,,,,,,,,,,,172,Dovercourt Village,93,Dovercourt-Wallace Emerson-Junction (93),D14,1317
-8831917.63543945,5418187.12616152,81651428,1002310021,2021,2021/11/30 05:00:00+00,1700,PLAINS RD,GREENWOOD AV,,,,,43.693855,-79.338466,Intersection,At Intersection,Stop Sign,Rain,"Dusk, artificial",Wet,Non-Fatal Injury,Cyclist Collisions,Driver,unknown,None,,West,"Automobile, Station Wagon",Going Ahead,Failed to Yield Right of Way,Inattentive,,,,,,,,Yes,Yes,,,,,,,Yes,,,,58,Old East York,58,Old East York (58),D55,1318
-8842070.19563878,5411883.22702333,80171466,4002735786,2014,2014/08/19 04:00:00+00,2120,COLLEGE ST,RUSHOLME PARK CRT,,Major Arterial,Toronto and East York,9,43.652896,-79.429668,Intersection,At Intersection,Stop Sign,Clear,"Dark, artificial",Dry,Non-Fatal Injury,Cyclist Collisions,Driver,25 to 29,None,,East,Delivery Van,Turning Right,Improper Turn,Inattentive,,,,,,,,Yes,Yes,,,,,,,,,,,84,Little Portugal,84,Little Portugal (84),D14,1319
-8824793.74462613,5422483.61222723,81456284,,2019,2019/06/19 04:00:00+00,925,BIRCHMOUNT RD,FOXRIDGE DR,,Minor Arterial,Scarborough,20,43.721755,-79.274471,Intersection,At Intersection,Traffic Signal,Clear,Daylight,Dry,Non-Fatal Injury,Cyclist Collisions,Driver,25 to 29,None,,North,"Automobile, Station Wagon",Going Ahead,Driving Properly,Normal,,,,,,,,Yes,Yes,,,,,Yes,,,,,,124,Kennedy Park,124,Kennedy Park (124),D41,1320
-8832332.07790367,5415963.74835492,80770492,,2017,2017/06/28 04:00:00+00,1800,DANFORTH AVE,WOODYCREST AVE,33 m West of,Major Arterial,Toronto and East York,14,43.679412,-79.342189,Mid-Block,At/Near Private Drive,No Control,Clear,Daylight,Dry,Non-Fatal Injury,Cyclist Collisions,Passenger,0 to 4,None,,,,,,,,,,,,,,Yes,Yes,,,,,Yes,,,,,,69,Blake-Jones,69,Blake-Jones (69),D55,1321
-8838768.90481981,5412649.14916717,81510808,1419288,2020,2020/07/30 04:00:00+00,1340,SPADINA AVE,COLLEGE ST,,Major Arterial,Scarborough,11,43.657874,-79.400012,Intersection,At Intersection,Traffic Signal,Clear,Daylight,Dry,Non-Fatal Injury,Cyclist Collisions,Driver,45 to 49,None,,North,Pick Up Truck,Going Ahead,Driving Properly,Normal,,,,,,,,Yes,Yes,,,,,,,,,,,78,Kensington-Chinatown,78,Kensington-Chinatown (78),D52,1322
-8832175.00610216,5411978.30992847,7886798,1385469,2013,2013/09/09 04:00:00+00,1047,LAKE SHORE BLVD E,BOOTH AVE,,Major Arterial,Toronto and East York,14,43.653514,-79.340778,Intersection,,Stop Sign,Clear,Daylight,Dry,Non-Fatal Injury,Cyclist Collisions,Cyclist,65 to 69,Major,,West,Bicycle,Going Ahead,,,,,,"Motorist turns right at non-signal Inter.(stop, yield, no cont.,and dwy) and strikes cyclist.",Driving Properly,Normal,,Yes,Yes,,,,,,,Yes,,,,70,South Riverdale,70,South Riverdale (70),D55,1323
-8843163.24171888,5417509.88058509,81487299,1494344,2020,2020/08/10 04:00:00+00,1117,OAKWOOD AVE,JESMOND AVE,25 m South of,Minor Arterial,North York,,43.689456,-79.439487,Intersection,At Intersection,Traffic Signal,Clear,Daylight,Dry,Non-Fatal Injury,Cyclist Collisions,Cyclist,15 to 19,Major,,North,Bicycle,Making U Turn,,,,,,,Improper Turn,Normal,,Yes,Yes,,,,,,,,,,,107,Oakwood Village,107,Oakwood Village (107),D13,1324
-8841408.5125855,5414699.66510661,80545159,,2016,2016/07/05 04:00:00+00,1247,740 DUPONT ST,,,Major Arterial,Toronto and East York,11,43.671199,-79.423724,Mid-Block,Non Intersection,No Control,Clear,Daylight,Dry,Fatal,Cyclist Collisions,Driver - Not Hit,unknown,None,,,Passenger Van,,,,,,,,,,,Yes,Yes,,,,,,,,,,,172,Dovercourt Village,93,Dovercourt-Wallace Emerson-Junction (93),D14,1325
-8839558.82792648,5415260.80867706,80244877,,2015,2015/07/17 04:00:00+00,827,SPADINA RD,DUPONT ST,,Major Arterial,Toronto and East York,11,43.674845,-79.407108,Intersection,Intersection Related,Traffic Signal,Clear,Daylight,Wet,Non-Fatal Injury,Cyclist Collisions,Truck Driver,60 to 64,None,,North,Truck - Tank,Turning Right,Improper Turn,Inattentive,,,,,,,,Yes,,,Yes,,,,,,,,,95,Annex,95,Annex (95),D53,1326
-8849289.26461672,5415461.04945501,80757123,,2017,2017/06/30 04:00:00+00,1304,847 JANE ST,,,Collector,Etobicoke York,5,43.676146,-79.494518,Mid-Block,Non Intersection,No Control,Clear,Daylight,Dry,Fatal,Cyclist Collisions,Cyclist,70 to 74,Fatal,28,West,Bicycle,Going Ahead,,,,,,"Motorist turns right at non-signal Inter.(stop, yield, no cont.,and dwy) and strikes cyclist.",Driving Properly,Normal,,Yes,Yes,,,,,,,,,,,111,Rockcliffe-Smythe,111,Rockcliffe-Smythe (111),D12,1327
-8831917.63543945,5418187.12616152,81651429,1002310021,2021,2021/11/30 05:00:00+00,1700,PLAINS RD,GREENWOOD AV,,,,,43.693855,-79.338466,Intersection,At Intersection,Stop Sign,Rain,"Dusk, artificial",Wet,Non-Fatal Injury,Cyclist Collisions,Cyclist,65 to 69,Major,,South,Bicycle,Going Ahead,,,,,,,Driving Properly,Normal,,Yes,Yes,,,,,,,Yes,,,,58,Old East York,58,Old East York (58),D55,1328
-8842070.19563878,5411883.22702333,80171467,4002735786,2014,2014/08/19 04:00:00+00,2120,COLLEGE ST,RUSHOLME PARK CRT,,Major Arterial,Toronto and East York,9,43.652896,-79.429668,Intersection,At Intersection,Stop Sign,Clear,"Dark, artificial",Dry,Non-Fatal Injury,Cyclist Collisions,Cyclist,40 to 44,Major,,North,Bicycle,Going Ahead,,,,,,"Motorist turns right at non-signal Inter.(stop, yield, no cont.,and dwy) and strikes cyclist.",Driving Properly,Normal,,Yes,Yes,,,,,,,,,,,84,Little Portugal,84,Little Portugal (84),D14,1329
-8842413.2823094,5414467.73777326,7890669,1386897,2013,2013/09/15 04:00:00+00,1937,DUPONT St,DOVERCOURT Rd,,Major Arterial,Toronto and East York,9,43.669692,-79.43275,Intersection,,Traffic Signal,Rain,"Dark, artificial",Wet,Non-Fatal Injury,Cyclist Collisions,Driver,20 to 24,None,,West,"Automobile, Station Wagon",Going Ahead,Improper Passing,Inattentive,,,,,,,,Yes,Yes,,,,,,,Yes,,,,172,Dovercourt Village,93,Dovercourt-Wallace Emerson-Junction (93),D14,1330
-8841408.5125855,5414699.66510661,80545160,,2016,2016/07/05 04:00:00+00,1247,740 DUPONT ST,,,Major Arterial,Toronto and East York,11,43.671199,-79.423724,Mid-Block,Non Intersection,No Control,Clear,Daylight,Dry,Fatal,Cyclist Collisions,Other,unknown,None,,West,,Parked,,,,,,,,,,Yes,Yes,,,,,,,,,,,172,Dovercourt Village,93,Dovercourt-Wallace Emerson-Junction (93),D14,1331
-8824793.74462613,5422483.61222723,81456285,,2019,2019/06/19 04:00:00+00,925,BIRCHMOUNT RD,FOXRIDGE DR,,Minor Arterial,Scarborough,20,43.721755,-79.274471,Intersection,At Intersection,Traffic Signal,Clear,Daylight,Dry,Non-Fatal Injury,Cyclist Collisions,Passenger,20 to 24,Minimal,,,,,,,,,,,,,,Yes,Yes,,,,,Yes,,,,,,124,Kennedy Park,124,Kennedy Park (124),D41,1332
-8835060.07334505,5412863.33562283,80564319,,2016,2016/07/11 04:00:00+00,27,429 DUNDAS ST E,,15 m North of,Major Arterial,Toronto and East York,13,43.659266,-79.366695,Intersection,Intersection Related,No Control,Clear,"Dark, artificial",Dry,Non-Fatal Injury,Cyclist Collisions,Cyclist,25 to 29,Major,,East,Bicycle,Going Ahead,,,,,,Cyclist and Driver travelling in same direction. One vehicle sideswipes the other.,Other,Had Been Drinking,,Yes,Yes,,,,,Yes,,,,,,73,Moss Park,73,Moss Park (73),D51,1333
-8835505.12866924,5414815.86181296,80171679,4002750756,2014,2014/08/22 04:00:00+00,122,BLOOR ST E,PARLIAMENT ST,,Major Arterial,Toronto and East York,13,43.671954,-79.370693,Intersection,At Intersection,Traffic Signal,Clear,Dark,Dry,Non-Fatal Injury,Cyclist Collisions,Cyclist,25 to 29,Major,,East,Bicycle,Going Ahead,,,,,,Motorist turned left across cyclists path.,Driving Properly,Normal,,Yes,Yes,,,,,,,Yes,,,,71,Cabbagetown-South St.James Town,71,Cabbagetown-South St.James Town (71),D51,1334
-8861034.25013185,5427454.78610634,81631490,1002401336,2021,2021/12/13 05:00:00+00,1430,MARTIN GROVE RD,GIHON SPRING DR,,Minor Arterial,Etobicoke York,1,43.75402,-79.600025,Intersection,Intersection Related,Traffic Signal,Clear,Daylight,Dry,Non-Fatal Injury,Cyclist Collisions,Driver,55 to 59,None,,South,"Automobile, Station Wagon",Turning Left,Other,Normal,,,,,,,,Yes,Yes,,,,,,,,,,,2,Mount Olive-Silverstone-Jamestown,2,Mount Olive-Silverstone-Jamestown (2),D23,1335
-8842413.2823094,5414467.73777326,7890670,1386897,2013,2013/09/15 04:00:00+00,1937,DUPONT St,DOVERCOURT Rd,,Major Arterial,Toronto and East York,9,43.669692,-79.43275,Intersection,,Traffic Signal,Rain,"Dark, artificial",Wet,Non-Fatal Injury,Cyclist Collisions,Cyclist,30 to 34,Major,,West,Bicycle,Stopped,,,,,,Cyclist and Driver travelling in same direction. One vehicle rear-ended the other.,Driving Properly,Normal,,Yes,Yes,,,,,,,Yes,,,,172,Dovercourt Village,93,Dovercourt-Wallace Emerson-Junction (93),D14,1336
-8849289.26461672,5415461.04945501,80757189,,2017,2017/06/30 04:00:00+00,1304,847 JANE ST,,,Collector,Etobicoke York,5,43.676146,-79.494518,Mid-Block,Non Intersection,No Control,Clear,Daylight,Dry,Fatal,Cyclist Collisions,Driver,60 to 64,None,,West,Delivery Van,Turning Right,Improper Turn,Normal,,,,,,,,Yes,Yes,,,,,,,,,,,111,Rockcliffe-Smythe,111,Rockcliffe-Smythe (111),D12,1337
-8839558.82792648,5415260.80867706,80244878,,2015,2015/07/17 04:00:00+00,827,SPADINA RD,DUPONT ST,,Major Arterial,Toronto and East York,11,43.674845,-79.407108,Intersection,Intersection Related,Traffic Signal,Clear,Daylight,Wet,Non-Fatal Injury,Cyclist Collisions,Cyclist,25 to 29,Major,,North,Bicycle,Stopped,,,,,,Motorist turning right on green or amber at signalized intersection strikes cyclist.,Driving Properly,Normal,,Yes,,,Yes,,,,,,,,,95,Annex,95,Annex (95),D53,1338
-8835060.07334505,5412863.33562283,80564320,,2016,2016/07/11 04:00:00+00,27,429 DUNDAS ST E,,15 m North of,Major Arterial,Toronto and East York,13,43.659266,-79.366695,Intersection,Intersection Related,No Control,Clear,"Dark, artificial",Dry,Non-Fatal Injury,Cyclist Collisions,Driver,20 to 24,None,,East,"Automobile, Station Wagon",Going Ahead,Driving Properly,Normal,,,,,,,,Yes,Yes,,,,,Yes,,,,,,73,Moss Park,73,Moss Park (73),D51,1339
-8843163.24171888,5417509.88058509,81487300,1494344,2020,2020/08/10 04:00:00+00,1117,OAKWOOD AVE,JESMOND AVE,25 m South of,Minor Arterial,North York,,43.689456,-79.439487,Intersection,At Intersection,Traffic Signal,Clear,Daylight,Dry,Non-Fatal Injury,Cyclist Collisions,Driver,65 to 69,None,,North,"Automobile, Station Wagon",Going Ahead,Driving Properly,Normal,,,,,,,,Yes,Yes,,,,,,,,,,,107,Oakwood Village,107,Oakwood Village (107),D13,1340
-8835505.12866924,5414815.86181296,80171680,4002750756,2014,2014/08/22 04:00:00+00,122,BLOOR ST E,PARLIAMENT ST,,Major Arterial,Toronto and East York,13,43.671954,-79.370693,Intersection,At Intersection,Traffic Signal,Clear,Dark,Dry,Non-Fatal Injury,Cyclist Collisions,Driver,40 to 44,None,,West,"Automobile, Station Wagon",Turning Left,Failed to Yield Right of Way,Inattentive,,,,,,,,Yes,Yes,,,,,,,Yes,,,,71,Cabbagetown-South St.James Town,71,Cabbagetown-South St.James Town (71),D51,1341