X,Y,INDEX_,ACCNUM,YEAR,DATE,TIME,STREET1,STREET2,OFFSET,ROAD_CLASS,DISTRICT,WARDNUM,LATITUDE,LONGITUDE,LOCCOORD,ACCLOC,TRAFFCTL,VISIBILITY,LIGHT,RDSFCOND,ACCLASS,IMPACTYPE,INVTYPE,INVAGE,INJURY,FATAL_NO,INITDIR,VEHTYPE,MANOEUVER,DRIVACT,DRIVCOND,PEDTYPE,PEDACT,PEDCOND,CYCLISTYPE,CYCACT,CYCCOND,PEDESTRIAN,CYCLIST,AUTOMOBILE,MOTORCYCLE,TRUCK,TRSN_CITY_VEH,EMERG_VEH,PASSENGER,SPEEDING,AG_DRIV,REDLIGHT,ALCOHOL,DISABILITY,HOOD_158,NEIGHBOURHOOD_158,HOOD_140,NEIGHBOURHOOD_140,DIVISION,ObjectId
-8849675.65456926,5404108.66383014,7864812,1376061,2013,2013/09/18 04:00:00+00,1634,LAKE SHORE BLVD W,DWIGHT AVE,,Major Arterial,Etobicoke York,3,43.602343,-79.497989,Intersection,,No Control,Clear,Daylight,Dry,Fatal,Cyclist Collisions,Passenger,unknown,None,,,,,,,,,,,,,,Yes,Yes,,,,,Yes,,,,,,18,New Toronto,18,New Toronto (18),D22,1342
-8847008.88484782,5415873.85774906,81333195,,2019,2019/06/25 04:00:00+00,1609,NORTHLAND AVE,WESTON RD,,Major Arterial,Etobicoke York,5,43.678828,-79.474033,Intersection,At Intersection,Traffic Signal,Clear,Daylight,Dry,Non-Fatal Injury,Cyclist Collisions,Driver,50 to 54,Minimal,,East,Pick Up Truck,Turning Left,Driving Properly,Normal,,,,,,,,Yes,Yes,,,,,,,,,,,90,Junction Area,90,Junction Area (90),D12,1343
-8838616.06315895,5412112.01230314,80487297,,2015,2015/07/24 04:00:00+00,1040,SPADINA AVE,ST ANDREW ST,5 m North of,Major Arterial,Toronto and East York,11,43.654383,-79.398639,Intersection,Intersection Related,Traffic Signal,Clear,Daylight,Dry,Non-Fatal Injury,Cyclist Collisions,Driver,20 to 24,None,,South,"Automobile, Station Wagon",Going Ahead,Improper Passing,Inattentive,,,,,,,,Yes,Yes,,,,,,,Yes,,,,78,Kensington-Chinatown,78,Kensington-Chinatown (78),D14,1344
-8861034.25013185,5427454.78610634,81631491,1002401336,2021,2021/12/13 05:00:00+00,1430,MARTIN GROVE RD,GIHON SPRING DR,,Minor Arterial,Etobicoke York,1,43.75402,-79.600025,Intersection,Intersection Related,Traffic Signal,Clear,Daylight,Dry,Non-Fatal Injury,Cyclist Collisions,Cyclist,75 to 79,Major,,East,Bicycle,Going Ahead,,,,,,,Other,Normal,,Yes,Yes,,,,,,,,,,,2,Mount Olive-Silverstone-Jamestown,2,Mount Olive-Silverstone-Jamestown (2),D23,1345
-8835060.07334505,5412863.33562283,80564321,,2016,2016/07/11 04:00:00+00,27,429 DUNDAS ST E,,15 m North of,Major Arterial,Toronto and East York,13,43.659266,-79.366695,Intersection,Intersection Related,No Control,Clear,"Dark, artificial",Dry,Non-Fatal Injury,Cyclist Collisions,Passenger,20 to 24,None,,,,,,,,,,,,,,Yes,Yes,,,,,Yes,,,,,,73,Moss Park,73,Moss Park (73),D51,1346
-8841754.2709239,5433317.32656486,81505416,1551312,2020,2020/08/18 04:00:00+00,1235,HILDA AVE,MOORE PARK AVE,,Collector,North York,18,43.792048,-79.42683,Intersection,At Intersection,Stop Sign,Clear,Daylight,Dry,Non-Fatal Injury,Cyclist Collisions,Cyclist,10 to 14,Major,,East,Bicycle,Going Ahead,,,,,,"Cyclist without ROW rides into path of motorist at inter, lnwy, dwy-Cyclist not turn.",Disobeyed Traffic Control,Inattentive,,Yes,Yes,,,,,,,,,,,36,Newtonbrook West,36,Newtonbrook West (36),D32,1347
-8847008.88484782,5415873.85774906,81333196,,2019,2019/06/25 04:00:00+00,1609,NORTHLAND AVE,WESTON RD,,Major Arterial,Etobicoke York,5,43.678828,-79.474033,Intersection,At Intersection,Traffic Signal,Clear,Daylight,Dry,Non-Fatal Injury,Cyclist Collisions,Cyclist,10 to 14,Major,,West,Bicycle,Going Ahead,,,,,,"Cyclist without ROW rides into path of motorist at inter, lnwy, dwy-Cyclist not turn.",Other,Normal,,Yes,Yes,,,,,,,,,,,90,Junction Area,90,Junction Area (90),D12,1348
-8838616.06315895,5412112.01230314,80487298,,2015,2015/07/24 04:00:00+00,1040,SPADINA AVE,ST ANDREW ST,5 m North of,Major Arterial,Toronto and East York,11,43.654383,-79.398639,Intersection,Intersection Related,Traffic Signal,Clear,Daylight,Dry,Non-Fatal Injury,Cyclist Collisions,Cyclist,65 to 69,Major,,South,Bicycle,Going Ahead,,,,,,Cyclist and Driver travelling in same direction. One vehicle sideswipes the other.,Driving Properly,Normal,,Yes,Yes,,,,,,,Yes,,,,78,Kensington-Chinatown,78,Kensington-Chinatown (78),D14,1349
-8856859.88054659,5410764.61472516,81646749,2000370303,2022,2022/02/26 05:00:00+00,813,BURNHAMTHORPE RD,HIGHWAY 427 C N,40 m West of,Major Arterial,Etobicoke York,2,43.645625,-79.562526,Mid-Block,Overpass or Bridge,No Control,Clear,Daylight,Dry,Non-Fatal Injury,Cyclist Collisions,Driver,unknown,None,,East,"Automobile, Station Wagon",Going Ahead,Other,Unknown,,,,,,,,Yes,Yes,,,,,,,,,,,158,Islington,14,Islington-City Centre West (14),D22,1350
-8849675.65456926,5404108.66383014,7864813,1376061,2013,2013/09/18 04:00:00+00,1634,LAKE SHORE BLVD W,DWIGHT AVE,,Major Arterial,Etobicoke York,3,43.602343,-79.497989,Intersection,,No Control,Clear,Daylight,Dry,Fatal,Cyclist Collisions,Driver,60 to 64,None,,East,"Automobile, Station Wagon",Going Ahead,Driving Properly,Normal,,,,,,,,Yes,Yes,,,,,Yes,,,,,,18,New Toronto,18,New Toronto (18),D22,1351
-8838929.42752554,5417065.28717461,80791543,,2017,2017/07/03 04:00:00+00,1312,ST CLAIR AVE W,AVENUE RD,,Major Arterial,Toronto and East York,12,43.686568,-79.401454,Intersection,At Intersection,Traffic Signal,Clear,Daylight,Dry,Non-Fatal Injury,Cyclist Collisions,Cyclist,55 to 59,Major,,East,Bicycle,Turning Left,,,,,,Cyclist turned left across motorists path.,Improper Turn,Normal,,Yes,,,,Yes,,,,,,,,97,Yonge-St.Clair,97,Yonge-St.Clair (97),D53,1352
-8835060.07334505,5412863.33562283,80564322,,2016,2016/07/11 04:00:00+00,27,429 DUNDAS ST E,,15 m North of,Major Arterial,Toronto and East York,13,43.659266,-79.366695,Intersection,Intersection Related,No Control,Clear,"Dark, artificial",Dry,Non-Fatal Injury,Cyclist Collisions,Passenger,25 to 29,None,,,,,,,,,,,,,,Yes,Yes,,,,,Yes,,,,,,73,Moss Park,73,Moss Park (73),D51,1353
-8856859.88054659,5410764.61472516,81646750,2000370303,2022,2022/02/26 05:00:00+00,813,BURNHAMTHORPE RD,HIGHWAY 427 C N,40 m West of,Major Arterial,Etobicoke York,2,43.645625,-79.562526,Mid-Block,Overpass or Bridge,No Control,Clear,Daylight,Dry,Non-Fatal Injury,Cyclist Collisions,Cyclist,60 to 64,Major,,East,Bicycle,Going Ahead,,,,,,Cyclist and Driver travelling in same direction. One vehicle sideswipes the other.,Driving Properly,Normal,,Yes,Yes,,,,,,,,,,,158,Islington,14,Islington-City Centre West (14),D22,1354
-8851946.68350094,5413460.37580594,80171781,4002755635,2014,2014/08/22 04:00:00+00,1805,ROYAL YORK RD,ASHLEY RD,,Minor Arterial,Etobicoke York,2,43.663146,-79.51839,Intersection,At Intersection,No Control,Clear,Daylight,Dry,Non-Fatal Injury,Cyclist Collisions,Driver,30 to 34,None,,South,"Automobile, Station Wagon",Turning Right,Failed to Yield Right of Way,Inattentive,,,,,,,,Yes,Yes,,,,,,,Yes,,,,9,Edenbridge-Humber Valley,9,Edenbridge-Humber Valley (9),D22,1355
-8841754.2709239,5433317.32656486,81505417,1551312,2020,2020/08/18 04:00:00+00,1235,HILDA AVE,MOORE PARK AVE,,Collector,North York,18,43.792048,-79.42683,Intersection,At Intersection,Stop Sign,Clear,Daylight,Dry,Non-Fatal Injury,Cyclist Collisions,Driver,80 to 84,None,,South,"Automobile, Station Wagon",Going Ahead,Driving Properly,Normal,,,,,,,,Yes,Yes,,,,,,,,,,,36,Newtonbrook West,36,Newtonbrook West (36),D32,1356
-8831253.50335738,5431281.01705831,80247062,,2015,2015/08/07 04:00:00+00,1811,OLD SHEPPARD AVE,BRIAN DR,9 m East of,Collector,North York,17,43.778842,-79.3325,Intersection,Intersection Related,Stop Sign,Clear,Daylight,Dry,Non-Fatal Injury,Cyclist Collisions,Cyclist,55 to 59,Major,,West,Bicycle,Overtaking,,,,,,Motorist turned left across cyclists path.,Improper Passing,Inattentive,,Yes,Yes,,,,,,,,,,,46,Pleasant View,46,Pleasant View (46),D33,1357
-8834842.66637953,5411886.15026959,81278245,,2019,2019/06/28 04:00:00+00,1222,ADELAIDE ST E,BERKELEY ST,1 m West of,Major Arterial,Toronto and East York,13,43.652915,-79.364742,Intersection,At Intersection,Traffic Signal,Clear,Daylight,Dry,Non-Fatal Injury,Cyclist Collisions,Cyclist,60 to 64,Major,,East,Bicycle,Turning Left,,,,,,Cyclist turned left across motorists path.,Improper Turn,Normal,,Yes,Yes,,,,,Yes,,,,,,73,Moss Park,73,Moss Park (73),D51,1358
-8849675.65456926,5404108.66383014,7864814,1376061,2013,2013/09/18 04:00:00+00,1634,LAKE SHORE BLVD W,DWIGHT AVE,,Major Arterial,Etobicoke York,3,43.602343,-79.497989,Intersection,,No Control,Clear,Daylight,Dry,Fatal,Cyclist Collisions,Cyclist,50 to 54,Fatal,41,West,Bicycle,Unknown,,,,,,"Cyclist without ROW rides into path of motorist at inter, lnwy, dwy-Cyclist not turn.",Lost control,Unknown,,Yes,Yes,,,,,Yes,,,,,,18,New Toronto,18,New Toronto (18),D22,1359
-8838929.42752554,5417065.28717461,80791544,,2017,2017/07/03 04:00:00+00,1312,ST CLAIR AVE W,AVENUE RD,,Major Arterial,Toronto and East York,12,43.686568,-79.401454,Intersection,At Intersection,Traffic Signal,Clear,Daylight,Dry,Non-Fatal Injury,Cyclist Collisions,Driver,45 to 49,None,,East,Street Car,Going Ahead,Driving Properly,Inattentive,,,,,,,,Yes,,,,Yes,,,,,,,,97,Yonge-St.Clair,97,Yonge-St.Clair (97),D53,1360
-8835060.07334505,5412863.33562283,80564323,,2016,2016/07/11 04:00:00+00,27,429 DUNDAS ST E,,15 m North of,Major Arterial,Toronto and East York,13,43.659266,-79.366695,Intersection,Intersection Related,No Control,Clear,"Dark, artificial",Dry,Non-Fatal Injury,Cyclist Collisions,Passenger,20 to 24,Major,,,,,,,,,,,,,,Yes,Yes,,,,,Yes,,,,,,73,Moss Park,73,Moss Park (73),D51,1361
-8831253.50335738,5431281.01705831,80247063,,2015,2015/08/07 04:00:00+00,1811,OLD SHEPPARD AVE,BRIAN DR,9 m East of,Collector,North York,17,43.778842,-79.3325,Intersection,Intersection Related,Stop Sign,Clear,Daylight,Dry,Non-Fatal Injury,Cyclist Collisions,Driver,20 to 24,None,,South,"Automobile, Station Wagon",Turning Left,Driving Properly,Normal,,,,,,,,Yes,Yes,,,,,,,,,,,46,Pleasant View,46,Pleasant View (46),D33,1362
-8823327.77825188,5421666.81792655,81504033,1584883,2020,2020/08/23 04:00:00+00,421,ST CLAIR AVE E,KENNEDY RD,,Major Arterial,Scarborough,20,43.716452,-79.261302,Intersection,At Intersection,Traffic Signal,Clear,"Dark, artificial",Dry,Non-Fatal Injury,Cyclist Collisions,Driver,unknown,None,,West,,Going Ahead,Other,Unknown,,,,,,,,Yes,,,,,,,,,,,,120,Clairlea-Birchmount,120,Clairlea-Birchmount (120),D41,1363
-8845504.73588822,5417439.37230715,81664171,2000697983,2022,2022/04/14 04:00:00+00,2042,CALEDONIA RD,KITCHENER AVE,,Minor Arterial,,,43.688998,-79.460521,Intersection,At Intersection,Traffic Signal,Clear,"Dark, artificial",Dry,Non-Fatal Injury,Cyclist Collisions,Driver,55 to 59,None,,North,"Automobile, Station Wagon",Turning Left,Improper Turn,Normal,,,,,,,,Yes,Yes,,,,,Yes,,,,,,109,Caledonia-Fairbank,109,Caledonia-Fairbank (109),D13,1364
-8851946.68350094,5413460.37580594,80171782,4002755635,2014,2014/08/22 04:00:00+00,1805,ROYAL YORK RD,ASHLEY RD,,Minor Arterial,Etobicoke York,2,43.663146,-79.51839,Intersection,At Intersection,No Control,Clear,Daylight,Dry,Non-Fatal Injury,Cyclist Collisions,Cyclist,30 to 34,Major,,South,Bicycle,Going Ahead,,,,,,"Motorist turns right at non-signal Inter.(stop, yield, no cont.,and dwy) and strikes cyclist.",Driving Properly,Normal,,Yes,Yes,,,,,,,Yes,,,,9,Edenbridge-Humber Valley,9,Edenbridge-Humber Valley (9),D22,1365
-8839451.73857634,5418943.4090743,80564406,,2016,2016/07/12 04:00:00+00,910,AVENUE RD,CHAPLIN CRES,58 m South of,Major Arterial,Toronto and East York,12,43.698767,-79.406146,Intersection,Non Intersection,Traffic Signal,Clear,Daylight,Dry,Non-Fatal Injury,Cyclist Collisions,Cyclist,50 to 54,Major,,East,Bicycle,Going Ahead,,,,,,"Cyclist without ROW rides into path of motorist at inter, lnwy, dwy-Cyclist not turn.",Disobeyed Traffic Control,Inattentive,,Yes,Yes,,,,,,,,,,,100,Yonge-Eglinton,100,Yonge-Eglinton (100),D53,1366
-8845869.08458159,5413536.70125011,80247399,,2015,2015/08/11 04:00:00+00,920,ANNETTE ST,KEELE ST,,Major Arterial,Toronto and East York,4,43.663642,-79.463794,Intersection,At Intersection,Traffic Signal,Clear,Daylight,Dry,Non-Fatal Injury,Cyclist Collisions,Truck Driver,65 to 69,None,,West,Truck - Open,Turning Right,Improper Turn,Inattentive,,,,,,,,Yes,,,Yes,,,,,,,,,90,Junction Area,90,Junction Area (90),D11,1367
-8823327.77825188,5421666.81792655,81504034,1584883,2020,2020/08/23 04:00:00+00,421,ST CLAIR AVE E,KENNEDY RD,,Major Arterial,Scarborough,20,43.716452,-79.261302,Intersection,At Intersection,Traffic Signal,Clear,"Dark, artificial",Dry,Non-Fatal Injury,Cyclist Collisions,Cyclist,40 to 44,Major,,North,Bicycle,Going Ahead,,,,,,"Motorist without ROW drives into path of cyclist at inter, lnwy, dwy-Driver not turn.",Driving Properly,Normal,,Yes,,,,,,,,,,,,120,Clairlea-Birchmount,120,Clairlea-Birchmount (120),D41,1368
-8839209.73000335,5410993.98767097,7891610,1387238,2013,2013/09/21 04:00:00+00,2140,QUEEN ST W,BATHURST ST,,Major Arterial,Toronto and East York,10,43.647116,-79.403972,Intersection,At Intersection,Traffic Signal,Clear,"Dark, artificial",Dry,Non-Fatal Injury,Cyclist Collisions,Driver,15 to 19,None,,East,"Automobile, Station Wagon",Changing Lanes,Improper Lane Change,Had Been Drinking,,,,,,,,Yes,Yes,,,,,,,,,,,164,Wellington Place,77,Waterfront Communities-The Island (77),D14,1369
-8859559.82347629,5417266.64469601,80769811,,2017,2017/07/06 04:00:00+00,835,DIXON  RD,SKYWAY  AVE,,Major Arterial,Etobicoke York,1,43.687876,-79.58678,Intersection,At Intersection,Traffic Signal,Clear,Daylight,Dry,Non-Fatal Injury,Cyclist Collisions,Driver,20 to 24,Major,,North,"Automobile, Station Wagon",Turning Right,Failed to Yield Right of Way,Inattentive,,,,,,,,Yes,Yes,,,,,,,Yes,,,,1,West Humber-Clairville,1,West Humber-Clairville (1),D23,1370
-8834842.66637953,5411886.15026959,81278246,,2019,2019/06/28 04:00:00+00,1222,ADELAIDE ST E,BERKELEY ST,1 m West of,Major Arterial,Toronto and East York,13,43.652915,-79.364742,Intersection,At Intersection,Traffic Signal,Clear,Daylight,Dry,Non-Fatal Injury,Cyclist Collisions,Driver,25 to 29,None,,East,"Automobile, Station Wagon",Going Ahead,Driving Properly,Normal,,,,,,,,Yes,Yes,,,,,Yes,,,,,,73,Moss Park,73,Moss Park (73),D51,1371
-8845814.76067008,5416479.86666066,80172238,4002781365,2014,2014/08/26 04:00:00+00,1720,ROGERS RD,SILVERTHORN AVE,,Minor Arterial,Etobicoke York,59,43.682765,-79.463306,Intersection,Intersection Related,Traffic Signal,Clear,Daylight,Dry,Non-Fatal Injury,Cyclist Collisions,Driver,30 to 34,None,,West,"Automobile, Station Wagon",Turning Right,Improper Turn,Normal,,,,,,,,Yes,Yes,,,,,,,,,,,110,Keelesdale-Eglinton West,110,Keelesdale-Eglinton West (110),D12,1372
-8845869.08458159,5413536.70125011,80247400,,2015,2015/08/11 04:00:00+00,920,ANNETTE ST,KEELE ST,,Major Arterial,Toronto and East York,4,43.663642,-79.463794,Intersection,At Intersection,Traffic Signal,Clear,Daylight,Dry,Non-Fatal Injury,Cyclist Collisions,Cyclist,55 to 59,Major,,West,Bicycle,Going Ahead,,,,,,Motorist turning right on green or amber at signalized intersection strikes cyclist.,Driving Properly,Normal,,Yes,,,Yes,,,,,,,,,90,Junction Area,90,Junction Area (90),D11,1373
-8845504.73588822,5417439.37230715,81664172,2000697983,2022,2022/04/14 04:00:00+00,2042,CALEDONIA RD,KITCHENER AVE,,Minor Arterial,,,43.688998,-79.460521,Intersection,At Intersection,Traffic Signal,Clear,"Dark, artificial",Dry,Non-Fatal Injury,Cyclist Collisions,Cyclist,20 to 24,Major,,South,Bicycle,Going Ahead,,,,,,Motorist turned left across cyclists path.,Driving Properly,Normal,,Yes,Yes,,,,,Yes,,,,,,109,Caledonia-Fairbank,109,Caledonia-Fairbank (109),D13,1374
-8839451.73857634,5418943.4090743,80564407,,2016,2016/07/12 04:00:00+00,910,AVENUE RD,CHAPLIN CRES,58 m South of,Major Arterial,Toronto and East York,12,43.698767,-79.406146,Intersection,Non Intersection,Traffic Signal,Clear,Daylight,Dry,Non-Fatal Injury,Cyclist Collisions,Driver,50 to 54,None,,North,"Automobile, Station Wagon",Going Ahead,Driving Properly,Normal,,,,,,,,Yes,Yes,,,,,,,,,,,100,Yonge-Eglinton,100,Yonge-Eglinton (100),D53,1375
-8849816.58504461,5406563.2203522,81508594,1600299,2020,2020/08/25 04:00:00+00,1011,ROYAL YORK RD,SIMPSON AVE,,Minor Arterial,Etobicoke York,,43.618308,-79.499255,Intersection,At Intersection,No Control,Clear,Daylight,Dry,Non-Fatal Injury,Cyclist Collisions,Driver,30 to 34,None,,South,"Automobile, Station Wagon",Stopped,Driving Properly,Normal,,,,,,,,Yes,Yes,,,,,,,,,,,160,Mimico-Queensway,17,Mimico (includes Humber Bay Shores) (17),D22,1376
-8849816.58504461,5406563.2203522,81508595,1600299,2020,2020/08/25 04:00:00+00,1011,ROYAL YORK RD,SIMPSON AVE,,Minor Arterial,Etobicoke York,,43.618308,-79.499255,Intersection,At Intersection,No Control,Clear,Daylight,Dry,Non-Fatal Injury,Cyclist Collisions,Cyclist,50 to 54,Major,,South,Bicycle,Going Ahead,,,,,,Cyclist and Driver travelling in same direction. One vehicle rear-ended the other.,Driving Properly,Had Been Drinking,,Yes,Yes,,,,,,,,,,,160,Mimico-Queensway,17,Mimico (includes Humber Bay Shores) (17),D22,1377
-8834842.66637953,5411886.15026959,81278247,,2019,2019/06/28 04:00:00+00,1222,ADELAIDE ST E,BERKELEY ST,1 m West of,Major Arterial,Toronto and East York,13,43.652915,-79.364742,Intersection,At Intersection,Traffic Signal,Clear,Daylight,Dry,Non-Fatal Injury,Cyclist Collisions,Passenger,25 to 29,None,,,,,,,,,,,,,,Yes,Yes,,,,,Yes,,,,,,73,Moss Park,73,Moss Park (73),D51,1378
-8859559.82347629,5417266.64469601,80769812,,2017,2017/07/06 04:00:00+00,835,DIXON  RD,SKYWAY  AVE,,Major Arterial,Etobicoke York,1,43.687876,-79.58678,Intersection,At Intersection,Traffic Signal,Clear,Daylight,Dry,Non-Fatal Injury,Cyclist Collisions,Cyclist,20 to 24,None,,West,Bicycle,Going Ahead,,,,,,Motorist turning right on red at signalized intersection strikes cyclist.,Other,Normal,,Yes,Yes,,,,,,,Yes,,,,1,West Humber-Clairville,1,West Humber-Clairville (1),D23,1379
-8845814.76067008,5416479.86666066,80172239,4002781365,2014,2014/08/26 04:00:00+00,1720,ROGERS RD,SILVERTHORN AVE,,Minor Arterial,Etobicoke York,59,43.682765,-79.463306,Intersection,Intersection Related,Traffic Signal,Clear,Daylight,Dry,Non-Fatal Injury,Cyclist Collisions,Cyclist,30 to 34,Major,,West,Bicycle,Turning Right,,,,,,Motorist turning right on green or amber at signalized intersection strikes cyclist.,Driving Properly,Normal,,Yes,Yes,,,,,,,,,,,110,Keelesdale-Eglinton West,110,Keelesdale-Eglinton West (110),D12,1380
-8853449.94190461,5421549.30283963,80247513,,2015,2015/08/12 04:00:00+00,1524,WILSON AVE,KELVIN AVE,,Major Arterial,Etobicoke York,7,43.715689,-79.531894,Intersection,At Intersection,Stop Sign,Clear,Daylight,Dry,Non-Fatal Injury,Cyclist Collisions,Cyclist,15 to 19,Major,,North,Bicycle,Going Ahead,,,,,,"Cyclist without ROW rides into path of motorist at inter, lnwy, dwy-Cyclist not turn.",Failed to Yield Right of Way,Inattentive,,Yes,Yes,,,,,,,,,,,23,Pelmo Park-Humberlea,23,Pelmo Park-Humberlea (23),D31,1381
-8839209.73000335,5410993.98767097,7891611,1387238,2013,2013/09/21 04:00:00+00,2140,QUEEN ST W,BATHURST ST,,Major Arterial,Toronto and East York,10,43.647116,-79.403972,Intersection,At Intersection,Traffic Signal,Clear,"Dark, artificial",Dry,Non-Fatal Injury,Cyclist Collisions,Cyclist,40 to 44,Major,,East,Bicycle,Going Ahead,,,,,,Cyclist and Driver travelling in same direction. One vehicle sideswipes the other.,Driving Properly,Normal,,Yes,Yes,,,,,,,,,,,164,Wellington Place,77,Waterfront Communities-The Island (77),D14,1382
-8833068.45633527,5417504.49237891,80564417,,2016,2016/07/12 04:00:00+00,1235,PAPE AVE,COSBURN AVE,15 m South of,Major Arterial,Toronto and East York,14,43.689421,-79.348804,Intersection,Non Intersection,Traffic Signal,Clear,Daylight,Dry,Non-Fatal Injury,Cyclist Collisions,Cyclist,15 to 19,Major,,North,Bicycle,Going Ahead,,,,,,Insufficient information (to determine cyclist crash type).,Lost control,Inattentive,,Yes,Yes,,,,,,,,,,,59,Danforth East York,59,Danforth East York (59),D55,1383
-8845504.73588822,5417439.37230715,81664173,2000697983,2022,2022/04/14 04:00:00+00,2042,CALEDONIA RD,KITCHENER AVE,,Minor Arterial,,,43.688998,-79.460521,Intersection,At Intersection,Traffic Signal,Clear,"Dark, artificial",Dry,Non-Fatal Injury,Cyclist Collisions,Cyclist Passenger,15 to 19,Minor,,,,,,,,,,,,,,Yes,Yes,,,,,Yes,,,,,,109,Caledonia-Fairbank,109,Caledonia-Fairbank (109),D13,1384
-8827920.82044201,5417273.11037726,80769940,,2017,2017/07/06 04:00:00+00,1547,DANFORTH AVE,MAIN ST,90 m West of,Major Arterial,Toronto and East York,19,43.687918,-79.302562,Mid-Block,At/Near Private Drive,No Control,Clear,Daylight,Dry,Non-Fatal Injury,Cyclist Collisions,Driver,55 to 59,None,,West,"Automobile, Station Wagon",Turning Left,Failed to Yield Right of Way,Inattentive,,,,,,,,Yes,Yes,,,,,,,Yes,,,,62,East End-Danforth,62,East End-Danforth (62),D55,1385
-8834842.66637953,5411886.15026959,81278248,,2019,2019/06/28 04:00:00+00,1222,ADELAIDE ST E,BERKELEY ST,1 m West of,Major Arterial,Toronto and East York,13,43.652915,-79.364742,Intersection,At Intersection,Traffic Signal,Clear,Daylight,Dry,Non-Fatal Injury,Cyclist Collisions,Passenger,25 to 29,None,,,,,,,,,,,,,,Yes,Yes,,,,,Yes,,,,,,73,Moss Park,73,Moss Park (73),D51,1386
-8841026.35277361,5412183.09536601,7892789,1387644,2013,2013/09/26 04:00:00+00,1830,COLLEGE St,SHAW St,,Major Arterial,Toronto and East York,11,43.654845,-79.420291,Intersection,,Stop Sign,Clear,Daylight,Dry,Non-Fatal Injury,Cyclist Collisions,Vehicle Owner,unknown,,,,Other,,,,,,,,,,,Yes,Yes,,,,,,,Yes,,,,81,Trinity-Bellwoods,81,Trinity-Bellwoods (81),D14,1387
-8835843.98519922,5414087.92509577,80631880,4002824583,2014,2014/08/29 04:00:00+00,1200,WELLESLEY ST E,BLEECKER ST,18 m East of,Minor Arterial,Toronto and East York,13,43.667224,-79.373737,Intersection,Intersection Related,No Control,Clear,Daylight,Dry,Non-Fatal Injury,Cyclist Collisions,Driver,unknown,None,,North,"Automobile, Station Wagon",Going Ahead,Failed to Yield Right of Way,Unknown,,,,,,,,Yes,Yes,,,,,,,Yes,,,,71,Cabbagetown-South St.James Town,71,Cabbagetown-South St.James Town (71),D51,1388
-8835786.98961993,5414709.51483693,81508484,1603307,2020,2020/08/25 04:00:00+00,1736,HOWARD ST,EDGEDALE RD,,Local,Toronto and East York,,43.671263,-79.373225,Intersection,At Intersection,Stop Sign,Clear,Daylight,Dry,Non-Fatal Injury,Cyclist Collisions,Cyclist,30 to 34,Major,,East,Bicycle,Going Ahead,,,,,,"Cyclist without ROW rides into path of motorist at inter, lnwy, dwy-Cyclist not turn.",Wrong Way on One Way Road,Normal,,Yes,Yes,,,,,,,,,,,74,North St.James Town,74,North St.James Town (74),D51,1389
-8833068.45633527,5417504.49237891,80564418,,2016,2016/07/12 04:00:00+00,1235,PAPE AVE,COSBURN AVE,15 m South of,Major Arterial,Toronto and East York,14,43.689421,-79.348804,Intersection,Non Intersection,Traffic Signal,Clear,Daylight,Dry,Non-Fatal Injury,Cyclist Collisions,Driver,65 to 69,None,,South,Passenger Van,Going Ahead,Driving Properly,Normal,,,,,,,,Yes,Yes,,,,,,,,,,,59,Danforth East York,59,Danforth East York (59),D55,1390
-8828417.63932942,5438187.2660667,81648204,2000722938,2022,2022/04/18 04:00:00+00,2120,KENNEDY RD,STEELES AVE E,,Major Arterial,Scarborough,22,43.823619,-79.307025,Intersection,At Intersection,Traffic Signal,Rain,"Dark, artificial",Slush,Non-Fatal Injury,Cyclist Collisions,Cyclist,60 to 64,Major,,East,Bicycle,Going Ahead,,,,,,"Cyclist without ROW rides into path of motorist at inter, lnwy, dwy-Cyclist not turn.",Other,Normal,,Yes,,,Yes,,,,,,,,,130,Milliken,130,Milliken (130),D42,1391
-8841026.35277361,5412183.09536601,7892790,1387644,2013,2013/09/26 04:00:00+00,1830,COLLEGE St,SHAW St,,Major Arterial,Toronto and East York,11,43.654845,-79.420291,Intersection,,Stop Sign,Clear,Daylight,Dry,Non-Fatal Injury,Cyclist Collisions,Driver,25 to 29,None,,South,"Automobile, Station Wagon",Turning Left,Failed to Yield Right of Way,Inattentive,,,,,,,,Yes,Yes,,,,,,,Yes,,,,81,Trinity-Bellwoods,81,Trinity-Bellwoods (81),D14,1392
-8853449.94190461,5421549.30283963,80247514,,2015,2015/08/12 04:00:00+00,1524,WILSON AVE,KELVIN AVE,,Major Arterial,Etobicoke York,7,43.715689,-79.531894,Intersection,At Intersection,Stop Sign,Clear,Daylight,Dry,Non-Fatal Injury,Cyclist Collisions,Driver,50 to 54,None,,East,"Automobile, Station Wagon",Going Ahead,Driving Properly,Normal,,,,,,,,Yes,Yes,,,,,,,,,,,23,Pelmo Park-Humberlea,23,Pelmo Park-Humberlea (23),D31,1393