X,Y,INDEX_,ACCNUM,YEAR,DATE,TIME,STREET1,STREET2,OFFSET,ROAD_CLASS,DISTRICT,WARDNUM,LATITUDE,LONGITUDE,LOCCOORD,ACCLOC,TRAFFCTL,VISIBILITY,LIGHT,RDSFCOND,ACCLASS,IMPACTYPE,INVTYPE,INVAGE,INJURY,FATAL_NO,INITDIR,VEHTYPE,MANOEUVER,DRIVACT,DRIVCOND,PEDTYPE,PEDACT,PEDCOND,CYCLISTYPE,CYCACT,CYCCOND,PEDESTRIAN,CYCLIST,AUTOMOBILE,MOTORCYCLE,TRUCK,TRSN_CITY_VEH,EMERG_VEH,PASSENGER,SPEEDING,AG_DRIV,REDLIGHT,ALCOHOL,DISABILITY,HOOD_158,NEIGHBOURHOOD_158,HOOD_140,NEIGHBOURHOOD_140,DIVISION,ObjectId
-8827920.82044201,5417273.11037726,80769941,,2017,2017/07/06 04:00:00+00,1547,DANFORTH AVE,MAIN ST,90 m West of,Major Arterial,Toronto and East York,19,43.687918,-79.302562,Mid-Block,At/Near Private Drive,No Control,Clear,Daylight,Dry,Non-Fatal Injury,Cyclist Collisions,Cyclist,50 to 54,Major,,East,Bicycle,Going Ahead,,,,,,Motorist turned left across cyclists path.,Driving Properly,Normal,,Yes,Yes,,,,,,,Yes,,,,62,East End-Danforth,62,East End-Danforth (62),D55,1394
-8841443.35558612,5415323.14296578,81271057,,2019,2019/07/03 04:00:00+00,735,DAVENPORT RD,HECTOR AVE,,Minor Arterial,Toronto and East York,12,43.67525,-79.424037,Intersection,At Intersection,No Control,Clear,"Daylight, artificial",Dry,Non-Fatal Injury,Cyclist Collisions,Driver,40 to 44,None,,West,"Automobile, Station Wagon",Turning Left,Failed to Yield Right of Way,Inattentive,,,,,,,,Yes,Yes,,,,,,,Yes,,,,94,Wychwood,94,Wychwood (94),D13,1395
-8838888.6845919,5410960.60439996,80632050,,2016,2016/07/19 04:00:00+00,1850,RICHMOND ST W,PORTLAND ST,27 m West of,Major Arterial,Toronto and East York,10,43.646899,-79.401088,Intersection,At/Near Private Drive,No Control,Clear,Daylight,Dry,Non-Fatal Injury,Cyclist Collisions,Driver,50 to 54,None,,West,"Automobile, Station Wagon",Turning Right,Failed to Yield Right of Way,Inattentive,,,,,,,,Yes,Yes,,,,,,,Yes,,,,164,Wellington Place,77,Waterfront Communities-The Island (77),D14,1396
-8835786.98961993,5414709.51483693,81508485,1603307,2020,2020/08/25 04:00:00+00,1736,HOWARD ST,EDGEDALE RD,,Local,Toronto and East York,,43.671263,-79.373225,Intersection,At Intersection,Stop Sign,Clear,Daylight,Dry,Non-Fatal Injury,Cyclist Collisions,Driver,25 to 29,None,,North,"Automobile, Station Wagon",Turning Left,Driving Properly,Normal,,,,,,,,Yes,Yes,,,,,,,,,,,74,North St.James Town,74,North St.James Town (74),D51,1397
-8838888.6845919,5410960.60439996,80632051,,2016,2016/07/19 04:00:00+00,1850,RICHMOND ST W,PORTLAND ST,27 m West of,Major Arterial,Toronto and East York,10,43.646899,-79.401088,Intersection,At/Near Private Drive,No Control,Clear,Daylight,Dry,Non-Fatal Injury,Cyclist Collisions,Cyclist,25 to 29,Major,,West,Bicycle,Going Ahead,,,,,,"Motorist turns right at non-signal Inter.(stop, yield, no cont.,and dwy) and strikes cyclist.",Driving Properly,Normal,,Yes,Yes,,,,,,,Yes,,,,164,Wellington Place,77,Waterfront Communities-The Island (77),D14,1398
-8841443.35558612,5415323.14296578,81271058,,2019,2019/07/03 04:00:00+00,735,DAVENPORT RD,HECTOR AVE,,Minor Arterial,Toronto and East York,12,43.67525,-79.424037,Intersection,At Intersection,No Control,Clear,"Daylight, artificial",Dry,Non-Fatal Injury,Cyclist Collisions,Cyclist,45 to 49,Major,,East,Bicycle,Going Ahead,,,,,,Motorist turned left across cyclists path.,Driving Properly,Normal,,Yes,Yes,,,,,,,Yes,,,,94,Wychwood,94,Wychwood (94),D13,1399
-8844304.71177747,5418275.0377887,80247821,,2015,2015/08/15 04:00:00+00,2100,DUFFERIN ST,HUNTER AVE,,Major Arterial,Toronto and East York,912,43.694426,-79.449741,Intersection,At Intersection,No Control,Clear,"Dark, artificial",Dry,Non-Fatal Injury,Cyclist Collisions,Driver,70 to 74,None,,North,"Automobile, Station Wagon",Turning Left,Improper Turn,Normal,,,,,,,,Yes,Yes,,,,,,,,,,,107,Oakwood Village,107,Oakwood Village (107),D13,1400
-8841026.35277361,5412183.09536601,7892791,1387644,2013,2013/09/26 04:00:00+00,1830,COLLEGE St,SHAW St,,Major Arterial,Toronto and East York,11,43.654845,-79.420291,Intersection,,Stop Sign,Clear,Daylight,Dry,Non-Fatal Injury,Cyclist Collisions,Cyclist,40 to 44,Major,,West,Bicycle,Going Ahead,,,,,,Motorist turned left across cyclists path.,Driving Properly,Normal,,Yes,Yes,,,,,,,Yes,,,,81,Trinity-Bellwoods,81,Trinity-Bellwoods (81),D14,1401
-8839874.75264135,5428020.25059608,80773465,,2017,2017/07/18 04:00:00+00,737,YONGE ST,CAMERON AVE,40 m North of,Major Arterial,North York,18,43.757689,-79.409946,Mid-Block,Non Intersection,No Control,Clear,Daylight,Dry,Non-Fatal Injury,Cyclist Collisions,Truck Driver,55 to 59,None,,South,Truck - Dump,Changing Lanes,Improper Lane Change,Inattentive,,,,,,,,Yes,,,Yes,,,,,,,,,153,Avondale,51,Willowdale East (51),D32,1402
-8835843.98519922,5414087.92509577,80631881,4002824583,2014,2014/08/29 04:00:00+00,1200,WELLESLEY ST E,BLEECKER ST,18 m East of,Minor Arterial,Toronto and East York,13,43.667224,-79.373737,Intersection,Intersection Related,No Control,Clear,Daylight,Dry,Non-Fatal Injury,Cyclist Collisions,Cyclist,50 to 54,Major,,West,Bicycle,Going Ahead,,,,,,"Motorist without ROW drives into path of cyclist at inter, lnwy, dwy-Driver not turn.",Driving Properly,Normal,,Yes,Yes,,,,,,,Yes,,,,71,Cabbagetown-South St.James Town,71,Cabbagetown-South St.James Town (71),D51,1403
-8828417.63932942,5438187.2660667,81648205,2000722938,2022,2022/04/18 04:00:00+00,2120,KENNEDY RD,STEELES AVE E,,Major Arterial,Scarborough,22,43.823619,-79.307025,Intersection,At Intersection,Traffic Signal,Rain,"Dark, artificial",Slush,Non-Fatal Injury,Cyclist Collisions,Truck Driver,25 to 29,None,,North,"Truck - Closed (Blazer, etc)",Turning Left,Driving Properly,Normal,,,,,,,,Yes,,,Yes,,,,,,,,,130,Milliken,130,Milliken (130),D42,1404
-8836784.96885489,5411152.44447307,7892935,1387708,2013,2013/10/02 04:00:00+00,752,77 KING St W,,,Major Arterial,Toronto and East York,10,43.648146,-79.38219,Mid-Block,,No Control,Clear,Daylight,Dry,Non-Fatal Injury,Cyclist Collisions,Driver,35 to 39,None,,East,"Automobile, Station Wagon",Going Ahead,Exceeding Speed Limit,Normal,,,,,,,,Yes,Yes,,,,,,Yes,Yes,,,,170,Yonge-Bay Corridor,76,Bay Street Corridor (76),D52,1405
-8841868.0394435,5410252.81513518,80631878,4002803863,2014,2014/08/30 04:00:00+00,115,QUEEN ST W,DUFFERIN ST,50 m East of,Major Arterial,Toronto and East York,910,43.642298,-79.427852,Mid-Block,Non Intersection,No Control,Clear,"Dark, artificial",Dry,Non-Fatal Injury,Cyclist Collisions,Cyclist,25 to 29,Major,,East,,Going Ahead,,,,,,Insufficient information (to determine cyclist crash type).,Other,Had Been Drinking,,Yes,,,,Yes,,,,,,,,84,Little Portugal,84,Little Portugal (84),D14,1406
-8820836.78200639,5421411.30538175,81577636,1636966,2020,2020/08/30 04:00:00+00,1340,BRIMLEY RD,BARKDENE HILLS,50 m South of,Collector,Etobicoke York,,43.714793,-79.238925,Mid-Block,Non Intersection,No Control,Clear,Daylight,Dry,Non-Fatal Injury,Cyclist Collisions,Driver,unknown,None,,North,"Automobile, Station Wagon",Going Ahead,Improper Passing,Unknown,,,,,,,,Yes,Yes,,,,,,,Yes,,,,123,Cliffcrest,123,Cliffcrest (123),D41,1407
-8844304.71177747,5418275.0377887,80247822,,2015,2015/08/15 04:00:00+00,2100,DUFFERIN ST,HUNTER AVE,,Major Arterial,Toronto and East York,912,43.694426,-79.449741,Intersection,At Intersection,No Control,Clear,"Dark, artificial",Dry,Non-Fatal Injury,Cyclist Collisions,Cyclist,50 to 54,Major,,South,Bicycle,Going Ahead,,,,,,Motorist turned left across cyclists path.,Driving Properly,Normal,,Yes,Yes,,,,,,,,,,,107,Oakwood Village,107,Oakwood Village (107),D13,1408
-8856964.29822895,5411931.2299211,80632054,,2016,2016/07/21 04:00:00+00,2127,THE EAST MALL,RATHBURN RD,137 m South of,Minor Arterial,Etobicoke York,2,43.653208,-79.563464,Mid-Block,Non Intersection,No Control,Clear,"Dark, artificial",Dry,Non-Fatal Injury,Cyclist Collisions,Driver,65 to 69,None,,West,Passenger Van,Reversing,Other,Normal,,,,,,,,Yes,Yes,,,,,Yes,,,,,,158,Islington,14,Islington-City Centre West (14),D22,1409
-8833213.61695126,5415719.47575361,81650985,2000768413,2022,2022/04/25 04:00:00+00,1345,452 DANFORTH AVE,,30 m West of LOGAN AVE,Major Arterial,Toronto and East York,,43.677825,-79.350108,Mid-Block,Non Intersection,No Control,Rain,Daylight,Wet,Non-Fatal Injury,Pedestrian Collisions,Moped Driver,35 to 39,Minimal,,West,Moped,Going Ahead,Speed too Fast For Condition,Inattentive,,,,,,,Yes,Yes,,,,,,,Yes,Yes,,,,68,North Riverdale,68,North Riverdale (68),D55,1410
-8839874.75264135,5428020.25059608,80773466,,2017,2017/07/18 04:00:00+00,737,YONGE ST,CAMERON AVE,40 m North of,Major Arterial,North York,18,43.757689,-79.409946,Mid-Block,Non Intersection,No Control,Clear,Daylight,Dry,Non-Fatal Injury,Cyclist Collisions,Cyclist,40 to 44,Major,,South,Bicycle,Going Ahead,,,,,,Cyclist and Driver travelling in same direction. One vehicle sideswipes the other.,Driving Properly,Normal,,Yes,,,Yes,,,,,,,,,153,Avondale,51,Willowdale East (51),D32,1411
-8841868.0394435,5410252.81513518,80631879,4002803863,2014,2014/08/30 04:00:00+00,115,QUEEN ST W,DUFFERIN ST,50 m East of,Major Arterial,Toronto and East York,910,43.642298,-79.427852,Mid-Block,Non Intersection,No Control,Clear,"Dark, artificial",Dry,Non-Fatal Injury,Cyclist Collisions,Driver,35 to 39,None,,West,Street Car,Going Ahead,Driving Properly,Normal,,,,,,,,Yes,,,,Yes,,,,,,,,84,Little Portugal,84,Little Portugal (84),D14,1412
-8836784.96885489,5411152.44447307,7892936,1387708,2013,2013/10/02 04:00:00+00,752,77 KING St W,,,Major Arterial,Toronto and East York,10,43.648146,-79.38219,Mid-Block,,No Control,Clear,Daylight,Dry,Non-Fatal Injury,Cyclist Collisions,Driver,55 to 59,None,,East,"Automobile, Station Wagon",Stopped,Other,Inattentive,,,,,,,,Yes,Yes,,,,,,Yes,Yes,,,,170,Yonge-Bay Corridor,76,Bay Street Corridor (76),D52,1413
-8837475.48365628,5414484.66657867,81473258,,2019,2019/07/20 04:00:00+00,135,BLOOR ST W,BALMUTO ST,28 m West of,Major Arterial,Toronto and East York,11,43.669802,-79.388393,Mid-Block,Non Intersection,No Control,Clear,"Dark, artificial",Dry,Non-Fatal Injury,Cyclist Collisions,Driver,35 to 39,None,,West,"Automobile, Station Wagon",Going Ahead,Driving Properly,Normal,,,,,,,,Yes,Yes,,,,,,,,,,,169,Bay-Cloverhill,76,Bay Street Corridor (76),D52,1414
-8839302.34781969,5411758.14372089,80908731,,2017,2017/07/26 04:00:00+00,1751,DUNDAS ST W,CARLYLE ST,,Major Arterial,Toronto and East York,1110,43.652083,-79.404804,Intersection,At Intersection,No Control,Clear,Daylight,Dry,Non-Fatal Injury,Cyclist Collisions,Cyclist,60 to 64,Major,,West,Bicycle,Going Ahead,,,,,,Motorist turned left across cyclists path.,Driving Properly,Normal,,Yes,Yes,,,,,,,,,,,78,Kensington-Chinatown,78,Kensington-Chinatown (78),D14,1415
-8845086.84251978,5414194.72659616,80173513,4002856687,2014,2014/09/06 04:00:00+00,1610,PELHAM AVE,UXBRIDGE AVE,,Local,Toronto and East York,9,43.667918,-79.456767,Mid-Block,Non Intersection,No Control,Clear,Daylight,Dry,Non-Fatal Injury,Cyclist Collisions,Driver,40 to 44,None,,West,"Automobile, Station Wagon",Slowing or Stopping,Driving Properly,Normal,,,,,,,,Yes,Yes,,,,,,,,,,,91,Weston-Pelham Park,91,Weston-Pellam Park (91),D11,1416
-8833213.61695126,5415719.47575361,81650986,2000768413,2022,2022/04/25 04:00:00+00,1345,452 DANFORTH AVE,,30 m West of LOGAN AVE,Major Arterial,Toronto and East York,,43.677825,-79.350108,Mid-Block,Non Intersection,No Control,Rain,Daylight,Wet,Non-Fatal Injury,Pedestrian Collisions,Pedestrian,5 to 9,Major,,North,,,,,Pedestrian hit at mid-block,Person Getting on/off Vehicle,Inattentive,,,,Yes,Yes,,,,,,,Yes,Yes,,,,68,North Riverdale,68,North Riverdale (68),D55,1417
-8856964.29822895,5411931.2299211,80632055,,2016,2016/07/21 04:00:00+00,2127,THE EAST MALL,RATHBURN RD,137 m South of,Minor Arterial,Etobicoke York,2,43.653208,-79.563464,Mid-Block,Non Intersection,No Control,Clear,"Dark, artificial",Dry,Non-Fatal Injury,Cyclist Collisions,Cyclist,20 to 24,Major,,South,Bicycle,Going Ahead,,,,,,Motorist reversing struck cyclist.,Driving Properly,Other,,Yes,Yes,,,,,Yes,,,,,,158,Islington,14,Islington-City Centre West (14),D22,1418
-8836784.96885489,5411152.44447307,7892937,1387708,2013,2013/10/02 04:00:00+00,752,77 KING St W,,,Major Arterial,Toronto and East York,10,43.648146,-79.38219,Mid-Block,,No Control,Clear,Daylight,Dry,Non-Fatal Injury,Cyclist Collisions,Cyclist,30 to 34,Major,,East,Bicycle,Overtaking,,,,,,Cyclist struck opened vehicle door,Driving Properly,Normal,,Yes,Yes,,,,,,Yes,Yes,,,,170,Yonge-Bay Corridor,76,Bay Street Corridor (76),D52,1419
-8820836.78200639,5421411.30538175,81577637,1636966,2020,2020/08/30 04:00:00+00,1340,BRIMLEY RD,BARKDENE HILLS,50 m South of,Collector,Etobicoke York,,43.714793,-79.238925,Mid-Block,Non Intersection,No Control,Clear,Daylight,Dry,Non-Fatal Injury,Cyclist Collisions,Cyclist,25 to 29,Major,,North,Bicycle,Going Ahead,,,,,,Cyclist and Driver travelling in same direction. One vehicle rear-ended the other.,Driving Properly,Normal,,Yes,Yes,,,,,,,Yes,,,,123,Cliffcrest,123,Cliffcrest (123),D41,1420
-8848311.65684857,5411176.59783593,80248167,,2015,2015/08/20 04:00:00+00,1318,SOUTH KINGSWAY,BLOOR ST W,,Major Arterial,Toronto and East York,4,43.648303,-79.485736,Intersection,At Intersection,Traffic Signal,Rain,Daylight,Wet,Non-Fatal Injury,Cyclist Collisions,Cyclist,20 to 24,Major,,East,Bicycle,Going Ahead,,,,,,"Cyclist without ROW rides into path of motorist at inter, lnwy, dwy-Cyclist not turn.",Disobeyed Traffic Control,Normal,,Yes,Yes,,,,,Yes,,,,,,87,High Park-Swansea,87,High Park-Swansea (87),D11,1421
-8845086.84251978,5414194.72659616,80173514,4002856687,2014,2014/09/06 04:00:00+00,1610,PELHAM AVE,UXBRIDGE AVE,,Local,Toronto and East York,9,43.667918,-79.456767,Mid-Block,Non Intersection,No Control,Clear,Daylight,Dry,Non-Fatal Injury,Cyclist Collisions,Cyclist,50 to 54,Major,,South,Bicycle,Going Ahead,,,,,,"Cyclist without ROW rides into path of motorist at inter, lnwy, dwy-Cyclist not turn.",Failed to Yield Right of Way,Had Been Drinking,,Yes,Yes,,,,,,,,,,,91,Weston-Pelham Park,91,Weston-Pellam Park (91),D11,1422
-8832369.48125258,5424323.55105109,7892886,1387683,2013,2013/10/03 04:00:00+00,748,1090 DON MILLS Rd,,,Major Arterial,North York,16,43.733699,-79.342525,Mid-Block,,No Control,Clear,Daylight,Dry,Non-Fatal Injury,Cyclist Collisions,Driver,20 to 24,None,,North,"Automobile, Station Wagon",Turning Left,Failed to Yield Right of Way,Inattentive,,,,,,,,Yes,Yes,,,,,,,Yes,,,,42,Banbury-Don Mills,42,Banbury-Don Mills (42),D33,1423
-8837475.48365628,5414484.66657867,81473259,,2019,2019/07/20 04:00:00+00,135,BLOOR ST W,BALMUTO ST,28 m West of,Major Arterial,Toronto and East York,11,43.669802,-79.388393,Mid-Block,Non Intersection,No Control,Clear,"Dark, artificial",Dry,Non-Fatal Injury,Cyclist Collisions,Cyclist,40 to 44,Major,,West,Bicycle,Merging,,,,,,Cyclist and Driver travelling in same direction. One vehicle sideswipes the other.,,,,Yes,Yes,,,,,,,,,,,169,Bay-Cloverhill,76,Bay Street Corridor (76),D52,1424
-8856964.29822895,5411931.2299211,80632056,,2016,2016/07/21 04:00:00+00,2127,THE EAST MALL,RATHBURN RD,137 m South of,Minor Arterial,Etobicoke York,2,43.653208,-79.563464,Mid-Block,Non Intersection,No Control,Clear,"Dark, artificial",Dry,Non-Fatal Injury,Cyclist Collisions,Passenger,35 to 39,None,,,,,,,,,,,,,,Yes,Yes,,,,,Yes,,,,,,158,Islington,14,Islington-City Centre West (14),D22,1425
-8839302.34781969,5411758.14372089,80908732,,2017,2017/07/26 04:00:00+00,1751,DUNDAS ST W,CARLYLE ST,,Major Arterial,Toronto and East York,1110,43.652083,-79.404804,Intersection,At Intersection,No Control,Clear,Daylight,Dry,Non-Fatal Injury,Cyclist Collisions,Driver,50 to 54,None,,East,"Automobile, Station Wagon",Turning Left,Improper Turn,Inattentive,,,,,,,,Yes,Yes,,,,,,,,,,,78,Kensington-Chinatown,78,Kensington-Chinatown (78),D14,1426
-8842533.06208149,5413003.05187764,81509748,1650875,2020,2020/09/01 04:00:00+00,1238,BLOOR ST W,GLADSTONE AVE,9 m South of,Major Arterial,Toronto and East York,,43.660174,-79.433826,Intersection,At Intersection,No Control,Clear,Daylight,Dry,Non-Fatal Injury,Cyclist Collisions,Driver,50 to 54,None,,East,"Automobile, Station Wagon",Slowing or Stopping,Improper Lane Change,Normal,,,,,,,,Yes,Yes,,,,,,,,,,,83,Dufferin Grove,83,Dufferin Grove (83),D14,1427
-8838380.84507491,5411746.45090339,80779940,,2017,2017/08/01 04:00:00+00,1735,GRANGE AVE,LARCH ST,3 m West of,Local,Toronto and East York,10,43.652007,-79.396526,Intersection,At Intersection,No Control,Clear,Daylight,Dry,Non-Fatal Injury,Cyclist Collisions,Cyclist,30 to 34,Major,,East,Bicycle,Going Ahead,,,,,,Cyclist and Driver travelling in same direction. One vehicle rear-ended the other.,Failed to Yield Right of Way,Inattentive,,Yes,Yes,,,,,,,,,,,78,Kensington-Chinatown,78,Kensington-Chinatown (78),D52,1428
-8844647.7984481,5424264.08312459,80631888,4002987190,2014,2014/09/26 04:00:00+00,1153,WILSON AVE,BILLY BISHOP WAY,4 m South of,Major Arterial,North York,6,43.733313,-79.452823,Intersection,At Intersection,Traffic Signal,Clear,Daylight,Dry,Non-Fatal Injury,Cyclist Collisions,Driver,50 to 54,None,,North,"Automobile, Station Wagon",Turning Right,Driving Properly,Normal,,,,,,,,Yes,Yes,,,,,,,,,,,33,Clanton Park,33,Clanton Park (33),D32,1429
-8848790.66461746,5428338.98502629,81680421,2000833786,2022,2022/05/04 04:00:00+00,2315,KEELE ST,TORO RD,,Major Arterial,North York,76,43.759757,-79.490039,Intersection,Intersection Related,Traffic Signal,Clear,"Dark, artificial",Dry,Non-Fatal Injury,Cyclist Collisions,Driver,20 to 24,None,,North,"Automobile, Station Wagon",Going Ahead,Other,Unknown,,,,,,,,Yes,Yes,,,,,,,Yes,,,,27,York University Heights,27,York University Heights (27),D31,1430
-8832369.48125258,5424323.55105109,7892887,1387683,2013,2013/10/03 04:00:00+00,748,1090 DON MILLS Rd,,,Major Arterial,North York,16,43.733699,-79.342525,Mid-Block,,No Control,Clear,Daylight,Dry,Non-Fatal Injury,Cyclist Collisions,Cyclist,45 to 49,Major,,South,Bicycle,Going Ahead,,,,,,Motorist turned left across cyclists path.,Driving Properly,Normal,,Yes,Yes,,,,,,,Yes,,,,42,Banbury-Don Mills,42,Banbury-Don Mills (42),D33,1431
-8829839.41186583,5429663.05303665,80565973,,2016,2016/07/24 04:00:00+00,1349,VICTORIA PARK AVE,HIGHWAY 401 C  W,5 m South of,Major Arterial,North York,17162221,43.768347,-79.319797,Mid-Block,Non Intersection,No Control,Clear,Daylight,Dry,Non-Fatal Injury,Cyclist Collisions,Cyclist,25 to 29,None,,South,Bicycle,Merging,,,,,,"Cyclist without ROW rides into path of motorist at inter, lnwy, dwy-Cyclist not turn.",Failed to Yield Right of Way,Unknown,,Yes,,Yes,,,,,,,,,,150,Fenside-Parkwoods,45,Parkwoods-Donalda (45),D33,1432
-8848311.65684857,5411176.59783593,80248168,,2015,2015/08/20 04:00:00+00,1318,SOUTH KINGSWAY,BLOOR ST W,,Major Arterial,Toronto and East York,4,43.648303,-79.485736,Intersection,At Intersection,Traffic Signal,Rain,Daylight,Wet,Non-Fatal Injury,Cyclist Collisions,Driver,65 to 69,None,,West,"Automobile, Station Wagon",Turning Left,Driving Properly,Normal,,,,,,,,Yes,Yes,,,,,Yes,,,,,,87,High Park-Swansea,87,High Park-Swansea (87),D11,1433
-8852508.06769301,5407070.04866221,81331260,,2019,2019/07/26 04:00:00+00,1436,THE QUEENSWAY,VIBE RD,20 m West of,Major Arterial,Etobicoke York,3,43.621604,-79.523433,Intersection,At Intersection,No Control,Clear,Daylight,Dry,Non-Fatal Injury,Cyclist Collisions,Cyclist,50 to 54,Major,,West,Bicycle,Turning Left,,,,,,Cyclist turned left across motorists path.,Improper Turn,Normal,,Yes,Yes,,,,,Yes,,,,,,159,Etobicoke City Centre,14,Islington-City Centre West (14),D22,1434
-8842533.06208149,5413003.05187764,81509749,1650875,2020,2020/09/01 04:00:00+00,1238,BLOOR ST W,GLADSTONE AVE,9 m South of,Major Arterial,Toronto and East York,,43.660174,-79.433826,Intersection,At Intersection,No Control,Clear,Daylight,Dry,Non-Fatal Injury,Cyclist Collisions,Cyclist,50 to 54,Major,,East,Bicycle,Going Ahead,,,,,,Cyclist and Driver travelling in same direction. One vehicle sideswipes the other.,Driving Properly,Normal,,Yes,Yes,,,,,,,,,,,83,Dufferin Grove,83,Dufferin Grove (83),D14,1435
-8838380.84507491,5411746.45090339,80779941,,2017,2017/08/01 04:00:00+00,1735,GRANGE AVE,LARCH ST,3 m West of,Local,Toronto and East York,10,43.652007,-79.396526,Intersection,At Intersection,No Control,Clear,Daylight,Dry,Non-Fatal Injury,Cyclist Collisions,Driver,60 to 64,None,,East,"Automobile, Station Wagon",Slowing or Stopping,Driving Properly,Normal,,,,,,,,Yes,Yes,,,,,,,,,,,78,Kensington-Chinatown,78,Kensington-Chinatown (78),D52,1436
-8829839.41186583,5429663.05303665,80565974,,2016,2016/07/24 04:00:00+00,1349,VICTORIA PARK AVE,HIGHWAY 401 C  W,5 m South of,Major Arterial,North York,17162221,43.768347,-79.319797,Mid-Block,Non Intersection,No Control,Clear,Daylight,Dry,Non-Fatal Injury,Cyclist Collisions,Motorcycle Driver,55 to 59,Major,,East,Motorcycle,Going Ahead,Lost control,Normal,,,,,,,,Yes,,Yes,,,,,,,,,,150,Fenside-Parkwoods,45,Parkwoods-Donalda (45),D33,1437
-8844647.7984481,5424264.08312459,80631889,4002987190,2014,2014/09/26 04:00:00+00,1153,WILSON AVE,BILLY BISHOP WAY,4 m South of,Major Arterial,North York,6,43.733313,-79.452823,Intersection,At Intersection,Traffic Signal,Clear,Daylight,Dry,Non-Fatal Injury,Cyclist Collisions,Cyclist,20 to 24,Major,,East,Bicycle,Going Ahead,,,,,,"Cyclist without ROW rides into path of motorist at inter, lnwy, dwy-Cyclist not turn.",Failed to Yield Right of Way,Normal,,Yes,Yes,,,,,,,,,,,33,Clanton Park,33,Clanton Park (33),D32,1438
-8852974.38503994,5427616.91628774,81431999,1670339,2020,2020/09/04 04:00:00+00,551,FINCH AVE W,400 N FINCH E RAMP,,Major Arterial,Etobicoke York,7,43.755072,-79.527622,Mid-Block,Non Intersection,No Control,Clear,"Dark, artificial",Dry,Fatal,Cyclist Collisions,,unknown,,,,"Automobile, Station Wagon",,,,,,,,,,,Yes,Yes,,,,,,,Yes,,,,25,Glenfield-Jane Heights,25,Glenfield-Jane Heights (25),D31,1439
-8848311.65684857,5411176.59783593,80248169,,2015,2015/08/20 04:00:00+00,1318,SOUTH KINGSWAY,BLOOR ST W,,Major Arterial,Toronto and East York,4,43.648303,-79.485736,Intersection,At Intersection,Traffic Signal,Rain,Daylight,Wet,Non-Fatal Injury,Cyclist Collisions,Passenger,55 to 59,None,,,,,,,,,,,,,,Yes,Yes,,,,,Yes,,,,,,87,High Park-Swansea,87,High Park-Swansea (87),D11,1440
-8852508.06769301,5407070.04866221,81331261,,2019,2019/07/26 04:00:00+00,1436,THE QUEENSWAY,VIBE RD,20 m West of,Major Arterial,Etobicoke York,3,43.621604,-79.523433,Intersection,At Intersection,No Control,Clear,Daylight,Dry,Non-Fatal Injury,Cyclist Collisions,Driver,35 to 39,None,,East,"Automobile, Station Wagon",Going Ahead,Driving Properly,Normal,,,,,,,,Yes,Yes,,,,,Yes,,,,,,159,Etobicoke City Centre,14,Islington-City Centre West (14),D22,1441
-8848790.66461746,5428338.98502629,81680422,2000833786,2022,2022/05/04 04:00:00+00,2315,KEELE ST,TORO RD,,Major Arterial,North York,76,43.759757,-79.490039,Intersection,Intersection Related,Traffic Signal,Clear,"Dark, artificial",Dry,Non-Fatal Injury,Cyclist Collisions,Cyclist,40 to 44,Major,,North,Bicycle,Going Ahead,,,,,,Cyclist and Driver travelling in same direction. One vehicle rear-ended the other.,Driving Properly,Unknown,,Yes,Yes,,,,,,,Yes,,,,27,York University Heights,27,York University Heights (27),D31,1442
-8842394.58063495,5415207.40160877,7893578,1387944,2013,2013/10/09 04:00:00+00,1018,DAVENPORT RD,MOUNT ROYAL AVE,,Minor Arterial,Toronto and East York,9,43.674498,-79.432582,Intersection,At Intersection,No Control,Clear,Daylight,Dry,Non-Fatal Injury,Cyclist Collisions,Vehicle Owner,unknown,,,,,,,,,,,,,,,Yes,Yes,,,,,,,,,,,94,Wychwood,94,Wychwood (94),D13,1443
-8852974.38503994,5427616.91628774,81432000,1670339,2020,2020/09/04 04:00:00+00,551,FINCH AVE W,400 N FINCH E RAMP,,Major Arterial,Etobicoke York,7,43.755072,-79.527622,Mid-Block,Non Intersection,No Control,Clear,"Dark, artificial",Dry,Fatal,Cyclist Collisions,Cyclist,50 to 54,Fatal,22,West,Bicycle,Going Ahead,,,,,,Cyclist and Driver travelling in same direction. One vehicle rear-ended the other.,Driving Properly,Normal,,Yes,Yes,,,,,,,Yes,,,,25,Glenfield-Jane Heights,25,Glenfield-Jane Heights (25),D31,1444