X,Y,INDEX_,ACCNUM,YEAR,DATE,TIME,STREET1,STREET2,OFFSET,ROAD_CLASS,DISTRICT,WARDNUM,LATITUDE,LONGITUDE,LOCCOORD,ACCLOC,TRAFFCTL,VISIBILITY,LIGHT,RDSFCOND,ACCLASS,IMPACTYPE,INVTYPE,INVAGE,INJURY,FATAL_NO,INITDIR,VEHTYPE,MANOEUVER,DRIVACT,DRIVCOND,PEDTYPE,PEDACT,PEDCOND,CYCLISTYPE,CYCACT,CYCCOND,PEDESTRIAN,CYCLIST,AUTOMOBILE,MOTORCYCLE,TRUCK,TRSN_CITY_VEH,EMERG_VEH,PASSENGER,SPEEDING,AG_DRIV,REDLIGHT,ALCOHOL,DISABILITY,HOOD_158,NEIGHBOURHOOD_158,HOOD_140,NEIGHBOURHOOD_140,DIVISION,ObjectId
-8844224.89570257,5419207.16807275,81640459,2000899254,2022,2022/05/13 04:00:00+00,2210,SALINAS CRT,ROSELAWN AVE,,Local,Toronto and East York,,43.70048,-79.449024,Intersection,Intersection Related,No Control,Clear,"Dark, artificial",Dry,Fatal,SMV Other,Moped Driver,35 to 39,Fatal,18,East,Motorcycle,Going Ahead,Lost control,Had Been Drinking,,,,,,,,Yes,,Yes,,,,,,,,,,108,Briar Hill-Belgravia,108,Briar Hill-Belgravia (108),D13,1445
-8856013.18449962,5408206.36152648,80248479,,2015,2015/08/23 04:00:00+00,1147,DUNDAS ST W,CLOVERDALE MALL,100 m East of,Major Arterial,Etobicoke York,3,43.628993,-79.55492,Intersection,At Intersection,Traffic Signal,Clear,Daylight,Dry,Non-Fatal Injury,Cyclist Collisions,Driver,60 to 64,Minimal,,East,"Automobile, Station Wagon",Turning Left,Improper Turn,Inattentive,,,,,,,,Yes,Yes,,,,,Yes,,,,,,159,Etobicoke City Centre,14,Islington-City Centre West (14),D22,1446
-8823837.39888073,5423343.30355004,80566002,,2016,2016/07/25 04:00:00+00,2359,KENNEDY RD,MERRIAN RD,,Major Arterial,Scarborough,20,43.727336,-79.26588,Intersection,At Intersection,Traffic Signal,Clear,"Dark, artificial",Dry,Non-Fatal Injury,Cyclist Collisions,Cyclist,35 to 39,Major,,West,Bicycle,Going Ahead,,,,,,"Cyclist without ROW rides into path of motorist at inter, lnwy, dwy-Cyclist not turn.",Disobeyed Traffic Control,Inattentive,,Yes,,,,,Yes,,,,,,,124,Kennedy Park,124,Kennedy Park (124),D41,1447
-8840087.03891029,5412285.72057949,81649920,2000984362,2022,2022/05/25 04:00:00+00,1656,COLLEGE ST,EUCLID AVE,60 m West of,Major Arterial,Toronto and East York,,43.655512,-79.411853,Mid-Block,Non Intersection,No Control,Clear,Daylight,Dry,Non-Fatal Injury,Cyclist Collisions,Cyclist,40 to 44,Major,,West,Bicycle,Going Ahead,,,,,,Cyclist and Driver travelling in same direction. One vehicle sideswipes the other.,Driving Properly,Had Been Drinking,,Yes,Yes,,,,,,,,,,,81,Trinity-Bellwoods,81,Trinity-Bellwoods (81),D14,1448
-8856013.18449962,5408206.36152648,80248480,,2015,2015/08/23 04:00:00+00,1147,DUNDAS ST W,CLOVERDALE MALL,100 m East of,Major Arterial,Etobicoke York,3,43.628993,-79.55492,Intersection,At Intersection,Traffic Signal,Clear,Daylight,Dry,Non-Fatal Injury,Cyclist Collisions,Driver,45 to 49,Minimal,,West,Passenger Van,Going Ahead,Driving Properly,Normal,,,,,,,,Yes,Yes,,,,,Yes,,,,,,159,Etobicoke City Centre,14,Islington-City Centre West (14),D22,1449
-8843932.68203924,5424475.14977912,80780968,,2017,2017/08/18 04:00:00+00,1055,FAYWOOD  BLVD,WILSON  AVE,1 m South of,Major Arterial,North York,6,43.734683,-79.446399,Intersection,At Intersection,Stop Sign,Clear,Daylight,Dry,Non-Fatal Injury,Cyclist Collisions,Driver,45 to 49,None,,South,"Automobile, Station Wagon",Turning Right,Failed to Yield Right of Way,Inattentive,,,,,,,,Yes,Yes,,,,,,,Yes,,,,33,Clanton Park,33,Clanton Park (33),D32,1450
-8841023.01318888,5412191.24995148,80175681,4003007939,2014,2014/09/29 04:00:00+00,1325,COLLEGE ST,SHAW ST,,Major Arterial,Toronto and East York,11,43.654898,-79.420261,Intersection,Non Intersection,Pedestrian Crossover,Clear,Daylight,Dry,Non-Fatal Injury,Cyclist Collisions,Driver,35 to 39,None,,South,"Automobile, Station Wagon",Going Ahead,Failed to Yield Right of Way,Normal,,,,,,,,Yes,Yes,,,,,Yes,,Yes,,,,81,Trinity-Bellwoods,81,Trinity-Bellwoods (81),D14,1451
-8842394.58063495,5415207.40160877,7893579,1387944,2013,2013/10/09 04:00:00+00,1018,DAVENPORT RD,MOUNT ROYAL AVE,,Minor Arterial,Toronto and East York,9,43.674498,-79.432582,Intersection,At Intersection,No Control,Clear,Daylight,Dry,Non-Fatal Injury,Cyclist Collisions,Driver,45 to 49,None,,West,Delivery Van,Turning Right,Improper Turn,Inattentive,,,,,,,,Yes,Yes,,,,,,,,,,,94,Wychwood,94,Wychwood (94),D13,1452
-8852974.38503994,5427616.91628774,81432001,1670339,2020,2020/09/04 04:00:00+00,551,FINCH AVE W,400 N FINCH E RAMP,,Major Arterial,Etobicoke York,7,43.755072,-79.527622,Mid-Block,Non Intersection,No Control,Clear,"Dark, artificial",Dry,Fatal,Cyclist Collisions,Driver,60 to 64,None,,West,"Automobile, Station Wagon",Going Ahead,Following too Close,Unknown,,,,,,,,Yes,Yes,,,,,,,Yes,,,,25,Glenfield-Jane Heights,25,Glenfield-Jane Heights (25),D31,1453
-8852508.06769301,5407070.04866221,81331262,,2019,2019/07/26 04:00:00+00,1436,THE QUEENSWAY,VIBE RD,20 m West of,Major Arterial,Etobicoke York,3,43.621604,-79.523433,Intersection,At Intersection,No Control,Clear,Daylight,Dry,Non-Fatal Injury,Cyclist Collisions,Cyclist Passenger,25 to 29,Major,,,,,,,,,,,,,,Yes,Yes,,,,,Yes,,,,,,159,Etobicoke City Centre,14,Islington-City Centre West (14),D22,1454
-8856013.18449962,5408206.36152648,80248481,,2015,2015/08/23 04:00:00+00,1147,DUNDAS ST W,CLOVERDALE MALL,100 m East of,Major Arterial,Etobicoke York,3,43.628993,-79.55492,Intersection,At Intersection,Traffic Signal,Clear,Daylight,Dry,Non-Fatal Injury,Cyclist Collisions,Cyclist,55 to 59,Major,,East,Bicycle,Stopped,,,,,,Motorist loses control and strikes cyclist.,Driving Properly,Normal,,Yes,Yes,,,,,Yes,,,,,,159,Etobicoke City Centre,14,Islington-City Centre West (14),D22,1455
-8843932.68203924,5424475.14977912,80780969,,2017,2017/08/18 04:00:00+00,1055,FAYWOOD  BLVD,WILSON  AVE,1 m South of,Major Arterial,North York,6,43.734683,-79.446399,Intersection,At Intersection,Stop Sign,Clear,Daylight,Dry,Non-Fatal Injury,Cyclist Collisions,Cyclist,55 to 59,Major,,West,Bicycle,Going Ahead,,,,,,"Motorist turns right at non-signal Inter.(stop, yield, no cont.,and dwy) and strikes cyclist.",Driving Properly,Normal,,Yes,Yes,,,,,,,Yes,,,,33,Clanton Park,33,Clanton Park (33),D32,1456
-8838756.9936343,5412943.8106966,80920030,,2017,2017/08/21 04:00:00+00,1634,SPADINA CRES,RUSSELL ST,30 m South of,Major Arterial,Toronto and East York,11,43.659789,-79.399905,Intersection,At Intersection,No Control,Clear,Daylight,Dry,Non-Fatal Injury,Cyclist Collisions,Cyclist,35 to 39,Major,,North,Bicycle,Going Ahead,,,,,,Cyclist and Driver travelling in same direction. One vehicle sideswipes the other.,Driving Properly,Unknown,,Yes,Yes,,,,,,Yes,Yes,,,,79,University,79,University (79),D52,1457
-8856013.18449962,5408206.36152648,80248482,,2015,2015/08/23 04:00:00+00,1147,DUNDAS ST W,CLOVERDALE MALL,100 m East of,Major Arterial,Etobicoke York,3,43.628993,-79.55492,Intersection,At Intersection,Traffic Signal,Clear,Daylight,Dry,Non-Fatal Injury,Cyclist Collisions,Passenger,40 to 44,Major,,,,,,,,,,,,,,Yes,Yes,,,,,Yes,,,,,,159,Etobicoke City Centre,14,Islington-City Centre West (14),D22,1458
-8841023.01318888,5412191.24995148,80175682,4003007939,2014,2014/09/29 04:00:00+00,1325,COLLEGE ST,SHAW ST,,Major Arterial,Toronto and East York,11,43.654898,-79.420261,Intersection,Non Intersection,Pedestrian Crossover,Clear,Daylight,Dry,Non-Fatal Injury,Cyclist Collisions,Cyclist,25 to 29,Major,,East,Bicycle,Going Ahead,,,,,,"Motorist without ROW drives into path of cyclist at inter, lnwy, dwy-Driver not turn.",Failed to Yield Right of Way,Fatigue,,Yes,Yes,,,,,Yes,,Yes,,,,81,Trinity-Bellwoods,81,Trinity-Bellwoods (81),D14,1459
-8840087.03891029,5412285.72057949,81649921,2000984362,2022,2022/05/25 04:00:00+00,1656,COLLEGE ST,EUCLID AVE,60 m West of,Major Arterial,Toronto and East York,,43.655512,-79.411853,Mid-Block,Non Intersection,No Control,Clear,Daylight,Dry,Non-Fatal Injury,Cyclist Collisions,Driver,30 to 34,None,,West,"Automobile, Station Wagon",Going Ahead,Driving Properly,Normal,,,,,,,,Yes,Yes,,,,,,,,,,,81,Trinity-Bellwoods,81,Trinity-Bellwoods (81),D14,1460
-8836888.60730082,5414664.88333042,81505984,1717092,2020,2020/09/10 04:00:00+00,2240,BLOOR ST E,CHURCH ST,,Major Arterial,Toronto and East York,11,43.670973,-79.383121,Intersection,Intersection Related,Traffic Signal,Clear,"Dark, artificial",Dry,Non-Fatal Injury,SMV Other,Motorcycle Driver,40 to 44,Major,,East,Motorcycle,Going Ahead,Improper Passing,Inattentive,,,,,,,,Yes,,Yes,,,,Yes,Yes,Yes,,,,167,Church-Wellesley,75,Church-Yonge Corridor (75),D51,1461
-8842394.58063495,5415207.40160877,7893580,1387944,2013,2013/10/09 04:00:00+00,1018,DAVENPORT RD,MOUNT ROYAL AVE,,Minor Arterial,Toronto and East York,9,43.674498,-79.432582,Intersection,At Intersection,No Control,Clear,Daylight,Dry,Non-Fatal Injury,Cyclist Collisions,Cyclist,50 to 54,Major,,West,Bicycle,Going Ahead,,,,,,"Motorist turns right at non-signal Inter.(stop, yield, no cont.,and dwy) and strikes cyclist.",Driving Properly,Normal,,Yes,Yes,,,,,,,,,,,94,Wychwood,94,Wychwood (94),D13,1462
-8823837.39888073,5423343.30355004,80566003,,2016,2016/07/25 04:00:00+00,2359,KENNEDY RD,MERRIAN RD,,Major Arterial,Scarborough,20,43.727336,-79.26588,Intersection,At Intersection,Traffic Signal,Clear,"Dark, artificial",Dry,Non-Fatal Injury,Cyclist Collisions,Driver,35 to 39,None,,North,Police Vehicle,Going Ahead,Driving Properly,Normal,,,,,,,,Yes,,,,,Yes,,,,,,,124,Kennedy Park,124,Kennedy Park (124),D41,1463
-8832396.64320833,5414149.48200576,81322216,,2019,2019/07/29 04:00:00+00,1937,GERRARD ST E,CARLAW AVE,,Minor Arterial,Toronto and East York,14,43.667624,-79.342769,Intersection,At Intersection,Traffic Signal,Clear,Daylight,Dry,Non-Fatal Injury,Cyclist Collisions,Cyclist,55 to 59,Major,,East,Bicycle,Going Ahead,,,,,,"Cyclist without ROW rides into path of motorist at inter, lnwy, dwy-Cyclist not turn.",Disobeyed Traffic Control,Inattentive,,Yes,Yes,,,,,Yes,,,,,,70,South Riverdale,70,South Riverdale (70),D55,1464
-8839458.52906528,5434695.78380833,81688197,2000988089,2022,2022/05/26 04:00:00+00,831,STEELES AVE E,MAXOME AVE,,Major Arterial,North York,,43.800986,-79.406207,Intersection,At Intersection,Traffic Signal,Clear,Daylight,Dry,Non-Fatal Injury,Cyclist Collisions,Driver,20 to 24,None,,South,"Automobile, Station Wagon",Turning Left,Improper Turn,Inattentive,,,,,,,,Yes,Yes,,,,,,,,,,,50,Newtonbrook East,50,Newtonbrook East (50),D32,1465
-8836888.60730082,5414664.88333042,81505985,1717092,2020,2020/09/10 04:00:00+00,2240,BLOOR ST E,CHURCH ST,,Major Arterial,Toronto and East York,11,43.670973,-79.383121,Intersection,Intersection Related,Traffic Signal,Clear,"Dark, artificial",Dry,Non-Fatal Injury,SMV Other,Moped Passenger,35 to 39,Major,,,,,,,,,,,,,,Yes,,Yes,,,,Yes,Yes,Yes,,,,167,Church-Wellesley,75,Church-Yonge Corridor (75),D51,1466
-8841023.01318888,5412191.24995148,80175683,4003007939,2014,2014/09/29 04:00:00+00,1325,COLLEGE ST,SHAW ST,,Major Arterial,Toronto and East York,11,43.654898,-79.420261,Intersection,Non Intersection,Pedestrian Crossover,Clear,Daylight,Dry,Non-Fatal Injury,Cyclist Collisions,Passenger,20 to 24,Minimal,,,,,,,,,,,,,,Yes,Yes,,,,,Yes,,Yes,,,,81,Trinity-Bellwoods,81,Trinity-Bellwoods (81),D14,1467
-8836982.89490952,5410255.73786571,80631968,,2015,2015/08/31 04:00:00+00,1545,LOWER SIMCOE ST,BREMNER BLVD,,Minor Arterial,Toronto and East York,10,43.642317,-79.383968,Intersection,At Intersection,Traffic Signal,Clear,Daylight,Dry,Non-Fatal Injury,Cyclist Collisions,Truck Driver,40 to 44,None,,South,"Truck - Closed (Blazer, etc)",Turning Right,Improper Turn,Inattentive,,,,,,,,Yes,,,Yes,,,,,,,,,165,Harbourfront-CityPlace,77,Waterfront Communities-The Island (77),D52,1468
-8838756.9936343,5412943.8106966,80920031,,2017,2017/08/21 04:00:00+00,1634,SPADINA CRES,RUSSELL ST,30 m South of,Major Arterial,Toronto and East York,11,43.659789,-79.399905,Intersection,At Intersection,No Control,Clear,Daylight,Dry,Non-Fatal Injury,Cyclist Collisions,Driver,25 to 29,None,,North,Delivery Van,Going Ahead,Other,Unknown,,,,,,,,Yes,Yes,,,,,,Yes,Yes,,,,79,University,79,University (79),D52,1469
-8826593.3355143,5424575.60071493,80485685,4003073382,2014,2014/10/09 04:00:00+00,1410,WARDEN AVE,MARBLE ARCH CRES,,Major Arterial,Scarborough,21,43.735335,-79.290637,Intersection,Non Intersection,Traffic Signal,Clear,Daylight,Dry,Fatal,Cyclist Collisions,Driver,45 to 49,None,,North,"Automobile, Station Wagon",Going Ahead,Disobeyed Traffic Control,Inattentive,,,,,,,,Yes,Yes,,,,,,,Yes,Yes,,,119,Wexford/Maryvale,119,Wexford/Maryvale (119),D41,1470
-8836982.89490952,5410255.73786571,80631969,,2015,2015/08/31 04:00:00+00,1545,LOWER SIMCOE ST,BREMNER BLVD,,Minor Arterial,Toronto and East York,10,43.642317,-79.383968,Intersection,At Intersection,Traffic Signal,Clear,Daylight,Dry,Non-Fatal Injury,Cyclist Collisions,Cyclist,35 to 39,Major,,South,Bicycle,Going Ahead,,,,,,Motorist turning right on green or amber at signalized intersection strikes cyclist.,Driving Properly,Normal,,Yes,,,Yes,,,,,,,,,165,Harbourfront-CityPlace,77,Waterfront Communities-The Island (77),D52,1471
-8852190.47318577,5429867.76876326,80632070,,2016,2016/07/29 04:00:00+00,1645,JANE ST,SHOREHAM DR,121 m North of,Major Arterial,Etobicoke York,7,43.769675,-79.52058,Mid-Block,Non Intersection,No Control,Clear,Daylight,Dry,Non-Fatal Injury,Cyclist Collisions,Cyclist,30 to 34,None,,East,Bicycle,Going Ahead,,,,,,"Cyclist without ROW rides into path of motorist at inter, lnwy, dwy-Cyclist not turn.",Failed to Yield Right of Way,Inattentive,,Yes,Yes,,,,,,,,,,,24,Black Creek,24,Black Creek (24),D31,1472
-8832396.64320833,5414149.48200576,81322217,,2019,2019/07/29 04:00:00+00,1937,GERRARD ST E,CARLAW AVE,,Minor Arterial,Toronto and East York,14,43.667624,-79.342769,Intersection,At Intersection,Traffic Signal,Clear,Daylight,Dry,Non-Fatal Injury,Cyclist Collisions,Driver,35 to 39,None,,South,"Automobile, Station Wagon",Going Ahead,Driving Properly,Normal,,,,,,,,Yes,Yes,,,,,Yes,,,,,,70,South Riverdale,70,South Riverdale (70),D55,1473
-8839015.25485294,5411738.75826837,81432066,1815972,2020,2020/09/20 04:00:00+00,1812,DUNDAS ST W,DENISON AVE,,Major Arterial,Toronto and East York,1110,43.651957,-79.402225,Intersection,At Intersection,Traffic Signal,Clear,Daylight,Dry,Fatal,Cyclist Collisions,Cyclist,35 to 39,Fatal,26,East,Bicycle,Going Ahead,,,,,,"Cyclist loses control and strikes object (pole, ttc track)",Lost control,Unknown,,Yes,Yes,,,,,,,,,,,78,Kensington-Chinatown,78,Kensington-Chinatown (78),D14,1474
-8839458.52906528,5434695.78380833,81688198,2000988089,2022,2022/05/26 04:00:00+00,831,STEELES AVE E,MAXOME AVE,,Major Arterial,North York,,43.800986,-79.406207,Intersection,At Intersection,Traffic Signal,Clear,Daylight,Dry,Non-Fatal Injury,Cyclist Collisions,Cyclist,20 to 24,Major,,North,Bicycle,Going Ahead,,,,,,Motorist turned left across cyclists path.,Driving Properly,Normal,,Yes,Yes,,,,,,,,,,,50,Newtonbrook East,50,Newtonbrook East (50),D32,1475
-8834791.68205275,5410742.92381569,81648359,2001020904,2022,2022/05/30 04:00:00+00,1847,QUEENS QUAY E,MERCHANTS WHARF,19 m South of,Minor Arterial,Toronto and East York,10,43.645484,-79.364284,Intersection,At Intersection,No Control,Clear,Daylight,Dry,Non-Fatal Injury,Cyclist Collisions,Driver,50 to 54,None,,East,"Automobile, Station Wagon",Turning Right,Improper Turn,Normal,,,,,,,,Yes,Yes,,,,,,,,,,,166,St Lawrence-East Bayfront-The Islands,77,Waterfront Communities-The Island (77),D51,1476
-8838528.56603919,5411823.37760585,7876120,1380946,2013,2013/10/16 04:00:00+00,710,SPADINA Ave,DUNDAS St W,,Major Arterial,Toronto and East York,10,43.652507,-79.397853,Mid-Block,,No Control,Clear,Daylight,Wet,Fatal,Cyclist Collisions,Vehicle Owner,unknown,,,,,,,,,,,,,,,Yes,,,Yes,,,,,,,,,78,Kensington-Chinatown,78,Kensington-Chinatown (78),D52,1477
-8852190.47318577,5429867.76876326,80632071,,2016,2016/07/29 04:00:00+00,1645,JANE ST,SHOREHAM DR,121 m North of,Major Arterial,Etobicoke York,7,43.769675,-79.52058,Mid-Block,Non Intersection,No Control,Clear,Daylight,Dry,Non-Fatal Injury,Cyclist Collisions,Driver,50 to 54,Major,,South,"Automobile, Station Wagon",Going Ahead,Driving Properly,Normal,,,,,,,,Yes,Yes,,,,,,,,,,,24,Black Creek,24,Black Creek (24),D31,1478
-8839015.25485294,5411738.75826837,81432344,1815972,2020,2020/09/20 04:00:00+00,1812,DUNDAS ST W,DENISON AVE,,Major Arterial,Toronto and East York,1110,43.651957,-79.402225,Intersection,At Intersection,Traffic Signal,Clear,Daylight,Dry,Fatal,Cyclist Collisions,Driver,65 to 69,None,,East,"Automobile, Station Wagon",Going Ahead,Driving Properly,Normal,,,,,,,,Yes,Yes,,,,,,,,,,,78,Kensington-Chinatown,78,Kensington-Chinatown (78),D14,1479
-8827649.08956498,5416651.3480796,80894961,,2017,2017/08/23 04:00:00+00,1010,MAIN ST,GERRARD  ST E,,Minor Arterial,Toronto and East York,19,43.683879,-79.300121,Intersection,At Intersection,Traffic Signal,Clear,Daylight,Dry,Non-Fatal Injury,Cyclist Collisions,Driver,45 to 49,None,,South,"Automobile, Station Wagon",Going Ahead,Driving Properly,Normal,,,,,,,,Yes,Yes,,,,,,,,,,,62,East End-Danforth,62,East End-Danforth (62),D55,1480
-8826593.3355143,5424575.60071493,80485686,4003073382,2014,2014/10/09 04:00:00+00,1410,WARDEN AVE,MARBLE ARCH CRES,,Major Arterial,Scarborough,21,43.735335,-79.290637,Intersection,Non Intersection,Traffic Signal,Clear,Daylight,Dry,Fatal,Cyclist Collisions,Cyclist,60 to 64,Fatal,32,East,Bicycle,Going Ahead,,,,,,"Motorist without ROW drives into path of cyclist at inter, lnwy, dwy-Driver not turn.",Driving Properly,Normal,,Yes,Yes,,,,,,,Yes,Yes,,,119,Wexford/Maryvale,119,Wexford/Maryvale (119),D41,1481
-8834791.68205275,5410742.92381569,81648360,2001020904,2022,2022/05/30 04:00:00+00,1847,QUEENS QUAY E,MERCHANTS WHARF,19 m South of,Minor Arterial,Toronto and East York,10,43.645484,-79.364284,Intersection,At Intersection,No Control,Clear,Daylight,Dry,Non-Fatal Injury,Cyclist Collisions,Cyclist,10 to 14,Major,,West,Bicycle,Going Ahead,,,,,,"Motorist turns right at non-signal Inter.(stop, yield, no cont.,and dwy) and strikes cyclist.",Driving Properly,Normal,,Yes,Yes,,,,,,,,,,,166,St Lawrence-East Bayfront-The Islands,77,Waterfront Communities-The Island (77),D51,1482
-8838528.56603919,5411823.37760585,7876121,1380946,2013,2013/10/16 04:00:00+00,710,SPADINA Ave,DUNDAS St W,,Major Arterial,Toronto and East York,10,43.652507,-79.397853,Mid-Block,,No Control,Clear,Daylight,Wet,Fatal,Cyclist Collisions,Truck Driver,50 to 54,None,,North,Truck - Dump,Going Ahead,Driving Properly,Normal,,,,,,,,Yes,,,Yes,,,,,,,,,78,Kensington-Chinatown,78,Kensington-Chinatown (78),D52,1483
-8851690.20339415,5403918.66081715,80250667,,2015,2015/09/16 04:00:00+00,2200,BIRMINGHAM ST,SIXTEENTH ST,1 m East of,Collector,Etobicoke York,3,43.601107,-79.516086,Intersection,Non Intersection,No Control,Clear,"Dark, artificial",Dry,Non-Fatal Injury,Cyclist Collisions,Cyclist,50 to 54,Major,,West,Bicycle,Changing Lanes,,,,,,Cyclist and Driver travelling in same direction. One vehicle sideswipes the other.,Improper Lane Change,Inattentive,,Yes,Yes,,,,,,,,,,,18,New Toronto,18,New Toronto (18),D22,1484
-8832396.64320833,5414149.48200576,81322218,,2019,2019/07/29 04:00:00+00,1937,GERRARD ST E,CARLAW AVE,,Minor Arterial,Toronto and East York,14,43.667624,-79.342769,Intersection,At Intersection,Traffic Signal,Clear,Daylight,Dry,Non-Fatal Injury,Cyclist Collisions,Passenger,15 to 19,None,,,,,,,,,,,,,,Yes,Yes,,,,,Yes,,,,,,70,South Riverdale,70,South Riverdale (70),D55,1485
-8851690.20339415,5403918.66081715,80250668,,2015,2015/09/16 04:00:00+00,2200,BIRMINGHAM ST,SIXTEENTH ST,1 m East of,Collector,Etobicoke York,3,43.601107,-79.516086,Intersection,Non Intersection,No Control,Clear,"Dark, artificial",Dry,Non-Fatal Injury,Cyclist Collisions,Driver,50 to 54,None,,West,"Automobile, Station Wagon",Going Ahead,Driving Properly,Normal,,,,,,,,Yes,Yes,,,,,,,,,,,18,New Toronto,18,New Toronto (18),D22,1486
-8856871.7917321,5405639.43730738,80715701,,2016,2016/08/16 04:00:00+00,2325,THE WEST MALL,THE QUEENSWAY,,Major Arterial,Etobicoke York,3,43.6123,-79.562633,Intersection,At Intersection,Traffic Signal,Clear,"Dark, artificial",Dry,Non-Fatal Injury,Cyclist Collisions,Cyclist,30 to 34,Major,,South,Bicycle,Going Ahead,,,,,,"Cyclist without ROW rides into path of motorist at inter, lnwy, dwy-Cyclist not turn.",Other,Unknown,,Yes,,,Yes,,,,,,,,,159,Etobicoke City Centre,14,Islington-City Centre West (14),D22,1487
-8841298.97420656,5411332.13469755,81649528,2001085402,2022,2022/06/08 04:00:00+00,1554,DUNDAS ST W,LAKEVIEW AVE,25 m East of,Minor Arterial,Toronto and East York,,43.649314,-79.42274,Intersection,Intersection Related,No Control,Clear,Daylight,Dry,Non-Fatal Injury,Cyclist Collisions,Driver,55 to 59,None,,West,Pick Up Truck,Changing Lanes,Improper Lane Change,Inattentive,,,,,,,,Yes,Yes,,,,,,,,,,,81,Trinity-Bellwoods,81,Trinity-Bellwoods (81),D14,1488
-8827649.08956498,5416651.3480796,80894962,,2017,2017/08/23 04:00:00+00,1010,MAIN ST,GERRARD  ST E,,Minor Arterial,Toronto and East York,19,43.683879,-79.300121,Intersection,At Intersection,Traffic Signal,Clear,Daylight,Dry,Non-Fatal Injury,Cyclist Collisions,Cyclist,25 to 29,Major,,East,Bicycle,Going Ahead,,,,,,"Cyclist without ROW rides into path of motorist at inter, lnwy, dwy-Cyclist not turn.",Driving Properly,Normal,,Yes,Yes,,,,,,,,,,,62,East End-Danforth,62,East End-Danforth (62),D55,1489
-8828513.59673048,5415108.74555987,81505891,1931088,2020,2020/10/11 04:00:00+00,1120,WOODBINE AVE,KINGSTON RD,,Major Arterial,Etobicoke York,19,43.673857,-79.307887,Intersection,At Intersection,Traffic Signal,Clear,Daylight,Dry,Non-Fatal Injury,Cyclist Collisions,Driver,45 to 49,None,,South,Pick Up Truck,Turning Left,Failed to Yield Right of Way,Inattentive,,,,,,,,Yes,Yes,,,,,,,Yes,,,,63,The Beaches,63,The Beaches (63),D55,1490
-8836731.42417982,5411727.06547541,80177786,4003142204,2014,2014/10/20 04:00:00+00,1803,BAY ST,QUEEN ST W,,Major Arterial,Toronto and East York,1013,43.651881,-79.381709,Intersection,At Intersection,Traffic Signal,Rain,Dusk,Wet,Non-Fatal Injury,Cyclist Collisions,Driver,20 to 24,None,,North,"Automobile, Station Wagon",Turning Left,Failed to Yield Right of Way,Normal,,,,,,,,Yes,Yes,,,,,,,Yes,,,,170,Yonge-Bay Corridor,76,Bay Street Corridor (76),D52,1491
-8841298.97420656,5411332.13469755,81649529,2001085402,2022,2022/06/08 04:00:00+00,1554,DUNDAS ST W,LAKEVIEW AVE,25 m East of,Minor Arterial,Toronto and East York,,43.649314,-79.42274,Intersection,Intersection Related,No Control,Clear,Daylight,Dry,Non-Fatal Injury,Cyclist Collisions,Cyclist,55 to 59,Major,,West,Bicycle,Going Ahead,,,,,,Cyclist and Driver travelling in same direction. One vehicle sideswipes the other.,Driving Properly,Normal,,Yes,Yes,,,,,,,,,,,81,Trinity-Bellwoods,81,Trinity-Bellwoods (81),D14,1492
-8856871.7917321,5405639.43730738,80715702,,2016,2016/08/16 04:00:00+00,2325,THE WEST MALL,THE QUEENSWAY,,Major Arterial,Etobicoke York,3,43.6123,-79.562633,Intersection,At Intersection,Traffic Signal,Clear,"Dark, artificial",Dry,Non-Fatal Injury,Cyclist Collisions,Truck Driver,50 to 54,None,,North,Truck-Tractor,Turning Right,Driving Properly,Normal,,,,,,,,Yes,,,Yes,,,,,,,,,159,Etobicoke City Centre,14,Islington-City Centre West (14),D22,1493
-8841448.4762827,5411089.67679347,81330172,,2019,2019/07/31 04:00:00+00,1748,220 DOVERCOURT RD,,,Collector,Toronto and East York,910,43.647738,-79.424083,Intersection,Intersection Related,No Control,Clear,Daylight,Dry,Non-Fatal Injury,Cyclist Collisions,Driver,30 to 34,None,,South,Pick Up Truck,Overtaking,Improper Passing,Inattentive,,,,,,,,Yes,Yes,,,,,Yes,,Yes,,,,84,Little Portugal,84,Little Portugal (84),D14,1494
-8838528.56603919,5411823.37760585,7876122,1380946,2013,2013/10/16 04:00:00+00,710,SPADINA Ave,DUNDAS St W,,Major Arterial,Toronto and East York,10,43.652507,-79.397853,Mid-Block,,No Control,Clear,Daylight,Wet,Fatal,Cyclist Collisions,Cyclist,25 to 29,Fatal,49,North,Bicycle,Going Ahead,,,,,,Cyclist and Driver travelling in same direction. One vehicle sideswipes the other.,Lost control,Normal,,Yes,,,Yes,,,,,,,,,78,Kensington-Chinatown,78,Kensington-Chinatown (78),D52,1495
-8837721.72236992,5413516.69653642,80895726,,2017,2017/08/30 04:00:00+00,1703,WELLESLEY ST W,QUEENS PARK CRES E,3 m East of,Major Arterial,Toronto and East York,11,43.663512,-79.390605,Intersection,At Intersection,Traffic Signal,Clear,Daylight,Dry,Non-Fatal Injury,Cyclist Collisions,Cyclist,40 to 44,Major,,West,Bicycle,Going Ahead,,,,,,Motorist turning right on green or amber at signalized intersection strikes cyclist.,Driving Properly,Normal,,Yes,,,Yes,,,,,,,,,169,Bay-Cloverhill,76,Bay Street Corridor (76),D52,1496