X,Y,INDEX_,ACCNUM,YEAR,DATE,TIME,STREET1,STREET2,OFFSET,ROAD_CLASS,DISTRICT,WARDNUM,LATITUDE,LONGITUDE,LOCCOORD,ACCLOC,TRAFFCTL,VISIBILITY,LIGHT,RDSFCOND,ACCLASS,IMPACTYPE,INVTYPE,INVAGE,INJURY,FATAL_NO,INITDIR,VEHTYPE,MANOEUVER,DRIVACT,DRIVCOND,PEDTYPE,PEDACT,PEDCOND,CYCLISTYPE,CYCACT,CYCCOND,PEDESTRIAN,CYCLIST,AUTOMOBILE,MOTORCYCLE,TRUCK,TRSN_CITY_VEH,EMERG_VEH,PASSENGER,SPEEDING,AG_DRIV,REDLIGHT,ALCOHOL,DISABILITY,HOOD_158,NEIGHBOURHOOD_158,HOOD_140,NEIGHBOURHOOD_140,DIVISION,ObjectId
-8819195.15347567,5431686.20772429,80181212,4003374622,2014,2014/11/26 05:00:00+00,1625,23 CASTOR CRES,,,Local,Scarborough,24,43.78147,-79.224178,Mid-Block,At/Near Private Drive,No Control,Clear,Dusk,Dry,Non-Fatal Injury,Cyclist Collisions,Driver,55 to 59,None,,East,"Automobile, Station Wagon",Going Ahead,Driving Properly,Normal,,,,,,,,Yes,Yes,,,,,,,,,,,142,Woburn North,137,Woburn (137),D43,1599
-8825428.15440416,5415161.69032873,81511582,,2019,2019/08/13 04:00:00+00,1748,QUEEN ST E,VICTORIA PARK AVE,,Minor Arterial,Toronto and East York,,43.674201,-79.28017,Intersection,At Intersection,No Control,Clear,Daylight,Dry,Non-Fatal Injury,Cyclist Collisions,Passenger,60 to 64,None,,,,,,,,,,,,,,Yes,Yes,,,,,Yes,,Yes,,,,122,Birchcliffe-Cliffside,122,Birchcliffe-Cliffside (122),D41,1600
-8842011.53026713,5408570.09112102,80783391,,2017,2017/09/18 04:00:00+00,2019,LAKE SHORE BLVD W,BRITISH COLUMBIA RD,1 m West of,Major Arterial,Toronto and East York,4,43.631358,-79.429141,Intersection,At Intersection,Traffic Signal,Clear,"Dark, artificial",Dry,Non-Fatal Injury,Cyclist Collisions,Driver,60 to 64,None,,West,"Automobile, Station Wagon",Going Ahead,Driving Properly,Normal,,,,,,,,Yes,Yes,,,,,,,,,,,85,South Parkdale,85,South Parkdale (85),D14,1601
-8858841.25616322,5424506.88722655,81511576,,2019,2019/08/31 04:00:00+00,1746,JOHN GARLAND BLVD,KENDLETON DR,3 m West of,Local,Etobicoke York,,43.734889,-79.580325,Intersection,At Intersection,No Control,Clear,Daylight,Dry,Non-Fatal Injury,Cyclist Collisions,Driver,65 to 69,None,,West,"Automobile, Station Wagon",Turning Right,Failed to Yield Right of Way,Normal,,,,,,,,Yes,Yes,,,,,,,Yes,,,,2,Mount Olive-Silverstone-Jamestown,2,Mount Olive-Silverstone-Jamestown (2),D23,1602
-8840752.06154829,5431088.60398342,81506844,2263377,2020,2020/11/30 05:00:00+00,1110,BEECROFT RD,LORRAINE DR,,Local,North York,18,43.777594,-79.417827,Intersection,At Intersection,Stop Sign,Rain,"Daylight, artificial",Wet,Non-Fatal Injury,Cyclist Collisions,Driver,45 to 49,Major,,East,"Automobile, Station Wagon",Turning Left,Driving Properly,Normal,,,,,,,,Yes,Yes,,,,,,,,,,,37,Willowdale West,37,Willowdale West (37),D32,1603
-8838593.13134385,5413607.02585666,80198361,3001015663,2013,2013/11/22 05:00:00+00,31,HOSKIN AVE,ST GEORGE ST,,Minor Arterial,Toronto and East York,11,43.664099,-79.398433,Intersection,Intersection Related,Traffic Signal,Rain,"Dark, artificial",Wet,Non-Fatal Injury,Cyclist Collisions,Cyclist,20 to 24,Major,,South,Bicycle,Going Ahead,,,,,,"Cyclist without ROW rides into path of motorist at inter, lnwy, dwy-Cyclist not turn.",Disobeyed Traffic Control,Unknown,,Yes,Yes,,,,,,,,,,,79,University,79,University (79),D52,1604
-8823716.8398722,5418972.81790635,80251661,,2015,2015/09/27 04:00:00+00,2136,336 BIRCHMOUNT RD,,3 m South of,Minor Arterial,Scarborough,20,43.698958,-79.264797,Mid-Block,Non Intersection,No Control,Clear,"Dark, artificial",Dry,Non-Fatal Injury,Cyclist Collisions,Cyclist,35 to 39,Major,,South,Bicycle,Stopped,,,,,,Cyclist and Driver travelling in same direction. One vehicle rear-ended the other.,Driving Properly,Normal,,Yes,Yes,,,,,,,Yes,,,,122,Birchcliffe-Cliffside,122,Birchcliffe-Cliffside (122),D41,1605
-8825245.47911977,5432273.21072451,80632219,,2016,2016/09/24 04:00:00+00,903,MIDLAND AVE,SHEPPARD AVE E,,Major Arterial,Scarborough,2223,43.785277,-79.278529,Intersection,At Intersection,Traffic Signal,Clear,Daylight,Dry,Non-Fatal Injury,Cyclist Collisions,Passenger,70 to 74,None,,,,,,,,,,,,,,Yes,Yes,,,,,Yes,,,,,,128,Agincourt South-Malvern West,128,Agincourt South-Malvern West (128),D42,1606
-8844254.61800661,5426389.45210997,80631919,4003399384,2014,2014/11/30 05:00:00+00,1702,203 FAYWOOD BLVD,,,Collector,North York,6,43.747107,-79.449291,Mid-Block,At/Near Private Drive,No Control,Rain,"Dark, artificial",Wet,Non-Fatal Injury,Cyclist Collisions,Driver,30 to 34,None,,East,Pick Up Truck,Reversing,Other,Inattentive,,,,,,,,Yes,Yes,,,,,,,,,,,33,Clanton Park,33,Clanton Park (33),D32,1607
-8849008.9621389,5429492.56283568,81703222,2001292860,2022,2022/07/07 04:00:00+00,1605,KEELE ST,MURRAY ROSS PARKWAY,,Major Arterial,North York,76,43.767241,-79.492,Intersection,At Intersection,Traffic Signal,Clear,Daylight,Dry,Non-Fatal Injury,Cyclist Collisions,Truck Driver,55 to 59,None,,West,Truck-Tractor,Turning Right,Improper Turn,Inattentive,,,,,,,,Yes,,,Yes,,,,,,,,,27,York University Heights,27,York University Heights (27),D31,1608
-8842476.95705814,5412146.6306096,81432714,2279200,2020,2020/12/02 05:00:00+00,1829,DUFFERIN ST,SYLVAN AVE,,Major Arterial,Toronto and East York,,43.654608,-79.433322,Intersection,Intersection Related,No Control,Clear,Daylight,Dry,Fatal,Cyclist Collisions,Cyclist,20 to 24,Fatal,34,South,Bicycle,Going Ahead,,,,,,Cyclist and Driver travelling in same direction. One vehicle sideswipes the other.,Driving Properly,Normal,,Yes,Yes,,,,,,,Yes,,,,83,Dufferin Grove,83,Dufferin Grove (83),D14,1609
-8838593.13134385,5413607.02585666,80198362,3001015663,2013,2013/11/22 05:00:00+00,31,HOSKIN AVE,ST GEORGE ST,,Minor Arterial,Toronto and East York,11,43.664099,-79.398433,Intersection,Intersection Related,Traffic Signal,Rain,"Dark, artificial",Wet,Non-Fatal Injury,Cyclist Collisions,Driver,20 to 24,None,,East,"Automobile, Station Wagon",Going Ahead,Driving Properly,Unknown,,,,,,,,Yes,Yes,,,,,,,,,,,79,University,79,University (79),D52,1610
-8847313.7889331,5419598.43216634,80632248,,2016,2016/10/03 04:00:00+00,1426,KEELE ST,FLAMBOROUGH DR,,Major Arterial,Etobicoke York,5,43.703021,-79.476772,Intersection,At Intersection,Traffic Signal,Clear,Daylight,Dry,Non-Fatal Injury,Cyclist Collisions,Driver,85 to 89,None,,North,"Automobile, Station Wagon",Turning Left,Improper Turn,Normal,,,,,,,,Yes,Yes,,,,,,,,,,,30,Brookhaven-Amesbury,30,Brookhaven-Amesbury (30),D12,1611
-8858841.25616322,5424506.88722655,81511577,,2019,2019/08/31 04:00:00+00,1746,JOHN GARLAND BLVD,KENDLETON DR,3 m West of,Local,Etobicoke York,,43.734889,-79.580325,Intersection,At Intersection,No Control,Clear,Daylight,Dry,Non-Fatal Injury,Cyclist Collisions,Cyclist,55 to 59,Major,,East,Bicycle,Going Ahead,,,,,,"Motorist turns right at non-signal Inter.(stop, yield, no cont.,and dwy) and strikes cyclist.",Driving Properly,Normal,,Yes,Yes,,,,,,,Yes,,,,2,Mount Olive-Silverstone-Jamestown,2,Mount Olive-Silverstone-Jamestown (2),D23,1612
-8847313.7889331,5419598.43216634,80632249,,2016,2016/10/03 04:00:00+00,1426,KEELE ST,FLAMBOROUGH DR,,Major Arterial,Etobicoke York,5,43.703021,-79.476772,Intersection,At Intersection,Traffic Signal,Clear,Daylight,Dry,Non-Fatal Injury,Cyclist Collisions,Cyclist,45 to 49,Major,,South,Bicycle,Going Ahead,,,,,,Motorist turned left across cyclists path.,Driving Properly,Normal,,Yes,Yes,,,,,,,,,,,30,Brookhaven-Amesbury,30,Brookhaven-Amesbury (30),D12,1613
-8844254.61800661,5426389.45210997,80631920,4003399384,2014,2014/11/30 05:00:00+00,1702,203 FAYWOOD BLVD,,,Collector,North York,6,43.747107,-79.449291,Mid-Block,At/Near Private Drive,No Control,Rain,"Dark, artificial",Wet,Non-Fatal Injury,Cyclist Collisions,Cyclist,35 to 39,Major,,North,Bicycle,Going Ahead,,,,,,Motorist reversing struck cyclist.,Driving Properly,Other,,Yes,Yes,,,,,,,,,,,33,Clanton Park,33,Clanton Park (33),D32,1614
-8844474.58532042,5418921.08306017,80933889,,2017,2017/09/24 04:00:00+00,1255,DUFFERIN ST,HOPEWELL AVE,1 m South of,Major Arterial,North York,8,43.698622,-79.451267,Intersection,At Intersection,Stop Sign,Clear,Daylight,Dry,Non-Fatal Injury,Cyclist Collisions,Driver,60 to 64,None,,West,"Automobile, Station Wagon",Turning Right,Driving Properly,Normal,,,,,,,,Yes,Yes,,,,,,,,,,,108,Briar Hill-Belgravia,108,Briar Hill-Belgravia (108),D13,1615
-8849008.9621389,5429492.56283568,81703223,2001292860,2022,2022/07/07 04:00:00+00,1605,KEELE ST,MURRAY ROSS PARKWAY,,Major Arterial,North York,76,43.767241,-79.492,Intersection,At Intersection,Traffic Signal,Clear,Daylight,Dry,Non-Fatal Injury,Cyclist Collisions,Cyclist,70 to 74,Major,,South,Bicycle,Going Ahead,,,,,,Motorist turning right on red at signalized intersection strikes cyclist.,Driving Properly,Normal,,Yes,,,Yes,,,,,,,,,27,York University Heights,27,York University Heights (27),D31,1616
-8842476.95705814,5412146.6306096,81432715,2279200,2020,2020/12/02 05:00:00+00,1829,DUFFERIN ST,SYLVAN AVE,,Major Arterial,Toronto and East York,,43.654608,-79.433322,Intersection,Intersection Related,No Control,Clear,Daylight,Dry,Fatal,Cyclist Collisions,Driver,35 to 39,None,,South,Delivery Van,Going Ahead,Following too Close,Inattentive,,,,,,,,Yes,Yes,,,,,,,Yes,,,,83,Dufferin Grove,83,Dufferin Grove (83),D14,1617
-8820054.65126408,5432060.8861752,80251820,,2015,2015/09/29 04:00:00+00,1520,939 PROGRESS AVE,,4 m North of,Minor Arterial,Scarborough,24,43.7839,-79.231899,Intersection,At Intersection,Traffic Signal,Rain,Daylight,Wet,Non-Fatal Injury,Cyclist Collisions,Driver,35 to 39,None,,South,"Automobile, Station Wagon",Turning Left,Failed to Yield Right of Way,Inattentive,,,,,,,,Yes,Yes,,,,,,,Yes,,,,142,Woburn North,137,Woburn (137),D43,1618
-8828438.90135216,5432842.05491742,81331851,,2019,2019/09/02 04:00:00+00,1802,GARRYBROOK DR,HUNTINGWOOD DR,3 m North of,Minor Arterial,Scarborough,22,43.788966,-79.307216,Intersection,At Intersection,Stop Sign,Clear,Daylight,Dry,Non-Fatal Injury,Cyclist Collisions,Driver,20 to 24,None,,South,"Automobile, Station Wagon",Turning Right,Failed to Yield Right of Way,Normal,,,,,,,,Yes,Yes,,,,,,,Yes,,,,118,Tam O'Shanter-Sullivan,118,Tam O'Shanter-Sullivan (118),D42,1619
-8835130.53858272,5415176.31175733,80632253,,2016,2016/10/05 04:00:00+00,2215,BLOOR ST E,DRUMSNAB RD,,Major Arterial,Toronto and East York,11,43.674296,-79.367328,Intersection,Intersection Related,No Control,Clear,"Dark, artificial",Dry,Non-Fatal Injury,Cyclist Collisions,Driver,unknown,None,,East,"Automobile, Station Wagon",Turning Left,Improper Turn,Unknown,,,,,,,,Yes,Yes,,,,,,,,,,,71,Cabbagetown-South St.James Town,71,Cabbagetown-South St.James Town (71),D51,1620
-8841622.5799663,5413279.56703819,80225387,4003521992,2014,2014/12/20 05:00:00+00,1410,OSSINGTON AVE,BLOOR ST W,15 m South of,Major Arterial,Toronto and East York,911,43.661971,-79.425647,Intersection,Non Intersection,No Control,Clear,Daylight,Dry,Non-Fatal Injury,Cyclist Collisions,Driver,55 to 59,None,,South,"Automobile, Station Wagon",Overtaking,Improper Passing,Inattentive,,,,,,,,Yes,Yes,,,,,Yes,,Yes,,,,80,Palmerston-Little Italy,80,Palmerston-Little Italy (80),D14,1621
-8844474.58532042,5418921.08306017,80933890,,2017,2017/09/24 04:00:00+00,1255,DUFFERIN ST,HOPEWELL AVE,1 m South of,Major Arterial,North York,8,43.698622,-79.451267,Intersection,At Intersection,Stop Sign,Clear,Daylight,Dry,Non-Fatal Injury,Cyclist Collisions,Cyclist,30 to 34,Major,,South,Bicycle,Going Ahead,,,,,,"Cyclist without ROW rides into path of motorist at inter, lnwy, dwy-Cyclist not turn.",Failed to Yield Right of Way,Normal,,Yes,Yes,,,,,,,,,,,108,Briar Hill-Belgravia,108,Briar Hill-Belgravia (108),D13,1622
-8853948.43058438,5405814.71527786,81657960,2001344891,2022,2022/07/14 04:00:00+00,1600,EVANS AVE,TREEVIEW DR,,Major Arterial,Etobicoke York,,43.61344,-79.536372,Intersection,At Intersection,Traffic Signal,Clear,Daylight,Dry,Non-Fatal Injury,Cyclist Collisions,Driver,75 to 79,None,,West,Passenger Van,Turning Left,Improper Turn,Inattentive,,,,,,,,Yes,Yes,,,,,,,,,,,20,Alderwood,20,Alderwood (20),D22,1623
-8825371.27014437,5418348.47774068,80199200,3001090818,2013,2013/12/04 05:00:00+00,1435,DENTON AVE,ROBINSON AVE,,Collector,Scarborough,20,43.694903,-79.279659,Intersection,At Intersection,Stop Sign,Clear,Daylight,Dry,Non-Fatal Injury,Cyclist Collisions,Cyclist,25 to 29,Major,,North,Bicycle,Going Ahead,,,,,,"Cyclist without ROW rides into path of motorist at inter, lnwy, dwy-Cyclist not turn.",Failed to Yield Right of Way,Inattentive,,Yes,Yes,,,,,,,,,,,121,Oakridge,121,Oakridge (121),D41,1624
-8835130.53858272,5415176.31175733,80632254,,2016,2016/10/05 04:00:00+00,2215,BLOOR ST E,DRUMSNAB RD,,Major Arterial,Toronto and East York,11,43.674296,-79.367328,Intersection,Intersection Related,No Control,Clear,"Dark, artificial",Dry,Non-Fatal Injury,Cyclist Collisions,Cyclist,35 to 39,Major,,West,Bicycle,Going Ahead,,,,,,Motorist turned left across cyclists path.,Driving Properly,Normal,,Yes,Yes,,,,,,,,,,,71,Cabbagetown-South St.James Town,71,Cabbagetown-South St.James Town (71),D51,1625
-8842620.55920126,5415175.08047824,80784053,,2017,2017/10/01 04:00:00+00,1615,DAVENPORT RD,DOVERCOURT ROAD,,Minor Arterial,Toronto and East York,9,43.674288,-79.434612,Intersection,At Intersection,No Control,Clear,Daylight,Dry,Non-Fatal Injury,Cyclist Collisions,Driver,40 to 44,None,,West,"Automobile, Station Wagon",Turning Left,Improper Turn,Normal,,,,,,,,Yes,Yes,,,,,,,,,,,94,Wychwood,94,Wychwood (94),D13,1626
-8842476.95705814,5412146.6306096,81432716,2279200,2020,2020/12/02 05:00:00+00,1829,DUFFERIN ST,SYLVAN AVE,,Major Arterial,Toronto and East York,,43.654608,-79.433322,Intersection,Intersection Related,No Control,Clear,Daylight,Dry,Fatal,Cyclist Collisions,Driver,30 to 34,None,,North,"Automobile, Station Wagon",Going Ahead,Other,Inattentive,,,,,,,,Yes,Yes,,,,,,,Yes,,,,83,Dufferin Grove,83,Dufferin Grove (83),D14,1627
-8853948.43058438,5405814.71527786,81657961,2001344891,2022,2022/07/14 04:00:00+00,1600,EVANS AVE,TREEVIEW DR,,Major Arterial,Etobicoke York,,43.61344,-79.536372,Intersection,At Intersection,Traffic Signal,Clear,Daylight,Dry,Non-Fatal Injury,Cyclist Collisions,Cyclist,60 to 64,Major,,East,Bicycle,Going Ahead,,,,,,Motorist turned left across cyclists path.,Other,Inattentive,,Yes,Yes,,,,,,,,,,,20,Alderwood,20,Alderwood (20),D22,1628
-8820298.32962943,5431830.8348854,81512486,2324390,2020,2020/12/09 05:00:00+00,1843,MARKHAM RD,PROGRESS AVE,191 m North of,Major Arterial,Scarborough,,43.782408,-79.234088,Mid-Block,Non Intersection,No Control,Clear,"Dark, artificial",Wet,Non-Fatal Injury,Cyclist Collisions,Driver,35 to 39,None,,East,"Automobile, Station Wagon",Merging,Failed to Yield Right of Way,Inattentive,,,,,,,,Yes,Yes,,,,,,,Yes,,,,142,Woburn North,137,Woburn (137),D43,1629
-8841622.5799663,5413279.56703819,80225388,4003521992,2014,2014/12/20 05:00:00+00,1410,OSSINGTON AVE,BLOOR ST W,15 m South of,Major Arterial,Toronto and East York,911,43.661971,-79.425647,Intersection,Non Intersection,No Control,Clear,Daylight,Dry,Non-Fatal Injury,Cyclist Collisions,Cyclist,25 to 29,Major,,South,Bicycle,Going Ahead,,,,,,Cyclist and Driver travelling in same direction. One vehicle sideswipes the other.,Driving Properly,Normal,,Yes,Yes,,,,,Yes,,Yes,,,,80,Palmerston-Little Italy,80,Palmerston-Little Italy (80),D14,1630
-8825371.27014437,5418348.47774068,80199201,3001090818,2013,2013/12/04 05:00:00+00,1435,DENTON AVE,ROBINSON AVE,,Collector,Scarborough,20,43.694903,-79.279659,Intersection,At Intersection,Stop Sign,Clear,Daylight,Dry,Non-Fatal Injury,Cyclist Collisions,Driver,55 to 59,None,,West,"Automobile, Station Wagon",Going Ahead,Driving Properly,Normal,,,,,,,,Yes,Yes,,,,,,,,,,,121,Oakridge,121,Oakridge (121),D41,1631
-8842781.08190698,5411599.67653182,80632267,,2016,2016/10/19 04:00:00+00,2046,BROCK AVE,MOUTRAY ST,,Collector,Toronto and East York,9,43.651053,-79.436054,Intersection,At Intersection,No Control,Clear,"Dark, artificial",Dry,Non-Fatal Injury,Cyclist Collisions,Driver,20 to 24,None,,North,"Automobile, Station Wagon",Turning Left,Improper Turn,Normal,,,,,,,,Yes,Yes,,,,,,,,,,,84,Little Portugal,84,Little Portugal (84),D11,1632
-8842620.55920126,5415175.08047824,80784054,,2017,2017/10/01 04:00:00+00,1615,DAVENPORT RD,DOVERCOURT ROAD,,Minor Arterial,Toronto and East York,9,43.674288,-79.434612,Intersection,At Intersection,No Control,Clear,Daylight,Dry,Non-Fatal Injury,Cyclist Collisions,Cyclist,45 to 49,Major,,East,Bicycle,Going Ahead,,,,,,Motorist turned left across cyclists path.,Driving Properly,Normal,,Yes,Yes,,,,,,,,,,,94,Wychwood,94,Wychwood (94),D13,1633
-8828438.90135216,5432842.05491742,81331852,,2019,2019/09/02 04:00:00+00,1802,GARRYBROOK DR,HUNTINGWOOD DR,3 m North of,Minor Arterial,Scarborough,22,43.788966,-79.307216,Intersection,At Intersection,Stop Sign,Clear,Daylight,Dry,Non-Fatal Injury,Cyclist Collisions,Cyclist,30 to 34,Major,,East,Bicycle,Going Ahead,,,,,,"Motorist turns right at non-signal Inter.(stop, yield, no cont.,and dwy) and strikes cyclist.",Driving Properly,Normal,,Yes,Yes,,,,,,,Yes,,,,118,Tam O'Shanter-Sullivan,118,Tam O'Shanter-Sullivan (118),D42,1634
-8841613.22912907,5419269.99094188,81658241,2001354914,2022,2022/07/15 04:00:00+00,2317,BATHURST ST,EGLINTON AVE W,3 m North of,Major Arterial,,812,43.700888,-79.425563,Intersection,At Intersection,Traffic Signal,Clear,Dark,Dry,Non-Fatal Injury,Cyclist Collisions,Cyclist,35 to 39,Major,,South,Bicycle,Going Ahead,,,,,,Cyclist and Driver travelling in same direction. One vehicle sideswipes the other.,Lost control,Had Been Drinking,,Yes,Yes,,,,,,,,,,,106,Humewood-Cedarvale,106,Humewood-Cedarvale (106),D13,1635
-8820298.32962943,5431830.8348854,81512487,2324390,2020,2020/12/09 05:00:00+00,1843,MARKHAM RD,PROGRESS AVE,191 m North of,Major Arterial,Scarborough,,43.782408,-79.234088,Mid-Block,Non Intersection,No Control,Clear,"Dark, artificial",Wet,Non-Fatal Injury,Cyclist Collisions,Cyclist,30 to 34,Major,,South,Bicycle,Going Ahead,,,,,,Insufficient information (to determine cyclist crash type).,Driving Properly,Normal,,Yes,Yes,,,,,,,Yes,,,,142,Woburn North,137,Woburn (137),D43,1636
-8841622.5799663,5413279.56703819,80225389,4003521992,2014,2014/12/20 05:00:00+00,1410,OSSINGTON AVE,BLOOR ST W,15 m South of,Major Arterial,Toronto and East York,911,43.661971,-79.425647,Intersection,Non Intersection,No Control,Clear,Daylight,Dry,Non-Fatal Injury,Cyclist Collisions,Passenger,55 to 59,None,,,,,,,,,,,,,,Yes,Yes,,,,,Yes,,Yes,,,,80,Palmerston-Little Italy,80,Palmerston-Little Italy (80),D14,1637
-8842781.08190698,5411599.67653182,80632268,,2016,2016/10/19 04:00:00+00,2046,BROCK AVE,MOUTRAY ST,,Collector,Toronto and East York,9,43.651053,-79.436054,Intersection,At Intersection,No Control,Clear,"Dark, artificial",Dry,Non-Fatal Injury,Cyclist Collisions,Cyclist,30 to 34,Major,,South,Bicycle,Going Ahead,,,,,,Motorist turned left across cyclists path.,Driving Properly,Normal,,Yes,Yes,,,,,,,,,,,84,Little Portugal,84,Little Portugal (84),D11,1638
-8846274.17620858,5416287.76199462,80150374,4001460471,2014,2014/02/03 05:00:00+00,1043,OLD WESTON RD,ROGERS RD,,Minor Arterial,Etobicoke York,59,43.681517,-79.467433,Mid-Block,Non Intersection,No Control,Clear,Daylight,Dry,Non-Fatal Injury,Cyclist Collisions,Driver,25 to 29,None,,South,"Automobile, Station Wagon",Going Ahead,Driving Properly,Normal,,,,,,,,Yes,Yes,,,,,,,,,,,110,Keelesdale-Eglinton West,110,Keelesdale-Eglinton West (110),D12,1639
-8820054.65126408,5432060.8861752,80251821,,2015,2015/09/29 04:00:00+00,1520,939 PROGRESS AVE,,4 m North of,Minor Arterial,Scarborough,24,43.7839,-79.231899,Intersection,At Intersection,Traffic Signal,Rain,Daylight,Wet,Non-Fatal Injury,Cyclist Collisions,Cyclist,15 to 19,Major,,North,Bicycle,Going Ahead,,,,,,Motorist turned left across cyclists path.,Driving Properly,Normal,,Yes,Yes,,,,,,,Yes,,,,142,Woburn North,137,Woburn (137),D43,1640
-8829750.2449537,5419146.03936781,81543165,1000123041,2021,2021/01/20 05:00:00+00,1157,WOODBINE AVE,O CONNOR DR,,Major Arterial,Toronto and East York,19,43.700083,-79.318996,Intersection,Intersection Related,Traffic Signal,Clear,Daylight,Dry,Non-Fatal Injury,Cyclist Collisions,Driver,35 to 39,None,,North,Pick Up Truck,Turning Right,Failed to Yield Right of Way,Unknown,,,,,,,,Yes,Yes,,,,,,,Yes,,,,60,Woodbine-Lumsden,60,Woodbine-Lumsden (60),D55,1641
-8838616.06315895,5412112.01230314,80559729,,2015,2015/01/09 05:00:00+00,2148,SPADINA AVE,ST ANDREW ST,6 m North of,Major Arterial,Toronto and East York,11,43.654383,-79.398639,Intersection,Intersection Related,Traffic Signal,Clear,"Dark, artificial",Wet,Non-Fatal Injury,Cyclist Collisions,Cyclist,35 to 39,Major,,South,Bicycle,Turning Left,,,,,,Cyclist turned left across motorists path.,Improper Turn,Had Been Drinking,,Yes,,,,Yes,,,,,,,,78,Kensington-Chinatown,78,Kensington-Chinatown (78),D14,1642
-8835375.107504,5414222.88915718,80632296,,2016,2016/11/03 04:00:00+00,1507,PARLIAMENT ST,WELLESLEY ST E,,Minor Arterial,Toronto and East York,13,43.668101,-79.369525,Intersection,At Intersection,Traffic Signal,Clear,Daylight,Dry,Non-Fatal Injury,Cyclist Collisions,Truck Driver,40 to 44,None,,South,Truck - Dump,Turning Right,Improper Turn,Inattentive,,,,,,,,Yes,,,Yes,,,,,,,,,71,Cabbagetown-South St.James Town,71,Cabbagetown-South St.James Town (71),D51,1643
-8846274.17620858,5416287.76199462,80150375,4001460471,2014,2014/02/03 05:00:00+00,1043,OLD WESTON RD,ROGERS RD,,Minor Arterial,Etobicoke York,59,43.681517,-79.467433,Mid-Block,Non Intersection,No Control,Clear,Daylight,Dry,Non-Fatal Injury,Cyclist Collisions,Cyclist,50 to 54,Major,,West,Bicycle,Other,,,,,,Cyclist rode off sidewalk into road at midblock.,Other,Inattentive,,Yes,Yes,,,,,,,,,,,110,Keelesdale-Eglinton West,110,Keelesdale-Eglinton West (110),D12,1644
-8839193.58867719,5413989.28100289,80784057,,2017,2017/10/01 04:00:00+00,1815,BLOOR ST W,SPADINA AVE,,Major Arterial,Toronto and East York,11,43.666583,-79.403827,Intersection,At Intersection,Traffic Signal,Clear,Daylight,Dry,Non-Fatal Injury,Cyclist Collisions,Cyclist,20 to 24,Major,,East,Bicycle,Overtaking,,,,,,Motorist turning right on green or amber at signalized intersection strikes cyclist.,Failed to Yield Right of Way,Inattentive,,Yes,,,Yes,,,Yes,,,,,,79,University,79,University (79),D14,1645
-8835136.43851574,5413415.75033434,80496212,,2015,2015/10/01 04:00:00+00,1212,PARLIAMENT ST,SPRUCE ST,500 m North of,Minor Arterial,Toronto and East York,13,43.662856,-79.367381,Mid-Block,Non Intersection,No Control,Clear,Daylight,Dry,Non-Fatal Injury,Cyclist Collisions,Driver,unknown,None,,North,"Automobile, Station Wagon",Stopped,Other,Inattentive,,,,,,,,Yes,Yes,,,,,,,,,,,71,Cabbagetown-South St.James Town,71,Cabbagetown-South St.James Town (71),D51,1646
-8838774.02551639,5410573.24420275,81451576,,2019,2019/09/03 04:00:00+00,1903,KING ST W,PORTLAND ST,30 m East of,Major Arterial,Toronto and East York,10,43.644381,-79.400058,Intersection,At Intersection,Traffic Signal,Clear,Dark,Dry,Non-Fatal Injury,Cyclist Collisions,Cyclist,45 to 49,Major,,West,Bicycle,Going Ahead,,,,,,Cyclist and Driver travelling in same direction. One vehicle rear-ended the other.,Following too Close,Normal,,Yes,Yes,,,,,,,,,,,164,Wellington Place,77,Waterfront Communities-The Island (77),D14,1647
-8829750.2449537,5419146.03936781,81543166,1000123041,2021,2021/01/20 05:00:00+00,1157,WOODBINE AVE,O CONNOR DR,,Major Arterial,Toronto and East York,19,43.700083,-79.318996,Intersection,Intersection Related,Traffic Signal,Clear,Daylight,Dry,Non-Fatal Injury,Cyclist Collisions,Cyclist,55 to 59,Major,,North,Bicycle,Turning Right,,,,,,Motorist turning right on red at signalized intersection strikes cyclist.,Failed to Yield Right of Way,Unknown,,Yes,Yes,,,,,,,Yes,,,,60,Woodbine-Lumsden,60,Woodbine-Lumsden (60),D55,1648
-8835375.107504,5414222.88915718,80632297,,2016,2016/11/03 04:00:00+00,1507,PARLIAMENT ST,WELLESLEY ST E,,Minor Arterial,Toronto and East York,13,43.668101,-79.369525,Intersection,At Intersection,Traffic Signal,Clear,Daylight,Dry,Non-Fatal Injury,Cyclist Collisions,Cyclist,25 to 29,Major,,South,Bicycle,Stopped,,,,,,Motorist turning right on red at signalized intersection strikes cyclist.,Other,Inattentive,,Yes,,,Yes,,,,,,,,,71,Cabbagetown-South St.James Town,71,Cabbagetown-South St.James Town (71),D51,1649