X,Y,INDEX_,ACCNUM,YEAR,DATE,TIME,STREET1,STREET2,OFFSET,ROAD_CLASS,DISTRICT,WARDNUM,LATITUDE,LONGITUDE,LOCCOORD,ACCLOC,TRAFFCTL,VISIBILITY,LIGHT,RDSFCOND,ACCLASS,IMPACTYPE,INVTYPE,INVAGE,INJURY,FATAL_NO,INITDIR,VEHTYPE,MANOEUVER,DRIVACT,DRIVCOND,PEDTYPE,PEDACT,PEDCOND,CYCLISTYPE,CYCACT,CYCCOND,PEDESTRIAN,CYCLIST,AUTOMOBILE,MOTORCYCLE,TRUCK,TRSN_CITY_VEH,EMERG_VEH,PASSENGER,SPEEDING,AG_DRIV,REDLIGHT,ALCOHOL,DISABILITY,HOOD_158,NEIGHBOURHOOD_158,HOOD_140,NEIGHBOURHOOD_140,DIVISION,ObjectId
-8841613.22912907,5419269.99094188,81658242,2001354914,2022,2022/07/15 04:00:00+00,2317,BATHURST ST,EGLINTON AVE W,3 m North of,Major Arterial,,812,43.700888,-79.425563,Intersection,At Intersection,Traffic Signal,Clear,Dark,Dry,Non-Fatal Injury,Cyclist Collisions,Driver,55 to 59,None,,South,"Automobile, Station Wagon",Stopped,Driving Properly,Normal,,,,,,,,Yes,Yes,,,,,,,,,,,106,Humewood-Cedarvale,106,Humewood-Cedarvale (106),D13,1650
-8839000.78331913,5413444.52604479,80207051,4001910374,2014,2014/04/08 04:00:00+00,1955,HARBORD ST,SPADINA AVE,25 m East of,Major Arterial,Toronto and East York,11,43.663043,-79.402095,Intersection,Non Intersection,No Control,Other,Daylight,Dry,Non-Fatal Injury,Cyclist Collisions,Driver,20 to 24,None,,East,"Automobile, Station Wagon",Parked,Other,Unknown,,,,,,,,Yes,Yes,,,,,Yes,,,,,,79,University,79,University (79),D52,1651
-8838616.06315895,5412112.01230314,80559730,,2015,2015/01/09 05:00:00+00,2148,SPADINA AVE,ST ANDREW ST,6 m North of,Major Arterial,Toronto and East York,11,43.654383,-79.398639,Intersection,Intersection Related,Traffic Signal,Clear,"Dark, artificial",Wet,Non-Fatal Injury,Cyclist Collisions,Driver,35 to 39,None,,South,Street Car,Going Ahead,Driving Properly,Normal,,,,,,,,Yes,,,,Yes,,,,,,,,78,Kensington-Chinatown,78,Kensington-Chinatown (78),D14,1652
-8839433.03690188,5411782.14481369,81513936,1000474155,2021,2021/03/14 05:00:00+00,1804,DUNDAS ST W,BATHURST  ST,5 m West of,Major Arterial,Toronto and East York,1110,43.652239,-79.405978,Intersection,At Intersection,Traffic Signal,Clear,Daylight,Dry,Non-Fatal Injury,Cyclist Collisions,Driver,30 to 34,None,,West,"Automobile, Station Wagon",Going Ahead,Improper Passing,Normal,,,,,,,,Yes,Yes,,,,,,,Yes,,,,78,Kensington-Chinatown,78,Kensington-Chinatown (78),D14,1653
-8827847.79485605,5436404.56738515,80768564,,2016,2016/11/19 05:00:00+00,1807,KENNEDY RD,MCNICOLL AVE,,Major Arterial,Scarborough,22,43.812064,-79.301906,Intersection,At Intersection,Traffic Signal,Clear,"Dark, artificial",Dry,Non-Fatal Injury,Cyclist Collisions,Driver,70 to 74,None,,South,"Automobile, Station Wagon",Turning Left,Improper Turn,Inattentive,,,,,,,,Yes,Yes,,,,,,,,,,,130,Milliken,130,Milliken (130),D42,1654
-8839193.58867719,5413989.28100289,80784058,,2017,2017/10/01 04:00:00+00,1815,BLOOR ST W,SPADINA AVE,,Major Arterial,Toronto and East York,11,43.666583,-79.403827,Intersection,At Intersection,Traffic Signal,Clear,Daylight,Dry,Non-Fatal Injury,Cyclist Collisions,Truck Driver,25 to 29,None,,East,Truck - Open,Turning Right,Driving Properly,Normal,,,,,,,,Yes,,,Yes,,,Yes,,,,,,79,University,79,University (79),D14,1655
-8831021.62485805,5422671.53289352,81663344,2001553400,2022,2022/08/12 04:00:00+00,1620,EGLINTON AVE E,DON VALLEY PKWY SOUTHBOUND RAMP,5 m North of,Major Arterial,North York,16,43.722975,-79.330417,Mid-Block,Non Intersection,No Control,Clear,Daylight,Dry,Non-Fatal Injury,Cyclist Collisions,Cyclist,20 to 24,Major,,West,Bicycle,Going Ahead,,,,,,"Cyclist without ROW rides into path of motorist at inter, lnwy, dwy-Cyclist not turn.",Other,Inattentive,,Yes,Yes,,,,,,,,,,,44,Flemingdon Park,44,Flemingdon Park (44),D55,1656
-8839433.03690188,5411782.14481369,81513937,1000474155,2021,2021/03/14 05:00:00+00,1804,DUNDAS ST W,BATHURST  ST,5 m West of,Major Arterial,Toronto and East York,1110,43.652239,-79.405978,Intersection,At Intersection,Traffic Signal,Clear,Daylight,Dry,Non-Fatal Injury,Cyclist Collisions,Cyclist,40 to 44,Major,,West,Bicycle,Going Ahead,,,,,,Cyclist and Driver travelling in same direction. One vehicle sideswipes the other.,Driving Properly,Normal,,Yes,Yes,,,,,,,Yes,,,,78,Kensington-Chinatown,78,Kensington-Chinatown (78),D14,1657
-8835136.43851574,5413415.75033434,80496213,,2015,2015/10/01 04:00:00+00,1212,PARLIAMENT ST,SPRUCE ST,500 m North of,Minor Arterial,Toronto and East York,13,43.662856,-79.367381,Mid-Block,Non Intersection,No Control,Clear,Daylight,Dry,Non-Fatal Injury,Cyclist Collisions,Cyclist,60 to 64,Major,,North,Bicycle,Overtaking,,,,,,Cyclist struck opened vehicle door,Driving Properly,Normal,,Yes,Yes,,,,,,,,,,,71,Cabbagetown-South St.James Town,71,Cabbagetown-South St.James Town (71),D51,1658
-8824397.11328044,5417246.78584621,80560102,,2015,2015/01/11 05:00:00+00,338,KINGSTON RD,WARDEN AVE,,Major Arterial,Scarborough,20,43.687747,-79.270908,Intersection,At Intersection,Traffic Signal,Clear,"Dark, artificial",Dry,Non-Fatal Injury,Cyclist Collisions,Cyclist,25 to 29,Major,,East,Bicycle,Other,,,,,,Cyclist and Driver travelling in same direction. One vehicle sideswipes the other.,Disobeyed Traffic Control,Unknown,,Yes,Yes,,,,,,,,,,,122,Birchcliffe-Cliffside,122,Birchcliffe-Cliffside (122),D41,1659
-8839000.78331913,5413444.52604479,80207052,4001910374,2014,2014/04/08 04:00:00+00,1955,HARBORD ST,SPADINA AVE,25 m East of,Major Arterial,Toronto and East York,11,43.663043,-79.402095,Intersection,Non Intersection,No Control,Other,Daylight,Dry,Non-Fatal Injury,Cyclist Collisions,Cyclist,20 to 24,Major,,East,Bicycle,Going Ahead,,,,,,Cyclist struck opened vehicle door,Driving Properly,Normal,,Yes,Yes,,,,,Yes,,,,,,79,University,79,University (79),D52,1660
-8838774.02551639,5410573.24420275,81451577,,2019,2019/09/03 04:00:00+00,1903,KING ST W,PORTLAND ST,30 m East of,Major Arterial,Toronto and East York,10,43.644381,-79.400058,Intersection,At Intersection,Traffic Signal,Clear,Dark,Dry,Non-Fatal Injury,Cyclist Collisions,Driver,30 to 34,None,,West,"Automobile, Station Wagon",Going Ahead,Driving Properly,Normal,,,,,,,,Yes,Yes,,,,,,,,,,,164,Wellington Place,77,Waterfront Communities-The Island (77),D14,1661
-8824397.11328044,5417246.78584621,80560103,,2015,2015/01/11 05:00:00+00,338,KINGSTON RD,WARDEN AVE,,Major Arterial,Scarborough,20,43.687747,-79.270908,Intersection,At Intersection,Traffic Signal,Clear,"Dark, artificial",Dry,Non-Fatal Injury,Cyclist Collisions,Driver,40 to 44,None,,East,"Automobile, Station Wagon",Going Ahead,Driving Properly,Normal,,,,,,,,Yes,Yes,,,,,,,,,,,122,Birchcliffe-Cliffside,122,Birchcliffe-Cliffside (122),D41,1662
-8831021.62485805,5422671.53289352,81663345,2001553400,2022,2022/08/12 04:00:00+00,1620,EGLINTON AVE E,DON VALLEY PKWY SOUTHBOUND RAMP,5 m North of,Major Arterial,North York,16,43.722975,-79.330417,Mid-Block,Non Intersection,No Control,Clear,Daylight,Dry,Non-Fatal Injury,Cyclist Collisions,Driver,55 to 59,None,,West,"Automobile, Station Wagon",Turning Right,Driving Properly,Normal,,,,,,,,Yes,Yes,,,,,,,,,,,44,Flemingdon Park,44,Flemingdon Park (44),D55,1663
-8830296.26705604,5431559.1597236,81546157,1000565882,2021,2021/03/27 04:00:00+00,2235,HUNTINGWOOD  DR,LEAFIELD  DR,,Minor Arterial,Scarborough,,43.780646,-79.323901,Intersection,Intersection Related,No Control,Clear,"Dark, artificial",Dry,Non-Fatal Injury,Cyclist Collisions,Driver,55 to 59,None,,East,"Automobile, Station Wagon",Turning Left,Improper Turn,Inattentive,,,,,,,,Yes,Yes,,,,,,,,,,,147,L'Amoreaux West,117,L'Amoreaux (117),D42,1664
-8827847.79485605,5436404.56738515,80768565,,2016,2016/11/19 05:00:00+00,1807,KENNEDY RD,MCNICOLL AVE,,Major Arterial,Scarborough,22,43.812064,-79.301906,Intersection,At Intersection,Traffic Signal,Clear,"Dark, artificial",Dry,Non-Fatal Injury,Cyclist Collisions,Cyclist,55 to 59,Major,,South,Bicycle,Going Ahead,,,,,,Motorist turned left across cyclists path.,Driving Properly,Normal,,Yes,Yes,,,,,,,,,,,130,Milliken,130,Milliken (130),D42,1665
-8852324.61317218,5413586.55934044,80252198,,2015,2015/10/04 04:00:00+00,910,THE KINGSWAY,ANGLESEY BLVD,,Collector,Etobicoke York,2,43.663966,-79.521785,Intersection,At Intersection,Stop Sign,Clear,Daylight,Dry,Non-Fatal Injury,Cyclist Collisions,Cyclist,45 to 49,Major,,East,Bicycle,Going Ahead,,,,,,"Cyclist without ROW rides into path of motorist at inter, lnwy, dwy-Cyclist not turn.",Disobeyed Traffic Control,Inattentive,,Yes,Yes,,,,,,,,,,,9,Edenbridge-Humber Valley,9,Edenbridge-Humber Valley (9),D22,1666
-8839193.58867719,5413989.28100289,80784059,,2017,2017/10/01 04:00:00+00,1815,BLOOR ST W,SPADINA AVE,,Major Arterial,Toronto and East York,11,43.666583,-79.403827,Intersection,At Intersection,Traffic Signal,Clear,Daylight,Dry,Non-Fatal Injury,Cyclist Collisions,Passenger,20 to 24,None,,,,,,,,,,,,,,Yes,,,Yes,,,Yes,,,,,,79,University,79,University (79),D14,1667
-8828460.1633749,5424708.40715862,81331273,,2019,2019/09/04 04:00:00+00,800,1750 VICTORIA PARK AVE,,27 m South of,Major Arterial,North York,1621,43.736197,-79.307407,Intersection,At/Near Private Drive,No Control,Clear,Daylight,Dry,Non-Fatal Injury,Cyclist Collisions,Driver,55 to 59,Minimal,,East,Pick Up Truck,Turning Right,Failed to Yield Right of Way,Normal,,,,,,,,Yes,Yes,,,,,,,Yes,,,,43,Victoria Village,43,Victoria Village (43),D33,1668
-8839000.78331913,5413444.52604479,80207053,4001910374,2014,2014/04/08 04:00:00+00,1955,HARBORD ST,SPADINA AVE,25 m East of,Major Arterial,Toronto and East York,11,43.663043,-79.402095,Intersection,Non Intersection,No Control,Other,Daylight,Dry,Non-Fatal Injury,Cyclist Collisions,Passenger,50 to 54,None,,,,,,,,,,,,,,Yes,Yes,,,,,Yes,,,,,,79,University,79,University (79),D52,1669
-8842009.86047477,5409679.51633964,80559522,,2015,2015/03/20 04:00:00+00,2020,KING ST W,TYNDALL AVE,,Major Arterial,Toronto and East York,4,43.638571,-79.429126,Intersection,At Intersection,Stop Sign,Clear,"Dark, artificial",Dry,Non-Fatal Injury,Cyclist Collisions,Driver,55 to 59,None,,North,"Automobile, Station Wagon",Turning Left,Failed to Yield Right of Way,Inattentive,,,,,,,,Yes,Yes,,,,,,,Yes,,,,85,South Parkdale,85,South Parkdale (85),D14,1670
-8852324.61317218,5413586.55934044,80252199,,2015,2015/10/04 04:00:00+00,910,THE KINGSWAY,ANGLESEY BLVD,,Collector,Etobicoke York,2,43.663966,-79.521785,Intersection,At Intersection,Stop Sign,Clear,Daylight,Dry,Non-Fatal Injury,Cyclist Collisions,Driver,30 to 34,None,,North,"Automobile, Station Wagon",Going Ahead,Driving Properly,Normal,,,,,,,,Yes,Yes,,,,,,,,,,,9,Edenbridge-Humber Valley,9,Edenbridge-Humber Valley (9),D22,1671
-8830296.26705604,5431559.1597236,81546158,1000565882,2021,2021/03/27 04:00:00+00,2235,HUNTINGWOOD  DR,LEAFIELD  DR,,Minor Arterial,Scarborough,,43.780646,-79.323901,Intersection,Intersection Related,No Control,Clear,"Dark, artificial",Dry,Non-Fatal Injury,Cyclist Collisions,Cyclist,15 to 19,Major,,West,Bicycle,Going Ahead,,,,,,Motorist turned left across cyclists path.,Driving Properly,Normal,,Yes,Yes,,,,,,,,,,,147,L'Amoreaux West,117,L'Amoreaux (117),D42,1672
-8813232.99286827,5435762.54093917,81664880,2001624588,2022,2022/08/22 04:00:00+00,1958,MEADOWVALE RD,SHEPPARD AVE E,36 m South of,Minor Arterial,Scarborough,,43.807902,-79.170619,Mid-Block,At/Near Private Drive,No Control,Clear,"Dusk, artificial",Wet,Non-Fatal Injury,Cyclist Collisions,Truck Driver,40 to 44,None,,South,"Truck - Closed (Blazer, etc)",Turning Right,Failed to Yield Right of Way,Normal,,,,,,,,Yes,,,Yes,,,Yes,,Yes,,,,143,West Rouge,131,Rouge (131),D42,1673
-8839875.53187779,5413794.30428,80785472,,2016,2016/12/06 05:00:00+00,1535,BLOOR ST W,ALBANY AVE,,Major Arterial,Toronto and East York,11,43.665316,-79.409953,Intersection,At Intersection,No Control,Clear,Daylight,Dry,Non-Fatal Injury,Cyclist Collisions,Driver,unknown,None,,East,"Automobile, Station Wagon",Turning Left,Failed to Yield Right of Way,Inattentive,,,,,,,,Yes,Yes,,,,,,,Yes,,,,79,University,79,University (79),D14,1674
-8862051.7102777,5422277.9821124,80157491,4001888181,2014,2014/04/14 04:00:00+00,1030,REXDALE BLVD,HUMBERWOOD BLVD,,Major Arterial,Etobicoke York,1,43.72042,-79.609165,Mid-Block,Non Intersection,No Control,Clear,Daylight,Dry,Non-Fatal Injury,Cyclist Collisions,Driver,unknown,None,,West,"Automobile, Station Wagon",Going Ahead,Improper Passing,Unknown,,,,,,,,Yes,Yes,,,,,,,Yes,,,,1,West Humber-Clairville,1,West Humber-Clairville (1),D23,1675
-8842009.86047477,5409679.51633964,80559523,,2015,2015/03/20 04:00:00+00,2020,KING ST W,TYNDALL AVE,,Major Arterial,Toronto and East York,4,43.638571,-79.429126,Intersection,At Intersection,Stop Sign,Clear,"Dark, artificial",Dry,Non-Fatal Injury,Cyclist Collisions,Cyclist,45 to 49,Major,,West,Bicycle,Going Ahead,,,,,,Motorist turned left across cyclists path.,Driving Properly,Normal,,Yes,Yes,,,,,,,Yes,,,,85,South Parkdale,85,South Parkdale (85),D14,1676
-8813232.99286827,5435762.54093917,81664881,2001624588,2022,2022/08/22 04:00:00+00,1958,MEADOWVALE RD,SHEPPARD AVE E,36 m South of,Minor Arterial,Scarborough,,43.807902,-79.170619,Mid-Block,At/Near Private Drive,No Control,Clear,"Dusk, artificial",Wet,Non-Fatal Injury,Cyclist Collisions,Cyclist,10 to 14,Major,,South,Bicycle,Going Ahead,,,,,,"Motorist turns right at non-signal Inter.(stop, yield, no cont.,and dwy) and strikes cyclist.",Driving Properly,Normal,,Yes,,,Yes,,,Yes,,Yes,,,,143,West Rouge,131,Rouge (131),D42,1677
-8849070.96709527,5419937.97229875,81515429,1000605999,2021,2021/04/02 04:00:00+00,1857,LAWRENCE  AVE W,BLACK CREEK  DR,95 m East of,Major Arterial,Etobicoke York,,43.705226,-79.492557,Mid-Block,At/Near Private Drive,Stop Sign,Clear,Daylight,Dry,Non-Fatal Injury,Cyclist Collisions,Driver,45 to 49,None,,North,"Automobile, Station Wagon",Going Ahead,Failed to Yield Right of Way,Normal,,,,,,,,Yes,Yes,,,,,Yes,,Yes,,,,30,Brookhaven-Amesbury,30,Brookhaven-Amesbury (30),D12,1678
-8839193.58867719,5413989.28100289,80784060,,2017,2017/10/01 04:00:00+00,1815,BLOOR ST W,SPADINA AVE,,Major Arterial,Toronto and East York,11,43.666583,-79.403827,Intersection,At Intersection,Traffic Signal,Clear,Daylight,Dry,Non-Fatal Injury,Cyclist Collisions,Passenger,20 to 24,None,,,,,,,,,,,,,,Yes,,,Yes,,,Yes,,,,,,79,University,79,University (79),D14,1679
-8828460.1633749,5424708.40715862,81331274,,2019,2019/09/04 04:00:00+00,800,1750 VICTORIA PARK AVE,,27 m South of,Major Arterial,North York,1621,43.736197,-79.307407,Intersection,At/Near Private Drive,No Control,Clear,Daylight,Dry,Non-Fatal Injury,Cyclist Collisions,Cyclist,10 to 14,Major,,North,Bicycle,Going Ahead,,,,,,"Motorist turns right at non-signal Inter.(stop, yield, no cont.,and dwy) and strikes cyclist.",Driving Properly,Normal,,Yes,Yes,,,,,,,Yes,,,,43,Victoria Village,43,Victoria Village (43),D33,1680
-8823677.76673093,5422842.51321808,80784027,,2017,2017/10/04 04:00:00+00,830,KENNEDY RD,FOXRIDGE DR,,Major Arterial,Scarborough,20,43.724085,-79.264446,Intersection,At Intersection,No Control,Clear,Daylight,Dry,Non-Fatal Injury,Cyclist Collisions,Driver,80 to 84,None,,North,"Automobile, Station Wagon",Turning Left,Failed to Yield Right of Way,Inattentive,,,,,,,,Yes,Yes,,,,,,,Yes,,,,124,Kennedy Park,124,Kennedy Park (124),D41,1681
-8839763.43315056,5412393.27056471,80252218,,2015,2015/10/04 04:00:00+00,1453,COLLEGE ST,MARKHAM ST,,Major Arterial,Toronto and East York,11,43.656211,-79.408946,Intersection,At Intersection,Stop Sign,Clear,"Dark, artificial",Dry,Non-Fatal Injury,Cyclist Collisions,Driver,30 to 34,None,,East,"Automobile, Station Wagon",Going Ahead,Improper Passing,Unknown,,,,,,,,Yes,Yes,,,,,,Yes,Yes,,,,81,Trinity-Bellwoods,81,Trinity-Bellwoods (81),D14,1682
-8839875.53187779,5413794.30428,80785473,,2016,2016/12/06 05:00:00+00,1535,BLOOR ST W,ALBANY AVE,,Major Arterial,Toronto and East York,11,43.665316,-79.409953,Intersection,At Intersection,No Control,Clear,Daylight,Dry,Non-Fatal Injury,Cyclist Collisions,Cyclist,65 to 69,Major,,West,Bicycle,Going Ahead,,,,,,Motorist turned left across cyclists path.,Driving Properly,Normal,,Yes,Yes,,,,,,,Yes,,,,79,University,79,University (79),D14,1683
-8836042.69049028,5413857.70588832,80234285,,2015,2015/03/23 04:00:00+00,1100,HOMEWOOD AVENUE,MAITLAND PLACE,,Collector,Toronto and East York,13,43.665728,-79.375522,Intersection,At Intersection,Stop Sign,Clear,Daylight,Dry,Non-Fatal Injury,Cyclist Collisions,Cyclist,15 to 19,Major,,East,Bicycle,Turning Left,,,,,,Cyclist turned left across motorists path.,Disobeyed Traffic Control,Inattentive,,Yes,Yes,,,,,,,,,,,71,Cabbagetown-South St.James Town,71,Cabbagetown-South St.James Town (71),D51,1684
-8813232.99286827,5435762.54093917,81664882,2001624588,2022,2022/08/22 04:00:00+00,1958,MEADOWVALE RD,SHEPPARD AVE E,36 m South of,Minor Arterial,Scarborough,,43.807902,-79.170619,Mid-Block,At/Near Private Drive,No Control,Clear,"Dusk, artificial",Wet,Non-Fatal Injury,Cyclist Collisions,Passenger,15 to 19,None,,,,,,,,,,,,,,Yes,,,Yes,,,Yes,,Yes,,,,143,West Rouge,131,Rouge (131),D42,1685
-8849070.96709527,5419937.97229875,81515430,1000605999,2021,2021/04/02 04:00:00+00,1857,LAWRENCE  AVE W,BLACK CREEK  DR,95 m East of,Major Arterial,Etobicoke York,,43.705226,-79.492557,Mid-Block,At/Near Private Drive,Stop Sign,Clear,Daylight,Dry,Non-Fatal Injury,Cyclist Collisions,Cyclist,45 to 49,Major,,West,Bicycle,Going Ahead,,,,,,"Motorist turns right at non-signal Inter.(stop, yield, no cont.,and dwy) and strikes cyclist.",Driving Properly,Normal,,Yes,Yes,,,,,Yes,,Yes,,,,30,Brookhaven-Amesbury,30,Brookhaven-Amesbury (30),D12,1686
-8862051.7102777,5422277.9821124,80157492,4001888181,2014,2014/04/14 04:00:00+00,1030,REXDALE BLVD,HUMBERWOOD BLVD,,Major Arterial,Etobicoke York,1,43.72042,-79.609165,Mid-Block,Non Intersection,No Control,Clear,Daylight,Dry,Non-Fatal Injury,Cyclist Collisions,Cyclist,55 to 59,Major,,West,Bicycle,Going Ahead,,,,,,Cyclist and Driver travelling in same direction. One vehicle sideswipes the other.,Driving Properly,Normal,,Yes,Yes,,,,,,,Yes,,,,1,West Humber-Clairville,1,West Humber-Clairville (1),D23,1687
-8836042.69049028,5413857.70588832,80234286,,2015,2015/03/23 04:00:00+00,1100,HOMEWOOD AVENUE,MAITLAND PLACE,,Collector,Toronto and East York,13,43.665728,-79.375522,Intersection,At Intersection,Stop Sign,Clear,Daylight,Dry,Non-Fatal Injury,Cyclist Collisions,Driver,60 to 64,None,,South,"Automobile, Station Wagon",Going Ahead,Driving Properly,Normal,,,,,,,,Yes,Yes,,,,,,,,,,,71,Cabbagetown-South St.James Town,71,Cabbagetown-South St.James Town (71),D51,1688
-8849070.96709527,5419937.97229875,81515431,1000605999,2021,2021/04/02 04:00:00+00,1857,LAWRENCE  AVE W,BLACK CREEK  DR,95 m East of,Major Arterial,Etobicoke York,,43.705226,-79.492557,Mid-Block,At/Near Private Drive,Stop Sign,Clear,Daylight,Dry,Non-Fatal Injury,Cyclist Collisions,Passenger,40 to 44,None,,,,,,,,,,,,,,Yes,Yes,,,,,Yes,,Yes,,,,30,Brookhaven-Amesbury,30,Brookhaven-Amesbury (30),D12,1689
-8813232.99286827,5435762.54093917,81664883,2001624588,2022,2022/08/22 04:00:00+00,1958,MEADOWVALE RD,SHEPPARD AVE E,36 m South of,Minor Arterial,Scarborough,,43.807902,-79.170619,Mid-Block,At/Near Private Drive,No Control,Clear,"Dusk, artificial",Wet,Non-Fatal Injury,Cyclist Collisions,Passenger,10 to 14,None,,,,,,,,,,,,,,Yes,,,Yes,,,Yes,,Yes,,,,143,West Rouge,131,Rouge (131),D42,1690
-8839763.43315056,5412393.27056471,80252219,,2015,2015/10/04 04:00:00+00,1453,COLLEGE ST,MARKHAM ST,,Major Arterial,Toronto and East York,11,43.656211,-79.408946,Intersection,At Intersection,Stop Sign,Clear,"Dark, artificial",Dry,Non-Fatal Injury,Cyclist Collisions,Cyclist,50 to 54,Major,,East,Bicycle,Going Ahead,,,,,,Cyclist and Driver travelling in same direction. One vehicle rear-ended the other.,Driving Properly,Normal,,Yes,Yes,,,,,,Yes,Yes,,,,81,Trinity-Bellwoods,81,Trinity-Bellwoods (81),D14,1691
-8823677.76673093,5422842.51321808,80784028,,2017,2017/10/04 04:00:00+00,830,KENNEDY RD,FOXRIDGE DR,,Major Arterial,Scarborough,20,43.724085,-79.264446,Intersection,At Intersection,No Control,Clear,Daylight,Dry,Non-Fatal Injury,Cyclist Collisions,Cyclist,30 to 34,Major,,South,Bicycle,Going Ahead,,,,,,Motorist turned left across cyclists path.,Driving Properly,Normal,,Yes,Yes,,,,,,,Yes,,,,124,Kennedy Park,124,Kennedy Park (124),D41,1692
-8836299.17059707,5410859.07076852,80733456,,2017,2017/01/27 05:00:00+00,1450,FRONT ST W,YONGE ST,100 m West of,Minor Arterial,Toronto and East York,1013,43.646239,-79.377826,Mid-Block,Non Intersection,No Control,Clear,Daylight,Dry,Non-Fatal Injury,Cyclist Collisions,Driver,45 to 49,None,,West,"Automobile, Station Wagon",Stopped,Other,Inattentive,,,,,,,,Yes,Yes,,,,,,,,,,,166,St Lawrence-East Bayfront-The Islands,77,Waterfront Communities-The Island (77),D52,1693
-8840685.82645127,5410049.30306628,80252344,,2015,2015/10/06 04:00:00+00,813,KING ST W,SUDBURY ST,15 m West of,Major Arterial,Toronto and East York,10,43.640975,-79.417232,Intersection,Non Intersection,Traffic Signal,Clear,Daylight,Dry,Non-Fatal Injury,Cyclist Collisions,Cyclist,20 to 24,Major,,East,Bicycle,Changing Lanes,,,,,,Cyclist and Driver travelling in same direction. One vehicle sideswipes the other.,Improper Lane Change,Inattentive,,Yes,Yes,,,,,,,,,,,162,West Queen West,82,Niagara (82),D14,1694
-8829479.29331311,5413943.42186131,81577428,1000657323,2021,2021/04/10 04:00:00+00,1000,COXWELL  AVE,QUEEN  ST E,25 m South of,Minor Arterial,Toronto and East York,,43.666285,-79.316562,Intersection,Non Intersection,Traffic Signal,Clear,Daylight,Dry,Non-Fatal Injury,Cyclist Collisions,Driver,65 to 69,None,,North,"Automobile, Station Wagon",Going Ahead,Improper Passing,Unknown,,,,,,,,Yes,Yes,,,,,,,Yes,,,,65,Greenwood-Coxwell,65,Greenwood-Coxwell (65),D55,1695
-8814588.53030766,5428388.92314025,80158037,4001931404,2014,2014/04/21 04:00:00+00,1433,MORNINGSIDE AVE,GARDENTREE ST,,Minor Arterial,Scarborough,2425,43.760081,-79.182796,Intersection,Non Intersection,No Control,Clear,Daylight,Dry,Non-Fatal Injury,Cyclist Collisions,Driver,30 to 34,None,,North,"Automobile, Station Wagon",Turning Left,Improper Turn,Normal,,,,,,,,Yes,Yes,,,,,,,,,,,136,West Hill,136,West Hill (136),D43,1696
-8852869.85603809,5402255.83984327,81478154,,2019,2019/09/07 04:00:00+00,1244,LAKE PROMENADE,CRYSTAL CRES,20 m West of,Local,Etobicoke York,,43.590289,-79.526683,Intersection,Intersection Related,No Control,Clear,Daylight,Dry,Non-Fatal Injury,Cyclist Collisions,Truck Driver,50 to 54,None,,West,Truck - Open,Overtaking,Driving Properly,Normal,,,,,,,,Yes,,,Yes,,,,,,,,,19,Long Branch,19,Long Branch (19),D22,1697
-8839193.58867719,5413989.28100289,80784301,,2017,2017/10/04 04:00:00+00,1147,BLOOR ST W,SPADINA RD,,Major Arterial,Toronto and East York,11,43.666583,-79.403827,Intersection,At Intersection,Traffic Signal,Clear,Daylight,Dry,Non-Fatal Injury,Cyclist Collisions,Cyclist,25 to 29,None,,West,Bicycle,Overtaking,,,,,,Cyclist and Driver travelling in same direction. One vehicle sideswipes the other.,Improper Passing,Other,,Yes,Yes,,,,,,,,,,,79,University,79,University (79),D14,1698
-8836299.17059707,5410859.07076852,80733457,,2017,2017/01/27 05:00:00+00,1450,FRONT ST W,YONGE ST,100 m West of,Minor Arterial,Toronto and East York,1013,43.646239,-79.377826,Mid-Block,Non Intersection,No Control,Clear,Daylight,Dry,Non-Fatal Injury,Cyclist Collisions,Cyclist,35 to 39,Major,,West,Bicycle,Overtaking,,,,,,Cyclist struck opened vehicle door,Driving Properly,Normal,,Yes,Yes,,,,,,,,,,,166,St Lawrence-East Bayfront-The Islands,77,Waterfront Communities-The Island (77),D52,1699
-8840685.82645127,5410049.30306628,80252345,,2015,2015/10/06 04:00:00+00,813,KING ST W,SUDBURY ST,15 m West of,Major Arterial,Toronto and East York,10,43.640975,-79.417232,Intersection,Non Intersection,Traffic Signal,Clear,Daylight,Dry,Non-Fatal Injury,Cyclist Collisions,Driver,55 to 59,None,,East,"Automobile, Station Wagon",Going Ahead,Driving Properly,Normal,,,,,,,,Yes,Yes,,,,,,,,,,,162,West Queen West,82,Niagara (82),D14,1700
-8851556.84264418,5414791.69893377,81665521,2001682289,2022,2022/08/30 04:00:00+00,1910,124 EDENBRIDGE DR,,5 m East of,Collector,Etobicoke York,2,43.671797,-79.514888,Mid-Block,At/Near Private Drive,No Control,Clear,Daylight,Dry,Non-Fatal Injury,Cyclist Collisions,Driver,30 to 34,None,,West,"Automobile, Station Wagon",Turning Left,Driving Properly,Normal,,,,,,,,Yes,Yes,,,,,,,,,,,9,Edenbridge-Humber Valley,9,Edenbridge-Humber Valley (9),D22,1701