X,Y,INDEX_,ACCNUM,YEAR,DATE,TIME,STREET1,STREET2,OFFSET,ROAD_CLASS,DISTRICT,WARDNUM,LATITUDE,LONGITUDE,LOCCOORD,ACCLOC,TRAFFCTL,VISIBILITY,LIGHT,RDSFCOND,ACCLASS,IMPACTYPE,INVTYPE,INVAGE,INJURY,FATAL_NO,INITDIR,VEHTYPE,MANOEUVER,DRIVACT,DRIVCOND,PEDTYPE,PEDACT,PEDCOND,CYCLISTYPE,CYCACT,CYCCOND,PEDESTRIAN,CYCLIST,AUTOMOBILE,MOTORCYCLE,TRUCK,TRSN_CITY_VEH,EMERG_VEH,PASSENGER,SPEEDING,AG_DRIV,REDLIGHT,ALCOHOL,DISABILITY,HOOD_158,NEIGHBOURHOOD_158,HOOD_140,NEIGHBOURHOOD_140,DIVISION,ObjectId
-8836299.17059707,5410859.07076852,80733512,,2017,2017/01/27 05:00:00+00,1450,FRONT ST W,YONGE ST,100 m West of,Minor Arterial,Toronto and East York,1013,43.646239,-79.377826,Mid-Block,Non Intersection,No Control,Clear,Daylight,Dry,Non-Fatal Injury,Cyclist Collisions,Driver,50 to 54,None,,West,"Automobile, Station Wagon",Going Ahead,Driving Properly,Normal,,,,,,,,Yes,Yes,,,,,,,,,,,166,St Lawrence-East Bayfront-The Islands,77,Waterfront Communities-The Island (77),D52,1702
-8836561.55063687,5413226.63305585,80238359,,2015,2015/05/10 04:00:00+00,1830,50 CARLTON ST,,4 m South of,Major Arterial,North York,13,43.661627,-79.380183,Mid-Block,Non Intersection,No Control,Clear,Daylight,Dry,Non-Fatal Injury,Cyclist Collisions,Cyclist,60 to 64,Major,,East,Bicycle,Changing Lanes,,,,,,Cyclist and Driver travelling in same direction. One vehicle sideswipes the other.,Improper Lane Change,Had Been Drinking,,Yes,,,Yes,,,,,,,,,168,Downtown Yonge East,75,Church-Yonge Corridor (75),D51,1703
-8852869.85603809,5402255.83984327,81478155,,2019,2019/09/07 04:00:00+00,1244,LAKE PROMENADE,CRYSTAL CRES,20 m West of,Local,Etobicoke York,,43.590289,-79.526683,Intersection,Intersection Related,No Control,Clear,Daylight,Dry,Non-Fatal Injury,Cyclist Collisions,Cyclist,50 to 54,Major,,West,Bicycle,Unknown,,,,,,Cyclist and Driver travelling in same direction. One vehicle sideswipes the other.,Other,Normal,,Yes,,,Yes,,,,,,,,,19,Long Branch,19,Long Branch (19),D22,1704
-8839193.58867719,5413989.28100289,80784302,,2017,2017/10/04 04:00:00+00,1147,BLOOR ST W,SPADINA RD,,Major Arterial,Toronto and East York,11,43.666583,-79.403827,Intersection,At Intersection,Traffic Signal,Clear,Daylight,Dry,Non-Fatal Injury,Cyclist Collisions,Driver,35 to 39,None,,West,"Automobile, Station Wagon",Going Ahead,Driving Properly,Normal,,,,,,,,Yes,Yes,,,,,,,,,,,79,University,79,University (79),D14,1705
-8851556.84264418,5414791.69893377,81665522,2001682289,2022,2022/08/30 04:00:00+00,1910,124 EDENBRIDGE DR,,5 m East of,Collector,Etobicoke York,2,43.671797,-79.514888,Mid-Block,At/Near Private Drive,No Control,Clear,Daylight,Dry,Non-Fatal Injury,Cyclist Collisions,Cyclist,30 to 34,Major,,East,Bicycle,Other,,,,,,Motorist turned left across cyclists path.,Other,Other,,Yes,Yes,,,,,,,,,,,9,Edenbridge-Humber Valley,9,Edenbridge-Humber Valley (9),D22,1706
-8829479.29331311,5413943.42186131,81577429,1000657323,2021,2021/04/10 04:00:00+00,1000,COXWELL  AVE,QUEEN  ST E,25 m South of,Minor Arterial,Toronto and East York,,43.666285,-79.316562,Intersection,Non Intersection,Traffic Signal,Clear,Daylight,Dry,Non-Fatal Injury,Cyclist Collisions,Cyclist,35 to 39,Major,,North,Bicycle,Going Ahead,,,,,,Cyclist and Driver travelling in same direction. One vehicle sideswipes the other.,Driving Properly,Normal,,Yes,Yes,,,,,,,Yes,,,,65,Greenwood-Coxwell,65,Greenwood-Coxwell (65),D55,1707
-8814588.53030766,5428388.92314025,80158038,4001931404,2014,2014/04/21 04:00:00+00,1433,MORNINGSIDE AVE,GARDENTREE ST,,Minor Arterial,Scarborough,2425,43.760081,-79.182796,Intersection,Non Intersection,No Control,Clear,Daylight,Dry,Non-Fatal Injury,Cyclist Collisions,Cyclist,55 to 59,Major,,South,Bicycle,Going Ahead,,,,,,Motorist turned left across cyclists path.,Driving Properly,Normal,,Yes,Yes,,,,,,,,,,,136,West Hill,136,West Hill (136),D43,1708
-8839193.58867719,5413989.28100289,80784303,,2017,2017/10/04 04:00:00+00,1147,BLOOR ST W,SPADINA RD,,Major Arterial,Toronto and East York,11,43.666583,-79.403827,Intersection,At Intersection,Traffic Signal,Clear,Daylight,Dry,Non-Fatal Injury,Cyclist Collisions,Cyclist,50 to 54,Major,,West,Bicycle,Going Ahead,,,,,,Cyclist and Driver travelling in same direction. One vehicle sideswipes the other.,Driving Properly,Normal,,Yes,Yes,,,,,,,,,,,79,University,79,University (79),D14,1709
-8838604.15197344,5412838.71623742,80772592,,2017,2017/02/26 05:00:00+00,2311,215 HURON ST,,20 m South of,Local,Toronto and East York,11,43.659106,-79.398532,Mid-Block,Non Intersection,No Control,Clear,"Dark, artificial",Dry,Non-Fatal Injury,Cyclist Collisions,Driver,45 to 49,None,,North,"Automobile, Station Wagon",Going Ahead,Other,Inattentive,,,,,,,,Yes,Yes,,,,,Yes,,,,,,79,University,79,University (79),D52,1710
-8851556.84264418,5414791.69893377,81665523,2001682289,2022,2022/08/30 04:00:00+00,1910,124 EDENBRIDGE DR,,5 m East of,Collector,Etobicoke York,2,43.671797,-79.514888,Mid-Block,At/Near Private Drive,No Control,Clear,Daylight,Dry,Non-Fatal Injury,Cyclist Collisions,Cyclist,20 to 24,Major,,East,Bicycle,Going Ahead,,,,,,Motorist turned left across cyclists path.,Other,Other,,Yes,Yes,,,,,,,,,,,9,Edenbridge-Humber Valley,9,Edenbridge-Humber Valley (9),D22,1711
-8836801.11018106,5414691.9700121,80701816,,2015,2015/10/14 04:00:00+00,738,BLOOR ST E,ST PAULS SQ,,Major Arterial,Toronto and East York,11,43.671149,-79.382335,Intersection,Intersection Related,No Control,Clear,Daylight,Dry,Non-Fatal Injury,Cyclist Collisions,Cyclist,40 to 44,Major,,West,Bicycle,Changing Lanes,,,,,,Cyclist and Driver travelling in same direction. One vehicle sideswipes the other.,Lost control,Normal,,Yes,Yes,,,,,,,,,,,167,Church-Wellesley,75,Church-Yonge Corridor (75),D51,1712
-8839433.03690188,5411782.14481369,81542199,1000693871,2021,2021/04/15 04:00:00+00,1800,DUNDAS ST W,BATHURST ST,,Major Arterial,Toronto and East York,1110,43.652239,-79.405978,Intersection,At Intersection,Traffic Signal,Clear,Daylight,Dry,Non-Fatal Injury,Cyclist Collisions,Driver,unknown,None,,North,"Automobile, Station Wagon",Turning Right,Improper Turn,Unknown,,,,,,,,Yes,Yes,,,,,,,,,,,78,Kensington-Chinatown,78,Kensington-Chinatown (78),D14,1713
-8846100.96308091,5413809.53909277,80158371,4001952133,2014,2014/04/24 04:00:00+00,1956,MAVETY ST,DUNDAS ST W,,Major Arterial,Toronto and East York,4,43.665415,-79.465877,Intersection,At Intersection,No Control,Clear,"Dusk, artificial",Dry,Non-Fatal Injury,Cyclist Collisions,Driver,65 to 69,None,,East,"Automobile, Station Wagon",Parked,Other,Inattentive,,,,,,,,Yes,Yes,,,,,,,,,,,90,Junction Area,90,Junction Area (90),D11,1714
-8842310.5344194,5409583.99563389,80784510,,2017,2017/10/18 04:00:00+00,906,COWAN AVE,KING  ST W,,Major Arterial,Toronto and East York,4,43.63795,-79.431827,Intersection,At Intersection,Stop Sign,Clear,Daylight,Dry,Fatal,Cyclist Collisions,Cyclist,35 to 39,Fatal,50,East,Bicycle,Going Ahead,,,,,,"Motorist without ROW drives into path of cyclist at inter, lnwy, dwy-Driver not turn.",Driving Properly,Normal,,Yes,Yes,,,Yes,,,,Yes,,,,85,South Parkdale,85,South Parkdale (85),D14,1715
-8838774.02551639,5410573.24420275,81333102,,2019,2019/09/08 04:00:00+00,106,KING ST W,PORTLAND ST,5 m West of,Major Arterial,Toronto and East York,10,43.644381,-79.400058,Intersection,At Intersection,Traffic Signal,Clear,Dark,Dry,Non-Fatal Injury,Cyclist Collisions,Driver,20 to 24,None,,East,"Automobile, Station Wagon",Turning Right,Lost control,"Ability Impaired, Alcohol Over .08",,,,,,,,Yes,Yes,,,,,,,,,Yes,,164,Wellington Place,77,Waterfront Communities-The Island (77),D14,1716
-8836561.55063687,5413226.63305585,80238360,,2015,2015/05/10 04:00:00+00,1830,50 CARLTON ST,,4 m South of,Major Arterial,North York,13,43.661627,-79.380183,Mid-Block,Non Intersection,No Control,Clear,Daylight,Dry,Non-Fatal Injury,Cyclist Collisions,Truck Driver,45 to 49,None,,West,"Truck - Closed (Blazer, etc)",Going Ahead,Driving Properly,Normal,,,,,,,,Yes,,,Yes,,,,,,,,,168,Downtown Yonge East,75,Church-Yonge Corridor (75),D51,1717
-8836801.11018106,5414691.9700121,80701817,,2015,2015/10/14 04:00:00+00,738,BLOOR ST E,ST PAULS SQ,,Major Arterial,Toronto and East York,11,43.671149,-79.382335,Intersection,Intersection Related,No Control,Clear,Daylight,Dry,Non-Fatal Injury,Cyclist Collisions,Driver,45 to 49,None,,West,"Automobile, Station Wagon",Slowing or Stopping,Driving Properly,Normal,,,,,,,,Yes,Yes,,,,,,,,,,,167,Church-Wellesley,75,Church-Yonge Corridor (75),D51,1718
-8842310.5344194,5409583.99563389,80784511,,2017,2017/10/18 04:00:00+00,906,COWAN AVE,KING  ST W,,Major Arterial,Toronto and East York,4,43.63795,-79.431827,Intersection,At Intersection,Stop Sign,Clear,Daylight,Dry,Fatal,Cyclist Collisions,Driver,25 to 29,None,,South,Pick Up Truck,Going Ahead,Failed to Yield Right of Way,Normal,,,,,,,,Yes,Yes,,,Yes,,,,Yes,,,,85,South Parkdale,85,South Parkdale (85),D14,1719
-8839433.03690188,5411782.14481369,81542200,1000693871,2021,2021/04/15 04:00:00+00,1800,DUNDAS ST W,BATHURST ST,,Major Arterial,Toronto and East York,1110,43.652239,-79.405978,Intersection,At Intersection,Traffic Signal,Clear,Daylight,Dry,Non-Fatal Injury,Cyclist Collisions,Cyclist,60 to 64,Major,,West,Bicycle,Going Ahead,,,,,,Motorist turning right on red at signalized intersection strikes cyclist.,Driving Properly,Normal,,Yes,Yes,,,,,,,,,,,78,Kensington-Chinatown,78,Kensington-Chinatown (78),D14,1720
-8846100.96308091,5413809.53909277,80158372,4001952133,2014,2014/04/24 04:00:00+00,1956,MAVETY ST,DUNDAS ST W,,Major Arterial,Toronto and East York,4,43.665415,-79.465877,Intersection,At Intersection,No Control,Clear,"Dusk, artificial",Dry,Non-Fatal Injury,Cyclist Collisions,Cyclist,35 to 39,Major,,East,Bicycle,Going Ahead,,,,,,Cyclist struck opened vehicle door,Driving Properly,Normal,,Yes,Yes,,,,,,,,,,,90,Junction Area,90,Junction Area (90),D11,1721
-8838604.15197344,5412838.71623742,80772593,,2017,2017/02/26 05:00:00+00,2311,215 HURON ST,,20 m South of,Local,Toronto and East York,11,43.659106,-79.398532,Mid-Block,Non Intersection,No Control,Clear,"Dark, artificial",Dry,Non-Fatal Injury,Cyclist Collisions,Cyclist,25 to 29,Major,,South,Bicycle,Going Ahead,,,,,,Insufficient information (to determine cyclist crash type).,Other,Inattentive,,Yes,Yes,,,,,Yes,,,,,,79,University,79,University (79),D52,1722
-8839331.17956781,5417087.6087018,80238702,,2015,2015/05/14 04:00:00+00,1538,DUNVEGAN RD,ST CLAIR AVE W,,Local,Toronto and East York,12,43.686713,-79.405063,Mid-Block,Non Intersection,No Control,Clear,Daylight,Dry,Non-Fatal Injury,Cyclist Collisions,Driver,45 to 49,None,,South,"Automobile, Station Wagon",Turning Left,Improper Turn,Normal,,,,,,,,Yes,Yes,,,,,Yes,,,,,,96,Casa Loma,96,Casa Loma (96),D53,1723
-8842310.5344194,5409583.99563389,80784512,,2017,2017/10/18 04:00:00+00,906,COWAN AVE,KING  ST W,,Major Arterial,Toronto and East York,4,43.63795,-79.431827,Intersection,At Intersection,Stop Sign,Clear,Daylight,Dry,Fatal,Cyclist Collisions,Driver,50 to 54,None,,West,Street Car,Going Ahead,Driving Properly,Normal,,,,,,,,Yes,Yes,,,Yes,,,,Yes,,,,85,South Parkdale,85,South Parkdale (85),D14,1724
-8839666.69651306,5426807.37260783,81543378,1000909606,2021,2021/05/17 04:00:00+00,849,YONGE ST,401 C E YONGE N RAMP ST,430 m South of,Major Arterial,North York,,43.749819,-79.408077,Mid-Block,Non Intersection,No Control,Clear,Daylight,Dry,Non-Fatal Injury,Cyclist Collisions,Driver,55 to 59,None,,South,"Automobile, Station Wagon",Overtaking,Improper Passing,Inattentive,,,,,,,,Yes,Yes,,,,,,,Yes,,,,40,St.Andrew-Windfields,40,St.Andrew-Windfields (40),D32,1725
-8841529.18291352,5410361.41826963,80490827,,2015,2015/10/20 04:00:00+00,1250,QUEEN ST W,BEACONSFIELD AVE,60 m West of,Major Arterial,Toronto and East York,9,43.643004,-79.424808,Intersection,Non Intersection,No Control,Clear,Daylight,Dry,Non-Fatal Injury,Cyclist Collisions,Driver,30 to 34,None,,East,"Automobile, Station Wagon",Stopped,Other,Inattentive,,,,,,,,Yes,Yes,,,,,Yes,,,,,,84,Little Portugal,84,Little Portugal (84),D14,1726
-8847342.62068122,5423480.09751462,81663806,2001712442,2022,2022/09/03 04:00:00+00,2100,WILSON AVE,CORNELIUS PKWY,,Major Arterial,,,43.728224,-79.477031,Intersection,At Intersection,No Control,Clear,Dark,Dry,Fatal,Cyclist Collisions,Driver,55 to 59,None,,West,"Automobile, Station Wagon",Turning Left,Failed to Yield Right of Way,Inattentive,,,,,,,,Yes,Yes,,,,,Yes,,Yes,,,,155,Downsview,26,Downsview-Roding-CFB (26),D31,1727
-8839666.69651306,5426807.37260783,81543379,1000909606,2021,2021/05/17 04:00:00+00,849,YONGE ST,401 C E YONGE N RAMP ST,430 m South of,Major Arterial,North York,,43.749819,-79.408077,Mid-Block,Non Intersection,No Control,Clear,Daylight,Dry,Non-Fatal Injury,Cyclist Collisions,Cyclist,35 to 39,Major,,South,Bicycle,Going Ahead,,,,,,Cyclist and Driver travelling in same direction. One vehicle sideswipes the other.,Driving Properly,Normal,,Yes,Yes,,,,,,,Yes,,,,40,St.Andrew-Windfields,40,St.Andrew-Windfields (40),D32,1728
-8838604.15197344,5412838.71623742,80772594,,2017,2017/02/26 05:00:00+00,2311,215 HURON ST,,20 m South of,Local,Toronto and East York,11,43.659106,-79.398532,Mid-Block,Non Intersection,No Control,Clear,"Dark, artificial",Dry,Non-Fatal Injury,Cyclist Collisions,Passenger,20 to 24,None,,,,,,,,,,,,,,Yes,Yes,,,,,Yes,,,,,,79,University,79,University (79),D52,1729
-8842086.33696494,5411371.98086278,80158381,4001953344,2014,2014/04/25 04:00:00+00,5,DUNDAS ST W,GLADSTONE AVE,,Minor Arterial,Toronto and East York,9,43.649573,-79.429813,Intersection,Non Intersection,No Control,Clear,"Dark, artificial",Dry,Non-Fatal Injury,Cyclist Collisions,Driver,40 to 44,Minimal,,East,"Automobile, Station Wagon",Making U Turn,Improper Turn,Inattentive,,,,,,,,Yes,Yes,,,,,,,,,,,84,Little Portugal,84,Little Portugal (84),D14,1730
-8840499.81158216,5432589.62501028,80911902,,2017,2017/10/21 04:00:00+00,2200,45 CUMMER  AVE,,,Minor Arterial,North York,18,43.787329,-79.415561,Mid-Block,Non Intersection,No Control,Clear,"Dark, artificial",Dry,Non-Fatal Injury,Cyclist Collisions,Cyclist,30 to 34,Major,,East,Bicycle,Going Ahead,,,,,,Cyclist and Driver travelling in same direction. One vehicle rear-ended the other.,Driving Properly,Unknown,,Yes,Yes,,,,,,,,,,,50,Newtonbrook East,50,Newtonbrook East (50),D32,1731
-8838774.02551639,5410573.24420275,81333103,,2019,2019/09/08 04:00:00+00,106,KING ST W,PORTLAND ST,5 m West of,Major Arterial,Toronto and East York,10,43.644381,-79.400058,Intersection,At Intersection,Traffic Signal,Clear,Dark,Dry,Non-Fatal Injury,Cyclist Collisions,Cyclist,45 to 49,Major,,South,Bicycle,Going Ahead,,,,,,Motorist turning right on red at signalized intersection strikes cyclist.,Driving Properly,Normal,,Yes,Yes,,,,,,,,,Yes,,164,Wellington Place,77,Waterfront Communities-The Island (77),D14,1732
-8827237.98668548,5433576.71617316,81578236,1000977879,2021,2021/05/26 04:00:00+00,1729,818 HUNTINGWOOD DR,,10 m North of,Minor Arterial,Scarborough,,43.79373,-79.296428,Mid-Block,At/Near Private Drive,No Control,Clear,Daylight,Dry,Non-Fatal Injury,Cyclist Collisions,Cyclist,20 to 24,Major,,West,Bicycle,Going Ahead,,,,,,"Cyclist loses control and strikes object (pole, ttc track)",Lost control,Inattentive,,Yes,,,,,,,,,,,,118,Tam O'Shanter-Sullivan,118,Tam O'Shanter-Sullivan (118),D42,1733
-8824776.71274404,5436505.76544779,80775127,,2017,2017/03/13 04:00:00+00,1006,BRIMWOOD BLVD,WELLPARK BLVD,4 m East of,Collector,Scarborough,23,43.81272,-79.274318,Intersection,At Intersection,Stop Sign,Clear,Daylight,Dry,Non-Fatal Injury,Cyclist Collisions,Cyclist,70 to 74,Major,,South,Bicycle,Turning Left,,,,,,Cyclist turned left across motorists path.,Failed to Yield Right of Way,Inattentive,,Yes,Yes,,,,,,,,,,,129,Agincourt North,129,Agincourt North (129),D42,1734
-8847342.62068122,5423480.09751462,81664647,2001712442,2022,2022/09/03 04:00:00+00,2100,WILSON AVE,CORNELIUS PKWY,,Major Arterial,,,43.728224,-79.477031,Intersection,At Intersection,No Control,Clear,Dark,Dry,Fatal,Cyclist Collisions,Cyclist,40 to 44,Fatal,41,East,Bicycle,Going Ahead,,,,,,Motorist turned left across cyclists path.,Driving Properly,Normal,,Yes,Yes,,,,,Yes,,Yes,,,,155,Downsview,26,Downsview-Roding-CFB (26),D31,1735
-8840499.81158216,5432589.62501028,80911903,,2017,2017/10/21 04:00:00+00,2200,45 CUMMER  AVE,,,Minor Arterial,North York,18,43.787329,-79.415561,Mid-Block,Non Intersection,No Control,Clear,"Dark, artificial",Dry,Non-Fatal Injury,Cyclist Collisions,Driver,unknown,None,,East,"Automobile, Station Wagon",Going Ahead,Lost control,Unknown,,,,,,,,Yes,Yes,,,,,,,,,,,50,Newtonbrook East,50,Newtonbrook East (50),D32,1736
-8841529.18291352,5410361.41826963,80490828,,2015,2015/10/20 04:00:00+00,1250,QUEEN ST W,BEACONSFIELD AVE,60 m West of,Major Arterial,Toronto and East York,9,43.643004,-79.424808,Intersection,Non Intersection,No Control,Clear,Daylight,Dry,Non-Fatal Injury,Cyclist Collisions,Cyclist,25 to 29,Major,,East,Bicycle,Overtaking,,,,,,Cyclist struck opened vehicle door,Driving Properly,Normal,,Yes,Yes,,,,,Yes,,,,,,84,Little Portugal,84,Little Portugal (84),D14,1737
-8839331.17956781,5417087.6087018,80238703,,2015,2015/05/14 04:00:00+00,1538,DUNVEGAN RD,ST CLAIR AVE W,,Local,Toronto and East York,12,43.686713,-79.405063,Mid-Block,Non Intersection,No Control,Clear,Daylight,Dry,Non-Fatal Injury,Cyclist Collisions,Cyclist,20 to 24,Major,,North,Bicycle,Going Ahead,,,,,,Motorist turned left across cyclists path.,Driving Properly,Normal,,Yes,Yes,,,,,Yes,,,,,,96,Casa Loma,96,Casa Loma (96),D53,1738
-8824776.71274404,5436505.76544779,80775128,,2017,2017/03/13 04:00:00+00,1006,BRIMWOOD BLVD,WELLPARK BLVD,4 m East of,Collector,Scarborough,23,43.81272,-79.274318,Intersection,At Intersection,Stop Sign,Clear,Daylight,Dry,Non-Fatal Injury,Cyclist Collisions,Driver,45 to 49,None,,East,"Automobile, Station Wagon",Going Ahead,Driving Properly,Normal,,,,,,,,Yes,Yes,,,,,,,,,,,129,Agincourt North,129,Agincourt North (129),D42,1739
-8839225.87132952,5416245.5857039,81577349,1000983324,2021,2021/05/27 04:00:00+00,1315,44 RUSSELL HILL RD,,92 m North of,Collector,Toronto and East York,,43.681243,-79.404117,Mid-Block,Non Intersection,No Control,Clear,Daylight,Dry,Non-Fatal Injury,Cyclist Collisions,Driver,70 to 74,None,,East,"Automobile, Station Wagon",Turning Right,Improper Turn,Inattentive,,,,,,,,Yes,Yes,,,,,,,,,,,96,Casa Loma,96,Casa Loma (96),D53,1740
-8859035.84263312,5425786.33621834,80918691,,2017,2017/10/27 04:00:00+00,2031,FINCH  AVE W,KIPLING  AVE,,Major Arterial,Etobicoke York,1,43.743193,-79.582073,Intersection,At Intersection,Traffic Signal,Clear,Dark,Dry,Non-Fatal Injury,Cyclist Collisions,Cyclist,30 to 34,Minor,,West,Bicycle,Going Ahead,,,,,,Cyclist and Driver travelling in same direction. One vehicle rear-ended the other.,Other,Normal,,Yes,Yes,,,,,,,,,,,3,Thistletown-Beaumond Heights,3,Thistletown-Beaumond Heights (3),D23,1741
-8856927.00619954,5415193.39577165,81334510,,2019,2019/09/12 04:00:00+00,2103,MARTIN GROVE RD,EGLINTON AVE W,,Major Arterial,Etobicoke York,12,43.674407,-79.563129,Intersection,At Intersection,Traffic Signal,Clear,"Dark, artificial",Dry,Non-Fatal Injury,Cyclist Collisions,Driver,50 to 54,None,,North,"Automobile, Station Wagon",Going Ahead,Driving Properly,Normal,,,,,,,,Yes,Yes,,,,,,,,,,,10,Princess-Rosethorn,10,Princess-Rosethorn (10),D22,1742
-8842086.33696494,5411371.98086278,80158382,4001953344,2014,2014/04/25 04:00:00+00,5,DUNDAS ST W,GLADSTONE AVE,,Minor Arterial,Toronto and East York,9,43.649573,-79.429813,Intersection,Non Intersection,No Control,Clear,"Dark, artificial",Dry,Non-Fatal Injury,Cyclist Collisions,Cyclist,35 to 39,Major,,West,Bicycle,Going Ahead,,,,,,Motorist makes u-turn in-front of cyclist.,Driving Properly,Normal,,Yes,Yes,,,,,,,,,,,84,Little Portugal,84,Little Portugal (84),D14,1743
-8839331.17956781,5417087.6087018,80238704,,2015,2015/05/14 04:00:00+00,1538,DUNVEGAN RD,ST CLAIR AVE W,,Local,Toronto and East York,12,43.686713,-79.405063,Mid-Block,Non Intersection,No Control,Clear,Daylight,Dry,Non-Fatal Injury,Cyclist Collisions,Passenger,0 to 4,None,,,,,,,,,,,,,,Yes,Yes,,,,,Yes,,,,,,96,Casa Loma,96,Casa Loma (96),D53,1744
-8832858.61909512,5411563.82947666,80896795,,2017,2017/03/21 04:00:00+00,845,LAKE SHORE BLVD E,DON ROADWAY,16 m East of,Major Arterial,Toronto and East York,14,43.65082,-79.346919,Intersection,At Intersection,Traffic Signal,Clear,Daylight,Dry,Non-Fatal Injury,Cyclist Collisions,Driver,65 to 69,None,,East,"Automobile, Station Wagon",Going Ahead,Driving Properly,Normal,,,,,,,,Yes,Yes,,,,,,,,,,,70,South Riverdale,70,South Riverdale (70),D51,1745
-8841529.18291352,5410361.41826963,80490829,,2015,2015/10/20 04:00:00+00,1250,QUEEN ST W,BEACONSFIELD AVE,60 m West of,Major Arterial,Toronto and East York,9,43.643004,-79.424808,Intersection,Non Intersection,No Control,Clear,Daylight,Dry,Non-Fatal Injury,Cyclist Collisions,Passenger,0 to 4,None,,,,,,,,,,,,,,Yes,Yes,,,,,Yes,,,,,,84,Little Portugal,84,Little Portugal (84),D14,1746
-8839225.87132952,5416245.5857039,81577350,1000983324,2021,2021/05/27 04:00:00+00,1315,44 RUSSELL HILL RD,,92 m North of,Collector,Toronto and East York,,43.681243,-79.404117,Mid-Block,Non Intersection,No Control,Clear,Daylight,Dry,Non-Fatal Injury,Cyclist Collisions,Cyclist,30 to 34,Major,,East,Bicycle,Going Ahead,,,,,,"Motorist turns right at non-signal Inter.(stop, yield, no cont.,and dwy) and strikes cyclist.",Driving Properly,Normal,,Yes,Yes,,,,,,,,,,,96,Casa Loma,96,Casa Loma (96),D53,1747
-8856927.00619954,5415193.39577165,81334511,,2019,2019/09/12 04:00:00+00,2103,MARTIN GROVE RD,EGLINTON AVE W,,Major Arterial,Etobicoke York,12,43.674407,-79.563129,Intersection,At Intersection,Traffic Signal,Clear,"Dark, artificial",Dry,Non-Fatal Injury,Cyclist Collisions,Cyclist,25 to 29,Major,,East,Bicycle,Going Ahead,,,,,,"Cyclist without ROW rides into path of motorist at inter, lnwy, dwy-Cyclist not turn.",Wrong Way on One Way Road,"Ability Impaired, Alcohol",,Yes,Yes,,,,,,,,,,,10,Princess-Rosethorn,10,Princess-Rosethorn (10),D22,1748
-8847342.62068122,5423480.09751462,81665628,2001712442,2022,2022/09/03 04:00:00+00,2100,WILSON AVE,CORNELIUS PKWY,,Major Arterial,,,43.728224,-79.477031,Intersection,At Intersection,No Control,Clear,Dark,Dry,Fatal,Cyclist Collisions,Passenger,15 to 19,None,,East,Bicycle,Going Ahead,,,,,,Motorist turned left across cyclists path.,Driving Properly,Normal,,Yes,Yes,,,,,Yes,,Yes,,,,155,Downsview,26,Downsview-Roding-CFB (26),D31,1749
-8836798.54983277,5415965.44150829,80000143,,2015,2015/05/19 04:00:00+00,823,ROXBOROUGH ST E,WRENTHAM PL,,Collector,Toronto and East York,11,43.679423,-79.382312,Intersection,,Stop Sign,Clear,"Daylight, artificial",Dry,Fatal,Cyclist Collisions,Cyclist,75 to 79,Fatal,26,North,Bicycle,Turning Left,,,,,,Cyclist turned left across motorists path.,Improper Turn,Unknown,,Yes,Yes,,,,,,,,,,,98,Rosedale-Moore Park,98,Rosedale-Moore Park (98),D53,1750
-8832858.61909512,5411563.82947666,80896796,,2017,2017/03/21 04:00:00+00,845,LAKE SHORE BLVD E,DON ROADWAY,16 m East of,Major Arterial,Toronto and East York,14,43.65082,-79.346919,Intersection,At Intersection,Traffic Signal,Clear,Daylight,Dry,Non-Fatal Injury,Cyclist Collisions,Cyclist,50 to 54,Major,,South,Bicycle,Going Ahead,,,,,,"Cyclist without ROW rides into path of motorist at inter, lnwy, dwy-Cyclist not turn.",Disobeyed Traffic Control,Inattentive,,Yes,Yes,,,,,,,,,,,70,South Riverdale,70,South Riverdale (70),D51,1751
-8851170.45269164,5416653.04135903,81582043,1001039843,2021,2021/06/04 04:00:00+00,1321,SCARLETT  RD,EGLINTON  AVE W,,Major Arterial,Etobicoke York,2,43.68389,-79.511417,Intersection,At Intersection,Traffic Controller,Clear,Daylight,Dry,Non-Fatal Injury,Cyclist Collisions,Driver,45 to 49,None,,West,"Automobile, Station Wagon",Turning Left,Improper Turn,Normal,,,,,,,,Yes,Yes,,,,,,,,,,,9,Edenbridge-Humber Valley,9,Edenbridge-Humber Valley (9),D22,1752