X,Y,INDEX_,ACCNUM,YEAR,DATE,TIME,STREET1,STREET2,OFFSET,ROAD_CLASS,DISTRICT,WARDNUM,LATITUDE,LONGITUDE,LOCCOORD,ACCLOC,TRAFFCTL,VISIBILITY,LIGHT,RDSFCOND,ACCLASS,IMPACTYPE,INVTYPE,INVAGE,INJURY,FATAL_NO,INITDIR,VEHTYPE,MANOEUVER,DRIVACT,DRIVCOND,PEDTYPE,PEDACT,PEDCOND,CYCLISTYPE,CYCACT,CYCCOND,PEDESTRIAN,CYCLIST,AUTOMOBILE,MOTORCYCLE,TRUCK,TRSN_CITY_VEH,EMERG_VEH,PASSENGER,SPEEDING,AG_DRIV,REDLIGHT,ALCOHOL,DISABILITY,HOOD_158,NEIGHBOURHOOD_158,HOOD_140,NEIGHBOURHOOD_140,DIVISION,ObjectId
-8828954.42191402,5416578.53735744,80159333,4002017268,2014,2014/05/05 04:00:00+00,644,WOODBINE AVE,MERRILL AVE E,,Major Arterial,Toronto and East York,19,43.683406,-79.311847,Intersection,Intersection Related,Stop Sign,Clear,Daylight,Dry,Non-Fatal Injury,Cyclist Collisions,Driver,25 to 29,None,,East,"Automobile, Station Wagon",Turning Left,Failed to Yield Right of Way,Normal,,,,,,,,Yes,Yes,,,,,Yes,,Yes,,,,64,Woodbine Corridor,64,Woodbine Corridor (64),D55,1753
-8859035.84263312,5425786.33621834,80918692,,2017,2017/10/27 04:00:00+00,2031,FINCH  AVE W,KIPLING  AVE,,Major Arterial,Etobicoke York,1,43.743193,-79.582073,Intersection,At Intersection,Traffic Signal,Clear,Dark,Dry,Non-Fatal Injury,Cyclist Collisions,Driver,45 to 49,Major,,South,"Automobile, Station Wagon",Going Ahead,Driving Properly,Normal,,,,,,,,Yes,Yes,,,,,,,,,,,3,Thistletown-Beaumond Heights,3,Thistletown-Beaumond Heights (3),D23,1754
-8836798.54983277,5415965.44150829,80000144,,2015,2015/05/19 04:00:00+00,823,ROXBOROUGH ST E,WRENTHAM PL,,Collector,Toronto and East York,11,43.679423,-79.382312,Intersection,,Stop Sign,Clear,"Daylight, artificial",Dry,Fatal,Cyclist Collisions,Driver,40 to 44,Minimal,,East,"Automobile, Station Wagon",Going Ahead,Driving Properly,Normal,,,,,,,,Yes,Yes,,,,,,,,,,,98,Rosedale-Moore Park,98,Rosedale-Moore Park (98),D53,1755
-8845182.79992085,5427050.86009389,81688472,2001755398,2022,2022/09/09 04:00:00+00,1752,SHEPPARD AVE W,WILSON HEIGHTS BLVD,100 m West of,Major Arterial,North York,,43.751399,-79.457629,Mid-Block,Non Intersection,No Control,Clear,Daylight,Dry,Non-Fatal Injury,Cyclist Collisions,Cyclist,65 to 69,Major,,East,Bicycle,Changing Lanes,,,,,,Cyclist and Driver travelling in same direction. One vehicle sideswipes the other.,Improper Lane Change,Inattentive,,Yes,,,,Yes,,,,,,,,33,Clanton Park,33,Clanton Park (33),D32,1756
-8851170.45269164,5416653.04135903,81582044,1001039843,2021,2021/06/04 04:00:00+00,1321,SCARLETT  RD,EGLINTON  AVE W,,Major Arterial,Etobicoke York,2,43.68389,-79.511417,Intersection,At Intersection,Traffic Controller,Clear,Daylight,Dry,Non-Fatal Injury,Cyclist Collisions,Cyclist,20 to 24,Major,,East,Bicycle,Going Ahead,,,,,,Motorist turned left across cyclists path.,Driving Properly,Normal,,Yes,Yes,,,,,,,,,,,9,Edenbridge-Humber Valley,9,Edenbridge-Humber Valley (9),D22,1757
-8840133.79309643,5431522.15578083,80775260,,2017,2017/03/24 04:00:00+00,2213,FINCH AVE E,DORIS AVE,,Major Arterial,North York,18,43.780406,-79.412273,Intersection,At Intersection,Traffic Signal,Rain,"Dark, artificial",Wet,Non-Fatal Injury,Cyclist Collisions,Driver,50 to 54,None,,North,"Automobile, Station Wagon",Turning Left,Improper Turn,Inattentive,,,,,,,,Yes,Yes,,,,,,,,,,,152,East Willowdale,51,Willowdale East (51),D32,1758
-8828954.42191402,5416578.53735744,80159334,4002017268,2014,2014/05/05 04:00:00+00,644,WOODBINE AVE,MERRILL AVE E,,Major Arterial,Toronto and East York,19,43.683406,-79.311847,Intersection,Intersection Related,Stop Sign,Clear,Daylight,Dry,Non-Fatal Injury,Cyclist Collisions,Passenger,25 to 29,None,,,,,,,,,,,,,,Yes,Yes,,,,,Yes,,Yes,,,,64,Woodbine Corridor,64,Woodbine Corridor (64),D55,1759
-8838990.65324547,5410237.58618578,80491000,,2015,2015/10/22 04:00:00+00,2130,BATHURST ST,NIAGARA ST,25 m South of,Major Arterial,Toronto and East York,10,43.642199,-79.402004,Intersection,At/Near Private Drive,Traffic Signal,Clear,"Dark, artificial",Dry,Non-Fatal Injury,Cyclist Collisions,Cyclist,30 to 34,Major,,West,Bicycle,Turning Left,,,,,,Cyclist turned left across motorists path.,Speed too Fast For Condition,Inattentive,,Yes,Yes,,,,,,,,,,,164,Wellington Place,77,Waterfront Communities-The Island (77),D14,1760
-8835720.75452291,5413310.03499114,81424255,,2019,2019/09/14 04:00:00+00,511,333 SHERBOURNE ST,,,Minor Arterial,Toronto and East York,13,43.662169,-79.37263,Mid-Block,At/Near Private Drive,No Control,Clear,"Daylight, artificial",Dry,Non-Fatal Injury,Cyclist Collisions,Truck Driver,35 to 39,None,,North,Truck-Tractor,Turning Right,Improper Turn,Unknown,,,,,,,,Yes,,,Yes,,,,,,,,,73,Moss Park,73,Moss Park (73),D51,1761
-8835950.96322987,5413069.98717563,81578889,1001311707,2021,2021/07/13 04:00:00+00,745,GERRARD ST E,HORTICULTURAL AVE,5 m East of,Minor Arterial,Toronto and East York,,43.660609,-79.374698,Intersection,Intersection Related,Stop Sign,Clear,Daylight,Dry,Non-Fatal Injury,Cyclist Collisions,Cyclist,75 to 79,Major,,South,Bicycle,Going Ahead,,,,,,"Cyclist without ROW rides into path of motorist at inter, lnwy, dwy-Cyclist not turn.",Improper Passing,Inattentive,,Yes,Yes,,,,,,,,,,,73,Moss Park,73,Moss Park (73),D51,1762
-8840133.79309643,5431522.15578083,80775261,,2017,2017/03/24 04:00:00+00,2213,FINCH AVE E,DORIS AVE,,Major Arterial,North York,18,43.780406,-79.412273,Intersection,At Intersection,Traffic Signal,Rain,"Dark, artificial",Wet,Non-Fatal Injury,Cyclist Collisions,Cyclist,20 to 24,Major,,South,Bicycle,Going Ahead,,,,,,Motorist turned left across cyclists path.,Disobeyed Traffic Control,Inattentive,,Yes,Yes,,,,,,,,,,,152,East Willowdale,51,Willowdale East (51),D32,1763
-8845182.79992085,5427050.86009389,81688473,2001755398,2022,2022/09/09 04:00:00+00,1752,SHEPPARD AVE W,WILSON HEIGHTS BLVD,100 m West of,Major Arterial,North York,,43.751399,-79.457629,Mid-Block,Non Intersection,No Control,Clear,Daylight,Dry,Non-Fatal Injury,Cyclist Collisions,Driver,40 to 44,None,,East,Municipal Transit Bus (TTC),Going Ahead,Driving Properly,Normal,,,,,,,,Yes,,,,Yes,,,,,,,,33,Clanton Park,33,Clanton Park (33),D32,1764
-8847367.22228868,5417951.41627984,80935880,,2017,2017/11/08 05:00:00+00,1838,TRETHEWEY DR,IRVING RD,20 m North of,Minor Arterial,Etobicoke York,5,43.692324,-79.477252,Intersection,Non Intersection,No Control,Clear,"Dark, artificial",Dry,Non-Fatal Injury,Cyclist Collisions,Cyclist,55 to 59,Major,,West,Bicycle,Going Ahead,,,,,,Cyclist and Driver travelling in same direction. One vehicle rear-ended the other.,Driving Properly,Normal,,Yes,Yes,,,,,,,Yes,,,,112,Beechborough-Greenbrook,112,Beechborough-Greenbrook (112),D12,1765
-8836199.76229179,5410947.06651798,80632014,,2015,2015/05/21 04:00:00+00,2255,YONGE ST,FRONT ST E,10 m North of,Major Arterial,Toronto and East York,1013,43.646811,-79.376933,Intersection,At Intersection,Traffic Signal,Clear,"Dark, artificial",Dry,Non-Fatal Injury,Cyclist Collisions,Cyclist,35 to 39,Major,,South,Bicycle,Overtaking,,,,,,Cyclist and Driver travelling in same direction. One vehicle sideswipes the other.,Improper Passing,Normal,,Yes,Yes,,,,,Yes,,,,,,166,St Lawrence-East Bayfront-The Islands,77,Waterfront Communities-The Island (77),D51,1766
-8835720.75452291,5413310.03499114,81424256,,2019,2019/09/14 04:00:00+00,511,333 SHERBOURNE ST,,,Minor Arterial,Toronto and East York,13,43.662169,-79.37263,Mid-Block,At/Near Private Drive,No Control,Clear,"Daylight, artificial",Dry,Non-Fatal Injury,Cyclist Collisions,Cyclist,40 to 44,Major,,North,Bicycle,Going Ahead,,,,,,"Motorist turns right at non-signal Inter.(stop, yield, no cont.,and dwy) and strikes cyclist.",Driving Properly,Normal,,Yes,,,Yes,,,,,,,,,73,Moss Park,73,Moss Park (73),D51,1767
-8828954.42191402,5416578.53735744,80159335,4002017268,2014,2014/05/05 04:00:00+00,644,WOODBINE AVE,MERRILL AVE E,,Major Arterial,Toronto and East York,19,43.683406,-79.311847,Intersection,Intersection Related,Stop Sign,Clear,Daylight,Dry,Non-Fatal Injury,Cyclist Collisions,Passenger,unknown,None,,,,,,,,,,,,,,Yes,Yes,,,,,Yes,,Yes,,,,64,Woodbine Corridor,64,Woodbine Corridor (64),D55,1768
-8843046.91285099,5427665.15519035,80774666,,2017,2017/04/18 04:00:00+00,1503,SHEPPARD AVE W,BATHURST ST,20 m West of,Major Arterial,North York,6,43.755385,-79.438442,Intersection,At/Near Private Drive,No Control,Clear,Daylight,Dry,Non-Fatal Injury,Cyclist Collisions,Driver,55 to 59,None,,North,"Automobile, Station Wagon",Turning Right,Failed to Yield Right of Way,Inattentive,,,,,,,,Yes,Yes,,,,,,,Yes,,,,38,Lansing-Westgate,38,Lansing-Westgate (38),D32,1769
-8836199.76229179,5410947.06651798,80632015,,2015,2015/05/21 04:00:00+00,2255,YONGE ST,FRONT ST E,10 m North of,Major Arterial,Toronto and East York,1013,43.646811,-79.376933,Intersection,At Intersection,Traffic Signal,Clear,"Dark, artificial",Dry,Non-Fatal Injury,Cyclist Collisions,Driver,60 to 64,None,,South,Pick Up Truck,Going Ahead,Driving Properly,Normal,,,,,,,,Yes,Yes,,,,,Yes,,,,,,166,St Lawrence-East Bayfront-The Islands,77,Waterfront Communities-The Island (77),D51,1770
-8851565.30292548,5417058.82163888,81450744,,2019,2019/09/17 04:00:00+00,1630,LA ROSE AVE,SCARLETT RD,25 m West of,Collector,Etobicoke York,2,43.686526,-79.514964,Mid-Block,At/Near Private Drive,No Control,Clear,Daylight,Dry,Non-Fatal Injury,Cyclist Collisions,Driver,20 to 24,None,,West,"Automobile, Station Wagon",Turning Left,Failed to Yield Right of Way,Normal,,,,,,,,Yes,Yes,,,,,,,Yes,,,,8,Humber Heights-Westmount,8,Humber Heights-Westmount (8),D23,1771
-8835950.96322987,5413069.98717563,81578890,1001311707,2021,2021/07/13 04:00:00+00,745,GERRARD ST E,HORTICULTURAL AVE,5 m East of,Minor Arterial,Toronto and East York,,43.660609,-79.374698,Intersection,Intersection Related,Stop Sign,Clear,Daylight,Dry,Non-Fatal Injury,Cyclist Collisions,Driver,50 to 54,None,,East,"Automobile, Station Wagon",Going Ahead,Driving Properly,Normal,,,,,,,,Yes,Yes,,,,,,,,,,,73,Moss Park,73,Moss Park (73),D51,1772
-8835979.79497799,5411392.59632073,81665285,2001790386,2022,2022/09/14 04:00:00+00,1436,KING ST E,CHURCH ST,52 m West of,Major Arterial,Toronto and East York,,43.649707,-79.374957,Mid-Block,Non Intersection,No Control,Clear,Daylight,Dry,Non-Fatal Injury,Cyclist Collisions,Motorcycle Driver,20 to 24,Major,,East,Motorcycle,Going Ahead,Exceeding Speed Limit,Normal,,,,,,,,Yes,,Yes,,,,,Yes,Yes,,,,168,Downtown Yonge East,75,Church-Yonge Corridor (75),D51,1773
-8847367.22228868,5417951.41627984,80935881,,2017,2017/11/08 05:00:00+00,1838,TRETHEWEY DR,IRVING RD,20 m North of,Minor Arterial,Etobicoke York,5,43.692324,-79.477252,Intersection,Non Intersection,No Control,Clear,"Dark, artificial",Dry,Non-Fatal Injury,Cyclist Collisions,Driver,60 to 64,None,,West,"Automobile, Station Wagon",Going Ahead,Improper Passing,Inattentive,,,,,,,,Yes,Yes,,,,,,,Yes,,,,112,Beechborough-Greenbrook,112,Beechborough-Greenbrook (112),D12,1774
-8843046.91285099,5427665.15519035,80774667,,2017,2017/04/18 04:00:00+00,1503,SHEPPARD AVE W,BATHURST ST,20 m West of,Major Arterial,North York,6,43.755385,-79.438442,Intersection,At/Near Private Drive,No Control,Clear,Daylight,Dry,Non-Fatal Injury,Cyclist Collisions,Cyclist,55 to 59,Major,,East,Bicycle,Going Ahead,,,,,,"Motorist turns right at non-signal Inter.(stop, yield, no cont.,and dwy) and strikes cyclist.",Driving Properly,Normal,,Yes,Yes,,,,,,,Yes,,,,38,Lansing-Westgate,38,Lansing-Westgate (38),D32,1775
-8828954.42191402,5416578.53735744,80159336,4002017268,2014,2014/05/05 04:00:00+00,644,WOODBINE AVE,MERRILL AVE E,,Major Arterial,Toronto and East York,19,43.683406,-79.311847,Intersection,Intersection Related,Stop Sign,Clear,Daylight,Dry,Non-Fatal Injury,Cyclist Collisions,Passenger,unknown,None,,,,,,,,,,,,,,Yes,Yes,,,,,Yes,,Yes,,,,64,Woodbine Corridor,64,Woodbine Corridor (64),D55,1776
-8836199.76229179,5410947.06651798,80632016,,2015,2015/05/21 04:00:00+00,2255,YONGE ST,FRONT ST E,10 m North of,Major Arterial,Toronto and East York,1013,43.646811,-79.376933,Intersection,At Intersection,Traffic Signal,Clear,"Dark, artificial",Dry,Non-Fatal Injury,Cyclist Collisions,Passenger,20 to 24,None,,,,,,,,,,,,,,Yes,Yes,,,,,Yes,,,,,,166,St Lawrence-East Bayfront-The Islands,77,Waterfront Communities-The Island (77),D51,1777
-8838990.65324547,5410237.58618578,80491001,,2015,2015/10/22 04:00:00+00,2130,BATHURST ST,NIAGARA ST,25 m South of,Major Arterial,Toronto and East York,10,43.642199,-79.402004,Intersection,At/Near Private Drive,Traffic Signal,Clear,"Dark, artificial",Dry,Non-Fatal Injury,Cyclist Collisions,Driver,20 to 24,None,,North,"Automobile, Station Wagon",Turning Left,Driving Properly,Normal,,,,,,,,Yes,Yes,,,,,,,,,,,164,Wellington Place,77,Waterfront Communities-The Island (77),D14,1778
-8847685.70735184,5423353.77869185,80254239,,2015,2015/10/26 04:00:00+00,1510,WILSON AVE,JAMES FINLAY WAY,,Major Arterial,North York,6,43.727404,-79.480113,Intersection,At Intersection,Traffic Signal,Clear,Daylight,Dry,Non-Fatal Injury,Cyclist Collisions,Driver,50 to 54,None,,North,"Automobile, Station Wagon",Turning Right,Failed to Yield Right of Way,Normal,,,,,,,,Yes,Yes,,,,,Yes,,Yes,,,,155,Downsview,26,Downsview-Roding-CFB (26),D31,1779
-8826429.47322385,5416099.35553061,80901586,,2017,2017/11/23 05:00:00+00,1856,KINGSTON RD,BALSAM AVE,,Major Arterial,Toronto and East York,19,43.680293,-79.289165,Intersection,At Intersection,No Control,Clear,Dark,Dry,Non-Fatal Injury,Cyclist Collisions,Cyclist,55 to 59,Major,,East,Bicycle,Going Ahead,,,,,,Motorist turned left across cyclists path.,Driving Properly,Normal,,Yes,Yes,,,,,,,,,,,63,The Beaches,63,The Beaches (63),D55,1780
-8851565.30292548,5417058.82163888,81450745,,2019,2019/09/17 04:00:00+00,1630,LA ROSE AVE,SCARLETT RD,25 m West of,Collector,Etobicoke York,2,43.686526,-79.514964,Mid-Block,At/Near Private Drive,No Control,Clear,Daylight,Dry,Non-Fatal Injury,Cyclist Collisions,Cyclist,50 to 54,Major,,East,Bicycle,Going Ahead,,,,,,"Motorist turns right at non-signal Inter.(stop, yield, no cont.,and dwy) and strikes cyclist.",Driving Properly,Normal,,Yes,Yes,,,,,,,Yes,,,,8,Humber Heights-Westmount,8,Humber Heights-Westmount (8),D23,1781
-8840260.25203797,5430133.53602034,81579737,1001358291,2021,2021/07/19 04:00:00+00,1740,5231 YONGE ST,ELLERSLIE AVE,64 m South of,Major Arterial,North York,,43.771399,-79.413409,Mid-Block,Non Intersection,No Control,Clear,Daylight,Dry,Non-Fatal Injury,Cyclist Collisions,Cyclist,30 to 34,Major,,South,Bicycle,Going Ahead,,,,,,Cyclist and Driver travelling in same direction. One vehicle rear-ended the other.,Lost control,Unknown,,Yes,Yes,,,,,,,,,,,151,Yonge-Doris,51,Willowdale East (51),D32,1782
-8835979.79497799,5411392.59632073,81665286,2001790386,2022,2022/09/14 04:00:00+00,1436,KING ST E,CHURCH ST,52 m West of,Major Arterial,Toronto and East York,,43.649707,-79.374957,Mid-Block,Non Intersection,No Control,Clear,Daylight,Dry,Non-Fatal Injury,Cyclist Collisions,Cyclist,40 to 44,None,,West,Bicycle,Turning Left,,,,,,Cyclist turned left across motorists path.,Improper Turn,Normal,,Yes,,Yes,,,,,Yes,Yes,,,,168,Downtown Yonge East,75,Church-Yonge Corridor (75),D51,1783
-8828954.42191402,5416578.53735744,80159337,4002017268,2014,2014/05/05 04:00:00+00,644,WOODBINE AVE,MERRILL AVE E,,Major Arterial,Toronto and East York,19,43.683406,-79.311847,Intersection,Intersection Related,Stop Sign,Clear,Daylight,Dry,Non-Fatal Injury,Cyclist Collisions,Cyclist,55 to 59,Major,,South,Bicycle,Going Ahead,,,,,,Motorist turned left across cyclists path.,Driving Properly,Normal,,Yes,Yes,,,,,Yes,,Yes,,,,64,Woodbine Corridor,64,Woodbine Corridor (64),D55,1784
-8858205.17659282,5423456.06599563,80777622,,2017,2017/05/02 04:00:00+00,645,WESTHUMBER BLVD,KIPLING AVE,,Major Arterial,Etobicoke York,1,43.728068,-79.574611,Intersection,At Intersection,Traffic Signal,Clear,"Dawn, artificial",Dry,Non-Fatal Injury,Cyclist Collisions,Driver,45 to 49,None,,East,"Automobile, Station Wagon",Turning Right,Improper Turn,Inattentive,,,,,,,,Yes,Yes,,,,,,,,,,,4,Rexdale-Kipling,4,Rexdale-Kipling (4),D23,1785
-8826429.47322385,5416099.35553061,80901587,,2017,2017/11/23 05:00:00+00,1856,KINGSTON RD,BALSAM AVE,,Major Arterial,Toronto and East York,19,43.680293,-79.289165,Intersection,At Intersection,No Control,Clear,Dark,Dry,Non-Fatal Injury,Cyclist Collisions,Driver,15 to 19,None,,West,"Automobile, Station Wagon",Turning Left,Improper Turn,Inattentive,,,,,,,,Yes,Yes,,,,,,,,,,,63,The Beaches,63,The Beaches (63),D55,1786
-8840260.25203797,5430133.53602034,81579738,1001358291,2021,2021/07/19 04:00:00+00,1740,5231 YONGE ST,ELLERSLIE AVE,64 m South of,Major Arterial,North York,,43.771399,-79.413409,Mid-Block,Non Intersection,No Control,Clear,Daylight,Dry,Non-Fatal Injury,Cyclist Collisions,Driver,45 to 49,None,,South,"Automobile, Station Wagon",Stopped,Driving Properly,Unknown,,,,,,,,Yes,Yes,,,,,,,,,,,151,Yonge-Doris,51,Willowdale East (51),D32,1787
-8847685.70735184,5423353.77869185,80254240,,2015,2015/10/26 04:00:00+00,1510,WILSON AVE,JAMES FINLAY WAY,,Major Arterial,North York,6,43.727404,-79.480113,Intersection,At Intersection,Traffic Signal,Clear,Daylight,Dry,Non-Fatal Injury,Cyclist Collisions,Cyclist,20 to 24,Major,,West,Bicycle,Going Ahead,,,,,,Motorist turning right on red at signalized intersection strikes cyclist.,Driving Properly,Normal,,Yes,Yes,,,,,Yes,,Yes,,,,155,Downsview,26,Downsview-Roding-CFB (26),D31,1788
-8830343.9117981,5422915.52740304,81452137,,2019,2019/09/26 04:00:00+00,1445,EGLINTON AVE E,WYNFORD DR,60 m East of,Major Arterial,North York,16,43.724559,-79.324329,Mid-Block,Non Intersection,No Control,Clear,Daylight,Dry,Non-Fatal Injury,Cyclist Collisions,Cyclist,50 to 54,Major,,East,Bicycle,Changing Lanes,,,,,,Cyclist and Driver travelling in same direction. One vehicle sideswipes the other.,Lost control,Had Been Drinking,,Yes,Yes,,,,,,,,,,,44,Flemingdon Park,44,Flemingdon Park (44),D55,1789
-8847806.37767986,5407278.2622757,80239413,,2015,2015/05/23 04:00:00+00,1030,MARINE PARADE DR,PARK LAWN RD,,Major Arterial,Etobicoke York,3,43.622958,-79.481197,Intersection,At Intersection,Traffic Signal,Clear,Daylight,Dry,Non-Fatal Injury,Cyclist Collisions,Driver,50 to 54,None,,East,"Automobile, Station Wagon",Turning Right,Failed to Yield Right of Way,Normal,,,,,,,,Yes,Yes,,,,,,,Yes,,,,161,Humber Bay Shores,17,Mimico (includes Humber Bay Shores) (17),D22,1790
-8847685.70735184,5423353.77869185,80254241,,2015,2015/10/26 04:00:00+00,1510,WILSON AVE,JAMES FINLAY WAY,,Major Arterial,North York,6,43.727404,-79.480113,Intersection,At Intersection,Traffic Signal,Clear,Daylight,Dry,Non-Fatal Injury,Cyclist Collisions,Passenger,20 to 24,None,,,,,,,,,,,,,,Yes,Yes,,,,,Yes,,Yes,,,,155,Downsview,26,Downsview-Roding-CFB (26),D31,1791
-8860224.84611429,5420881.35887473,80491926,,2015,2015/11/03 05:00:00+00,1755,HIGHWAY 27  N,VICE REGENT BLVD,,Major Arterial,Etobicoke York,1,43.711352,-79.592754,Intersection,Intersection Related,No Control,Clear,"Dark, artificial",Dry,Fatal,Cyclist Collisions,Cyclist,55 to 59,Fatal,54,East,Bicycle,Going Ahead,,,,,,"Cyclist without ROW rides into path of motorist at inter, lnwy, dwy-Cyclist not turn.",Other,Unknown,,Yes,Yes,,,,,,,,,,,1,West Humber-Clairville,1,West Humber-Clairville (1),D23,1792
-8858205.17659282,5423456.06599563,80777623,,2017,2017/05/02 04:00:00+00,645,WESTHUMBER BLVD,KIPLING AVE,,Major Arterial,Etobicoke York,1,43.728068,-79.574611,Intersection,At Intersection,Traffic Signal,Clear,"Dawn, artificial",Dry,Non-Fatal Injury,Cyclist Collisions,Cyclist,60 to 64,Major,,West,Bicycle,Going Ahead,,,,,,Motorist turning right on red at signalized intersection strikes cyclist.,Driving Properly,Normal,,Yes,Yes,,,,,,,,,,,4,Rexdale-Kipling,4,Rexdale-Kipling (4),D23,1793
-8855863.68242348,5408250.34667019,80788857,,2017,2017/11/25 05:00:00+00,2351,DUNDAS ST W,THE EAST MALL,,Major Arterial,Etobicoke York,3,43.629279,-79.553577,Mid-Block,Non Intersection,No Control,Clear,"Dark, artificial",Dry,Non-Fatal Injury,Cyclist Collisions,Cyclist,35 to 39,None,,West,Bicycle,Changing Lanes,,,,,,"Cyclist without ROW rides into path of motorist at inter, lnwy, dwy-Cyclist not turn.",Improper Lane Change,Normal,,Yes,Yes,,,,,,,,,,,159,Etobicoke City Centre,14,Islington-City Centre West (14),D22,1794
-8838915.84654766,5412616.83698638,81688409,2001797133,2022,2022/09/15 04:00:00+00,1257,287 COLLEGE ST,,60 m West of SPADINA AV,Major Arterial,Toronto and East York,,43.657664,-79.401332,Mid-Block,Non Intersection,No Control,Clear,Daylight,Dry,Non-Fatal Injury,Cyclist Collisions,Truck Driver,20 to 24,None,,East,"Truck - Closed (Blazer, etc)",Turning Left,Improper Turn,Normal,,,,,,,,Yes,,,Yes,,,,,,,,,78,Kensington-Chinatown,78,Kensington-Chinatown (78),D14,1795
-8830343.9117981,5422915.52740304,81452138,,2019,2019/09/26 04:00:00+00,1445,EGLINTON AVE E,WYNFORD DR,60 m East of,Major Arterial,North York,16,43.724559,-79.324329,Mid-Block,Non Intersection,No Control,Clear,Daylight,Dry,Non-Fatal Injury,Cyclist Collisions,Driver,35 to 39,None,,East,Delivery Van,Going Ahead,Driving Properly,Normal,,,,,,,,Yes,Yes,,,,,,,,,,,44,Flemingdon Park,44,Flemingdon Park (44),D55,1796
-8847806.37767986,5407278.2622757,80239414,,2015,2015/05/23 04:00:00+00,1030,MARINE PARADE DR,PARK LAWN RD,,Major Arterial,Etobicoke York,3,43.622958,-79.481197,Intersection,At Intersection,Traffic Signal,Clear,Daylight,Dry,Non-Fatal Injury,Cyclist Collisions,Cyclist,45 to 49,Major,,East,Bicycle,Going Ahead,,,,,,"Motorist turns right at non-signal Inter.(stop, yield, no cont.,and dwy) and strikes cyclist.",Driving Properly,Normal,,Yes,Yes,,,,,,,Yes,,,,161,Humber Bay Shores,17,Mimico (includes Humber Bay Shores) (17),D22,1797
-8828517.04763469,5415118.13399965,80159363,4002018320,2014,2014/05/05 04:00:00+00,1009,WOODBINE AVE,KINGSTON RD,,Major Arterial,Toronto and East York,19,43.673918,-79.307918,Intersection,At Intersection,Traffic Signal,Clear,Daylight,Dry,Non-Fatal Injury,Cyclist Collisions,Cyclist,50 to 54,Major,,North,Bicycle,Going Ahead,,,,,,Motorist turned left across cyclists path.,Driving Properly,Normal,,Yes,Yes,,,,,Yes,,Yes,,,,63,The Beaches,63,The Beaches (63),D55,1798
-8838915.84654766,5412616.83698638,81688410,2001797133,2022,2022/09/15 04:00:00+00,1257,287 COLLEGE ST,,60 m West of SPADINA AV,Major Arterial,Toronto and East York,,43.657664,-79.401332,Mid-Block,Non Intersection,No Control,Clear,Daylight,Dry,Non-Fatal Injury,Cyclist Collisions,Cyclist,20 to 24,Major,,West,Bicycle,Going Ahead,,,,,,Cyclist falls off bike - no contact with motorist.,Driving Properly,Normal,,Yes,,,Yes,,,,,,,,,78,Kensington-Chinatown,78,Kensington-Chinatown (78),D14,1799
-8828517.04763469,5415118.13399965,80159364,4002018320,2014,2014/05/05 04:00:00+00,1009,WOODBINE AVE,KINGSTON RD,,Major Arterial,Toronto and East York,19,43.673918,-79.307918,Intersection,At Intersection,Traffic Signal,Clear,Daylight,Dry,Non-Fatal Injury,Cyclist Collisions,Driver,45 to 49,None,,South,"Automobile, Station Wagon",Turning Left,Failed to Yield Right of Way,Normal,,,,,,,,Yes,Yes,,,,,Yes,,Yes,,,,63,The Beaches,63,The Beaches (63),D55,1800
-8830343.9117981,5422915.52740304,81452139,,2019,2019/09/26 04:00:00+00,1445,EGLINTON AVE E,WYNFORD DR,60 m East of,Major Arterial,North York,16,43.724559,-79.324329,Mid-Block,Non Intersection,No Control,Clear,Daylight,Dry,Non-Fatal Injury,Cyclist Collisions,Driver,25 to 29,None,,East,Delivery Van,Going Ahead,Driving Properly,Normal,,,,,,,,Yes,Yes,,,,,,,,,,,44,Flemingdon Park,44,Flemingdon Park (44),D55,1801
-8855863.68242348,5408250.34667019,80788858,,2017,2017/11/25 05:00:00+00,2351,DUNDAS ST W,THE EAST MALL,,Major Arterial,Etobicoke York,3,43.629279,-79.553577,Mid-Block,Non Intersection,No Control,Clear,"Dark, artificial",Dry,Non-Fatal Injury,Cyclist Collisions,Driver,55 to 59,Major,,North,"Automobile, Station Wagon",Going Ahead,Driving Properly,Normal,,,,,,,,Yes,Yes,,,,,,,,,,,159,Etobicoke City Centre,14,Islington-City Centre West (14),D22,1802
-8836689.01145383,5412567.59959486,80777413,,2017,2017/05/06 04:00:00+00,1248,YONGE  ST,GOULD ST,,Major Arterial,Toronto and East York,1113,43.657344,-79.381328,Intersection,At Intersection,Traffic Signal,Clear,Daylight,Dry,Non-Fatal Injury,Cyclist Collisions,Driver,30 to 34,None,,South,"Automobile, Station Wagon",Going Ahead,Improper Passing,Normal,,,,,,,,Yes,Yes,,,,,,,Yes,,,,168,Downtown Yonge East,75,Church-Yonge Corridor (75),D51,1803