X,Y,INDEX_,ACCNUM,YEAR,DATE,TIME,STREET1,STREET2,OFFSET,ROAD_CLASS,DISTRICT,WARDNUM,LATITUDE,LONGITUDE,LOCCOORD,ACCLOC,TRAFFCTL,VISIBILITY,LIGHT,RDSFCOND,ACCLASS,IMPACTYPE,INVTYPE,INVAGE,INJURY,FATAL_NO,INITDIR,VEHTYPE,MANOEUVER,DRIVACT,DRIVCOND,PEDTYPE,PEDACT,PEDCOND,CYCLISTYPE,CYCACT,CYCCOND,PEDESTRIAN,CYCLIST,AUTOMOBILE,MOTORCYCLE,TRUCK,TRSN_CITY_VEH,EMERG_VEH,PASSENGER,SPEEDING,AG_DRIV,REDLIGHT,ALCOHOL,DISABILITY,HOOD_158,NEIGHBOURHOOD_158,HOOD_140,NEIGHBOURHOOD_140,DIVISION,ObjectId
-8838949.79899235,5410098.52704091,80239901,,2015,2015/05/28 04:00:00+00,1420,BATHURST ST,FRONT ST W,25 m South of,Major Arterial,Toronto and East York,10,43.641295,-79.401637,Mid-Block,Non Intersection,No Control,Clear,Daylight,Dry,Non-Fatal Injury,Cyclist Collisions,Cyclist,45 to 49,Major,,North,Bicycle,Going Ahead,,,,,,Insufficient information (to determine cyclist crash type).,Other,Had Been Drinking,,Yes,Yes,,,,,,,,,,,164,Wellington Place,77,Waterfront Communities-The Island (77),D14,1804
-8842017.54151963,5410482.32920969,81704798,2001909311,2022,2022/10/01 04:00:00+00,956,DUFFERIN ST,PEEL AVE,23 m North of,Minor Arterial,Toronto and East York,,43.64379,-79.429195,Intersection,At Intersection,No Control,Clear,Daylight,Dry,Non-Fatal Injury,Cyclist Collisions,Cyclist,30 to 34,Major,,South,Bicycle,Turning Left,,,,,,Cyclist turned left across motorists path.,Failed to Yield Right of Way,Inattentive,,Yes,Yes,,,,,,,,,,,84,Little Portugal,84,Little Portugal (84),D11,1805
-8838824.11928724,5415484.59842518,81450433,,2019,2019/10/05 04:00:00+00,1611,DUPONT ST,BEDFORD RD,,Minor Arterial,Toronto and East York,11,43.676299,-79.400508,Intersection,At Intersection,No Control,Clear,Daylight,Dry,Non-Fatal Injury,Cyclist Collisions,Driver,35 to 39,None,,West,"Automobile, Station Wagon",Turning Left,Other,Normal,,,,,,,,Yes,Yes,,,,,,,,,,,95,Annex,95,Annex (95),D53,1806
-8860224.84611429,5420881.35887473,80491927,,2015,2015/11/03 05:00:00+00,1755,HIGHWAY 27  N,VICE REGENT BLVD,,Major Arterial,Etobicoke York,1,43.711352,-79.592754,Intersection,Intersection Related,No Control,Clear,"Dark, artificial",Dry,Fatal,Cyclist Collisions,Driver,55 to 59,None,,South,"Automobile, Station Wagon",Going Ahead,Driving Properly,Normal,,,,,,,,Yes,Yes,,,,,,,,,,,1,West Humber-Clairville,1,West Humber-Clairville (1),D23,1807
-8838949.79899235,5410098.52704091,80239902,,2015,2015/05/28 04:00:00+00,1420,BATHURST ST,FRONT ST W,25 m South of,Major Arterial,Toronto and East York,10,43.641295,-79.401637,Mid-Block,Non Intersection,No Control,Clear,Daylight,Dry,Non-Fatal Injury,Cyclist Collisions,Driver,50 to 54,None,,South,"Automobile, Station Wagon",Going Ahead,Driving Properly,Normal,,,,,,,,Yes,Yes,,,,,,,,,,,164,Wellington Place,77,Waterfront Communities-The Island (77),D14,1808
-8838824.11928724,5415484.59842518,81450434,,2019,2019/10/05 04:00:00+00,1611,DUPONT ST,BEDFORD RD,,Minor Arterial,Toronto and East York,11,43.676299,-79.400508,Intersection,At Intersection,No Control,Clear,Daylight,Dry,Non-Fatal Injury,Cyclist Collisions,Cyclist,60 to 64,Major,,East,Bicycle,Going Ahead,,,,,,Motorist turned left across cyclists path.,Driving Properly,Normal,,Yes,Yes,,,,,,,,,,,95,Annex,95,Annex (95),D53,1809
-8830237.71300389,5436327.43546195,80900384,,2017,2017/11/30 05:00:00+00,1709,WARDEN  AVE,BAMBURGH  CRCL,,Major Arterial,Scarborough,22,43.811564,-79.323375,Intersection,At Intersection,Traffic Signal,Rain,Dusk,Wet,Non-Fatal Injury,Cyclist Collisions,Cyclist,60 to 64,Major,,South,Bicycle,Going Ahead,,,,,,Motorist turned left across cyclists path.,Disobeyed Traffic Control,Inattentive,,Yes,Yes,,,,,,,,,,,116,Steeles,116,Steeles (116),D42,1810
-8860224.84611429,5420881.35887473,80491928,,2015,2015/11/03 05:00:00+00,1755,HIGHWAY 27  N,VICE REGENT BLVD,,Major Arterial,Etobicoke York,1,43.711352,-79.592754,Intersection,Intersection Related,No Control,Clear,"Dark, artificial",Dry,Fatal,Cyclist Collisions,Driver,60 to 64,None,,South,"Automobile, Station Wagon",Going Ahead,Driving Properly,Normal,,,,,,,,Yes,Yes,,,,,,,,,,,1,West Humber-Clairville,1,West Humber-Clairville (1),D23,1811
-8844630.766566,5412547.5969795,80240055,,2015,2015/05/30 04:00:00+00,2,DUNDAS ST W,EDNA AVE,2 m North of,Minor Arterial,Toronto and East York,4,43.657214,-79.45267,Intersection,At Intersection,No Control,Clear,"Dark, artificial",Dry,Non-Fatal Injury,Cyclist Collisions,Cyclist,50 to 54,Major,,West,Bicycle,Going Ahead,,,,,,"Cyclist without ROW rides into path of motorist at inter, lnwy, dwy-Cyclist not turn.",Failed to Yield Right of Way,Normal,,Yes,Yes,,,,,,,,,,,88,High Park North,88,High Park North (88),D11,1812
-8828517.04763469,5415118.13399965,80159365,4002018320,2014,2014/05/05 04:00:00+00,1009,WOODBINE AVE,KINGSTON RD,,Major Arterial,Toronto and East York,19,43.673918,-79.307918,Intersection,At Intersection,Traffic Signal,Clear,Daylight,Dry,Non-Fatal Injury,Cyclist Collisions,Passenger,20 to 24,None,,,,,,,,,,,,,,Yes,Yes,,,,,Yes,,Yes,,,,63,The Beaches,63,The Beaches (63),D55,1813
-8830237.71300389,5436327.43546195,80900385,,2017,2017/11/30 05:00:00+00,1709,WARDEN  AVE,BAMBURGH  CRCL,,Major Arterial,Scarborough,22,43.811564,-79.323375,Intersection,At Intersection,Traffic Signal,Rain,Dusk,Wet,Non-Fatal Injury,Cyclist Collisions,Driver,60 to 64,None,,North,"Automobile, Station Wagon",Turning Left,Improper Turn,Inattentive,,,,,,,,Yes,Yes,,,,,,,,,,,116,Steeles,116,Steeles (116),D42,1814
-8832471.33858665,5424857.08485383,80255553,,2015,2015/11/08 05:00:00+00,2020,LAWRENCE AVE E,DON MILLS RD,,Major Arterial,North York,16,43.737162,-79.34344,Intersection,At Intersection,Traffic Signal,Clear,Dark,Dry,Non-Fatal Injury,Cyclist Collisions,Cyclist,15 to 19,Major,,East,Bicycle,Turning Left,,,,,,Cyclist turned left across motorists path.,Failed to Yield Right of Way,Unknown,,Yes,Yes,,,,,,,Yes,,,,42,Banbury-Don Mills,42,Banbury-Don Mills (42),D33,1815
-8841465.50816479,5415768.7299484,81453447,,2019,2019/10/10 04:00:00+00,1429,CHRISTIE ST,TYRREL AVE,,Minor Arterial,Toronto and East York,12,43.678145,-79.424236,Intersection,At Intersection,Stop Sign,Clear,Daylight,Dry,Non-Fatal Injury,Cyclist Collisions,Cyclist,30 to 34,Major,,East,Bicycle,Going Ahead,,,,,,,Failed to Yield Right of Way,Normal,,Yes,Yes,,,,,,,,,,,94,Wychwood,94,Wychwood (94),D13,1816
-8842017.54151963,5410482.32920969,81704799,2001909311,2022,2022/10/01 04:00:00+00,956,DUFFERIN ST,PEEL AVE,23 m North of,Minor Arterial,Toronto and East York,,43.64379,-79.429195,Intersection,At Intersection,No Control,Clear,Daylight,Dry,Non-Fatal Injury,Cyclist Collisions,Driver,40 to 44,None,,North,"Automobile, Station Wagon",Going Ahead,Driving Properly,Normal,,,,,,,,Yes,Yes,,,,,,,,,,,84,Little Portugal,84,Little Portugal (84),D11,1817
-8831166.00623761,5414010.97953514,80160036,4002062071,2014,2014/05/12 04:00:00+00,740,DUNDAS ST E,LESLIE ST,,Minor Arterial,Toronto and East York,14,43.666724,-79.331714,Intersection,At Intersection,Traffic Signal,Clear,Daylight,Dry,Non-Fatal Injury,Cyclist Collisions,Driver,35 to 39,None,,West,"Automobile, Station Wagon",Turning Right,Failed to Yield Right of Way,Normal,,,,,,,,Yes,Yes,,,,,Yes,,Yes,,,,70,South Riverdale,70,South Riverdale (70),D55,1818
-8844630.766566,5412547.5969795,80240056,,2015,2015/05/30 04:00:00+00,2,DUNDAS ST W,EDNA AVE,2 m North of,Minor Arterial,Toronto and East York,4,43.657214,-79.45267,Intersection,At Intersection,No Control,Clear,"Dark, artificial",Dry,Non-Fatal Injury,Cyclist Collisions,Driver,40 to 44,None,,North,"Automobile, Station Wagon",Going Ahead,Driving Properly,Normal,,,,,,,,Yes,Yes,,,,,,,,,,,88,High Park North,88,High Park North (88),D11,1819
-8830011.84575707,5436504.53131837,80937445,,2017,2017/12/15 05:00:00+00,757,BAMBURGH CRCL,FUNDY BAY  BLVD,50 m East of,Collector,Scarborough,22,43.812712,-79.321346,Mid-Block,Non Intersection,No Control,Clear,Daylight,Wet,Non-Fatal Injury,Cyclist Collisions,Driver,85 to 89,None,,North,"Automobile, Station Wagon",Going Ahead,Other,Normal,,,,,,,,Yes,Yes,,,,,,,,,,,116,Steeles,116,Steeles (116),D42,1820
-8851152.53025362,5406563.83541826,81667214,2001915767,2022,2022/10/02 04:00:00+00,810,EVANS AVE,ISLINGTON AVE,,Major Arterial,Etobicoke York,3,43.618312,-79.511256,Intersection,At Intersection,Traffic Signal,Clear,Daylight,Dry,Non-Fatal Injury,Cyclist Collisions,Driver,60 to 64,None,,West,"Automobile, Station Wagon",Turning Right,Improper Turn,Normal,,,,,,,,Yes,Yes,,,,,,,,,,,160,Mimico-Queensway,17,Mimico (includes Humber Bay Shores) (17),D22,1821
-8832471.33858665,5424857.08485383,80255554,,2015,2015/11/08 05:00:00+00,2020,LAWRENCE AVE E,DON MILLS RD,,Major Arterial,North York,16,43.737162,-79.34344,Intersection,At Intersection,Traffic Signal,Clear,Dark,Dry,Non-Fatal Injury,Cyclist Collisions,Driver,15 to 19,None,,West,"Automobile, Station Wagon",Going Ahead,Driving Properly,Normal,,,,,,,,Yes,Yes,,,,,,,Yes,,,,42,Banbury-Don Mills,42,Banbury-Don Mills (42),D33,1822
-8831166.00623761,5414010.97953514,80160037,4002062071,2014,2014/05/12 04:00:00+00,740,DUNDAS ST E,LESLIE ST,,Minor Arterial,Toronto and East York,14,43.666724,-79.331714,Intersection,At Intersection,Traffic Signal,Clear,Daylight,Dry,Non-Fatal Injury,Cyclist Collisions,Passenger,30 to 34,None,,,,,,,,,,,,,,Yes,Yes,,,,,Yes,,Yes,,,,70,South Riverdale,70,South Riverdale (70),D55,1823
-8839007.57380807,5422988.38812553,80240865,,2015,2015/06/07 04:00:00+00,1830,YONGE ST,LAWRENCE AVE E,,Major Arterial,North York,815,43.725032,-79.402156,Intersection,At Intersection,Traffic Signal,Clear,Daylight,Dry,Non-Fatal Injury,Cyclist Collisions,Cyclist,50 to 54,Major,,North,Bicycle,Going Ahead,,,,,,Cyclist and Driver travelling in same direction. One vehicle sideswipes the other.,Lost control,Normal,,Yes,,,,Yes,,,,,,,,103,Lawrence Park South,103,Lawrence Park South (103),D53,1824
-8830011.84575707,5436504.53131837,80937446,,2017,2017/12/15 05:00:00+00,757,BAMBURGH CRCL,FUNDY BAY  BLVD,50 m East of,Collector,Scarborough,22,43.812712,-79.321346,Mid-Block,Non Intersection,No Control,Clear,Daylight,Wet,Non-Fatal Injury,Cyclist Collisions,Cyclist,65 to 69,Major,,North,Bicycle,Going Ahead,,,,,,Cyclist and Driver travelling in same direction. One vehicle sideswipes the other.,Driving Properly,Unknown,,Yes,Yes,,,,,,,,,,,116,Steeles,116,Steeles (116),D42,1825
-8841465.50816479,5415768.7299484,81453448,,2019,2019/10/10 04:00:00+00,1429,CHRISTIE ST,TYRREL AVE,,Minor Arterial,Toronto and East York,12,43.678145,-79.424236,Intersection,At Intersection,Stop Sign,Clear,Daylight,Dry,Non-Fatal Injury,Cyclist Collisions,Driver,45 to 49,None,,North,"Automobile, Station Wagon",Going Ahead,Driving Properly,Normal,,,,,,,,Yes,Yes,,,,,,,,,,,94,Wychwood,94,Wychwood (94),D13,1826
-8825951.2446914,5435278.81389995,80255750,,2015,2015/11/10 05:00:00+00,950,DUNMAIL DR,BLUE EAGLE TRL,15 m West of,Local,Scarborough,23,43.804766,-79.284869,Intersection,Non Intersection,No Control,Clear,Daylight,Dry,Non-Fatal Injury,Cyclist Collisions,Driver,45 to 49,None,,West,"Automobile, Station Wagon",Making U Turn,Improper Turn,Inattentive,,,,,,,,Yes,Yes,,,,,,,,,,,129,Agincourt North,129,Agincourt North (129),D42,1827
-8831166.00623761,5414010.97953514,80160038,4002062071,2014,2014/05/12 04:00:00+00,740,DUNDAS ST E,LESLIE ST,,Minor Arterial,Toronto and East York,14,43.666724,-79.331714,Intersection,At Intersection,Traffic Signal,Clear,Daylight,Dry,Non-Fatal Injury,Cyclist Collisions,Passenger,5 to 9,None,,,,,,,,,,,,,,Yes,Yes,,,,,Yes,,Yes,,,,70,South Riverdale,70,South Riverdale (70),D55,1828
-8851152.53025362,5406563.83541826,81667215,2001915767,2022,2022/10/02 04:00:00+00,810,EVANS AVE,ISLINGTON AVE,,Major Arterial,Etobicoke York,3,43.618312,-79.511256,Intersection,At Intersection,Traffic Signal,Clear,Daylight,Dry,Non-Fatal Injury,Cyclist Collisions,Cyclist,35 to 39,Major,,South,Bicycle,Going Ahead,,,,,,Motorist turning right on red at signalized intersection strikes cyclist.,Other,Normal,,Yes,Yes,,,,,,,,,,,160,Mimico-Queensway,17,Mimico (includes Humber Bay Shores) (17),D22,1829
-8841620.1309375,5413281.41357793,81706055,2002070997,2022,2022/10/24 04:00:00+00,1715,BLOOR ST W,OSSINGTON AV,2 m North of,Major Arterial,Toronto and East York,911,43.661983,-79.425625,Intersection,At Intersection,Traffic Signal,Clear,Daylight,Dry,Non-Fatal Injury,Cyclist Collisions,Driver,20 to 24,None,,West,"Automobile, Station Wagon",Turning Left,Disobeyed Traffic Control,Inattentive,,,,,,,,Yes,Yes,,,,,,,Yes,Yes,,,80,Palmerston-Little Italy,80,Palmerston-Little Italy (80),D14,1830
-8825951.2446914,5435278.81389995,80255751,,2015,2015/11/10 05:00:00+00,950,DUNMAIL DR,BLUE EAGLE TRL,15 m West of,Local,Scarborough,23,43.804766,-79.284869,Intersection,Non Intersection,No Control,Clear,Daylight,Dry,Non-Fatal Injury,Cyclist Collisions,Cyclist,55 to 59,Major,,West,Bicycle,Going Ahead,,,,,,Motorist turning right on red at signalized intersection strikes cyclist.,Driving Properly,Normal,,Yes,Yes,,,,,,,,,,,129,Agincourt North,129,Agincourt North (129),D42,1831
-8831166.00623761,5414010.97953514,80160039,4002062071,2014,2014/05/12 04:00:00+00,740,DUNDAS ST E,LESLIE ST,,Minor Arterial,Toronto and East York,14,43.666724,-79.331714,Intersection,At Intersection,Traffic Signal,Clear,Daylight,Dry,Non-Fatal Injury,Cyclist Collisions,Passenger,0 to 4,None,,,,,,,,,,,,,,Yes,Yes,,,,,Yes,,Yes,,,,70,South Riverdale,70,South Riverdale (70),D55,1832
-8841290.51392526,5412103.24235276,80790888,,2017,2017/12/20 05:00:00+00,1139,COLLEGE ST,OSSINGTON AVE,,Major Arterial,Toronto and East York,911,43.654326,-79.422664,Intersection,At Intersection,Traffic Signal,Other,Daylight,Other,Fatal,Cyclist Collisions,Cyclist,45 to 49,Fatal,60,West,Bicycle,Other,,,,,,Insufficient information (to determine cyclist crash type).,Driving Properly,Other,,Yes,,,Yes,,,,,,,,,81,Trinity-Bellwoods,81,Trinity-Bellwoods (81),D14,1833
-8829646.60650778,5415416.41431682,81450192,,2019,2019/10/15 04:00:00+00,2216,GERRARD ST E,WEMBLEY DR,,Minor Arterial,Toronto and East York,19,43.675856,-79.318065,Intersection,At Intersection,No Control,Clear,"Dark, artificial",Dry,Non-Fatal Injury,Cyclist Collisions,Driver,55 to 59,None,,East,"Automobile, Station Wagon",Turning Left,Improper Turn,Inattentive,,,,,,,,Yes,Yes,,,,,,,,,,,64,Woodbine Corridor,64,Woodbine Corridor (64),D55,1834
-8841620.1309375,5413281.41357793,81706056,2002070997,2022,2022/10/24 04:00:00+00,1715,BLOOR ST W,OSSINGTON AV,2 m North of,Major Arterial,Toronto and East York,911,43.661983,-79.425625,Intersection,At Intersection,Traffic Signal,Clear,Daylight,Dry,Non-Fatal Injury,Cyclist Collisions,Cyclist,20 to 24,Major,,East,Bicycle,Going Ahead,,,,,,,Driving Properly,Normal,,Yes,Yes,,,,,,,Yes,Yes,,,80,Palmerston-Little Italy,80,Palmerston-Little Italy (80),D14,1835
-8829646.60650778,5415416.41431682,81450193,,2019,2019/10/15 04:00:00+00,2216,GERRARD ST E,WEMBLEY DR,,Minor Arterial,Toronto and East York,19,43.675856,-79.318065,Intersection,At Intersection,No Control,Clear,"Dark, artificial",Dry,Non-Fatal Injury,Cyclist Collisions,Cyclist,30 to 34,Major,,West,Bicycle,Going Ahead,,,,,,Motorist turned left across cyclists path.,Driving Properly,Normal,,Yes,Yes,,,,,,,,,,,64,Woodbine Corridor,64,Woodbine Corridor (64),D55,1836
-8831166.00623761,5414010.97953514,80160040,4002062071,2014,2014/05/12 04:00:00+00,740,DUNDAS ST E,LESLIE ST,,Minor Arterial,Toronto and East York,14,43.666724,-79.331714,Intersection,At Intersection,Traffic Signal,Clear,Daylight,Dry,Non-Fatal Injury,Cyclist Collisions,Cyclist,40 to 44,Major,,West,Bicycle,Going Ahead,,,,,,Motorist turning right on green or amber at signalized intersection strikes cyclist.,Driving Properly,Normal,,Yes,Yes,,,,,Yes,,Yes,,,,70,South Riverdale,70,South Riverdale (70),D55,1837
-8842288.38184073,5413067.06355479,81667848,2002100036,2022,2022/10/28 04:00:00+00,1548,BLOOR ST W,SALEM AVE,,Major Arterial,Toronto and East York,,43.66059,-79.431628,Intersection,At Intersection,No Control,Clear,Daylight,Dry,Non-Fatal Injury,Cyclist Collisions,Driver,55 to 59,Major,,East,"Automobile, Station Wagon",Turning Left,Failed to Yield Right of Way,Inattentive,,,,,,,,Yes,Yes,,,,,,,Yes,,,,83,Dufferin Grove,83,Dufferin Grove (83),D14,1838
-8844340.33401452,5411273.36576358,80257195,,2015,2015/11/27 05:00:00+00,830,RONCESVALLES AVE,GRENADIER RD,5 m North of,Minor Arterial,Toronto and East York,4,43.648932,-79.450061,Intersection,Non Intersection,No Control,Clear,Daylight,Dry,Non-Fatal Injury,Cyclist Collisions,Driver,35 to 39,None,,North,"Automobile, Station Wagon",Pulling Onto Shoulder or towardCurb,Failed to Yield Right of Way,Normal,,,,,,,,Yes,Yes,,,,,,,Yes,,,,86,Roncesvalles,86,Roncesvalles (86),D11,1839
-8839867.07159649,5432784.38247837,81452948,,2019,2019/10/25 04:00:00+00,2028,CUMMER AVE,WILLOWDALE AVE,,Minor Arterial,North York,18,43.788592,-79.409877,Intersection,At Intersection,Traffic Signal,Clear,"Dark, artificial",Dry,Non-Fatal Injury,Cyclist Collisions,Driver,60 to 64,None,,West,"Automobile, Station Wagon",Turning Left,Failed to Yield Right of Way,Unknown,,,,,,,,Yes,Yes,,,,,,,Yes,,,,50,Newtonbrook East,50,Newtonbrook East (50),D32,1840
-8834498.68915298,5428427.14755835,80161523,4002159560,2014,2014/05/26 04:00:00+00,2322,1999 LESLIE ST,,,Major Arterial,North York,1516,43.760329,-79.361652,Mid-Block,Non Intersection,No Control,Clear,"Dark, artificial",Dry,Non-Fatal Injury,Cyclist Collisions,Cyclist,50 to 54,Major,,North,Bicycle,Going Ahead,,,,,,Cyclist and Driver travelling in same direction. One vehicle rear-ended the other.,Driving Properly,Normal,,Yes,,,,,,,,Yes,,,,40,St.Andrew-Windfields,40,St.Andrew-Windfields (40),D33,1841
-8842288.38184073,5413067.06355479,81667849,2002100036,2022,2022/10/28 04:00:00+00,1548,BLOOR ST W,SALEM AVE,,Major Arterial,Toronto and East York,,43.66059,-79.431628,Intersection,At Intersection,No Control,Clear,Daylight,Dry,Non-Fatal Injury,Cyclist Collisions,Cyclist,40 to 44,Minor,,West,Bicycle,Going Ahead,,,,,,Motorist turned left across cyclists path.,Driving Properly,Normal,,Yes,Yes,,,,,,,Yes,,,,83,Dufferin Grove,83,Dufferin Grove (83),D14,1842
-8844340.33401452,5411273.36576358,80257196,,2015,2015/11/27 05:00:00+00,830,RONCESVALLES AVE,GRENADIER RD,5 m North of,Minor Arterial,Toronto and East York,4,43.648932,-79.450061,Intersection,Non Intersection,No Control,Clear,Daylight,Dry,Non-Fatal Injury,Cyclist Collisions,Cyclist,15 to 19,Major,,North,Bicycle,Going Ahead,,,,,,Cyclist and Driver travelling in same direction. One vehicle sideswipes the other.,Driving Properly,Normal,,Yes,Yes,,,,,,,Yes,,,,86,Roncesvalles,86,Roncesvalles (86),D11,1843
-8834498.68915298,5428427.14755835,80161524,4002159560,2014,2014/05/26 04:00:00+00,2322,1999 LESLIE ST,,,Major Arterial,North York,1516,43.760329,-79.361652,Mid-Block,Non Intersection,No Control,Clear,"Dark, artificial",Dry,Non-Fatal Injury,Cyclist Collisions,Driver,unknown,None,,North,,Going Ahead,Following too Close,Unknown,,,,,,,,Yes,,,,,,,,Yes,,,,40,St.Andrew-Windfields,40,St.Andrew-Windfields (40),D33,1844
-8838718.81104895,5426025.63629729,81673538,2002133919,2022,2022/11/02 04:00:00+00,1127,YORK MILLS RD,OLD YONGE ST,,Major Arterial,North York,15,43.744746,-79.399562,Intersection,At Intersection,No Control,Clear,"Daylight, artificial",Dry,Non-Fatal Injury,Cyclist Collisions,Driver,65 to 69,None,,East,"Automobile, Station Wagon",Turning Right,Improper Turn,Inattentive,,,,,,,,Yes,Yes,,,,,,,,,,,41,Bridle Path-Sunnybrook-York Mills,41,Bridle Path-Sunnybrook-York Mills (41),D32,1845
-8839867.07159649,5432784.38247837,81452949,,2019,2019/10/25 04:00:00+00,2028,CUMMER AVE,WILLOWDALE AVE,,Minor Arterial,North York,18,43.788592,-79.409877,Intersection,At Intersection,Traffic Signal,Clear,"Dark, artificial",Dry,Non-Fatal Injury,Cyclist Collisions,Cyclist,20 to 24,Major,,East,Bicycle,Going Ahead,,,,,,,Driving Properly,Normal,,Yes,Yes,,,,,,,Yes,,,,50,Newtonbrook East,50,Newtonbrook East (50),D32,1846
-8839298.00635955,5414353.23830394,80494517,,2015,2015/12/08 05:00:00+00,2115,LOWTHER AVE,SPADINA RD,5 m South of,Minor Arterial,Toronto and East York,11,43.668948,-79.404765,Intersection,Intersection Related,Traffic Signal,Rain,"Dark, artificial",Wet,Non-Fatal Injury,Cyclist Collisions,Cyclist,20 to 24,Major,,North,Bicycle,Turning Left,,,,,,Cyclist turned left across motorists path.,Improper Turn,Normal,,Yes,Yes,,,,,Yes,,,,,,95,Annex,95,Annex (95),D53,1847
-8838718.81104895,5426025.63629729,81673539,2002133919,2022,2022/11/02 04:00:00+00,1127,YORK MILLS RD,OLD YONGE ST,,Major Arterial,North York,15,43.744746,-79.399562,Intersection,At Intersection,No Control,Clear,"Daylight, artificial",Dry,Non-Fatal Injury,Cyclist Collisions,Cyclist,65 to 69,Major,,West,Bicycle,Going Ahead,,,,,,Motorist turned left across cyclists path.,Driving Properly,Normal,,Yes,Yes,,,,,,,,,,,41,Bridle Path-Sunnybrook-York Mills,41,Bridle Path-Sunnybrook-York Mills (41),D32,1848
-8831594.92023564,5414388.48059693,81457376,,2019,2019/11/01 04:00:00+00,1941,GERRARD ST E,JONES AVE,,Minor Arterial,Toronto and East York,14,43.669177,-79.335567,Intersection,At Intersection,Traffic Signal,Clear,"Dark, artificial",Dry,Non-Fatal Injury,Cyclist Collisions,Cyclist,40 to 44,Major,,South,Bicycle,Going Ahead,,,,,,"Cyclist without ROW rides into path of motorist at inter, lnwy, dwy-Cyclist not turn.",Disobeyed Traffic Control,Unknown,,Yes,Yes,,,,,Yes,,,,,,70,South Riverdale,70,South Riverdale (70),D55,1849
-8852992.19615847,5430549.93040421,80161544,4002160939,2014,2014/05/27 04:00:00+00,755,STEELES AVE W,PETER KAISER GT,,Major Arterial,Etobicoke York,7,43.7741,-79.527782,Mid-Block,Non Intersection,No Control,Clear,Daylight,Dry,Non-Fatal Injury,Cyclist Collisions,Driver,50 to 54,None,,East,"Automobile, Station Wagon",Changing Lanes,Improper Lane Change,Normal,,,,,,,,Yes,Yes,,,,,,,,,,,24,Black Creek,24,Black Creek (24),D31,1850
-8839298.00635955,5414353.23830394,80494518,,2015,2015/12/08 05:00:00+00,2115,LOWTHER AVE,SPADINA RD,5 m South of,Minor Arterial,Toronto and East York,11,43.668948,-79.404765,Intersection,Intersection Related,Traffic Signal,Rain,"Dark, artificial",Wet,Non-Fatal Injury,Cyclist Collisions,Driver,50 to 54,None,,South,"Automobile, Station Wagon",Going Ahead,Driving Properly,Normal,,,,,,,,Yes,Yes,,,,,Yes,,,,,,95,Annex,95,Annex (95),D53,1851
-8841155.48338293,5412152.63112924,81687350,2002188340,2022,2022/11/09 05:00:00+00,1812,COLLEGE ST,ROXTON RD,1 m West of,Major Arterial,Toronto and East York,11,43.654647,-79.421451,Intersection,At Intersection,No Control,Clear,"Dark, artificial",Dry,Non-Fatal Injury,Cyclist Collisions,Cyclist,25 to 29,Major,,West,Bicycle,Turning Left,,,,,,Cyclist turned left across motorists path.,Improper Turn,Inattentive,,Yes,Yes,,,,,,,,,,,81,Trinity-Bellwoods,81,Trinity-Bellwoods (81),D14,1852
-8852992.19615847,5430549.93040421,80161545,4002160939,2014,2014/05/27 04:00:00+00,755,STEELES AVE W,PETER KAISER GT,,Major Arterial,Etobicoke York,7,43.7741,-79.527782,Mid-Block,Non Intersection,No Control,Clear,Daylight,Dry,Non-Fatal Injury,Cyclist Collisions,Cyclist,45 to 49,Major,,East,Bicycle,Going Ahead,,,,,,Cyclist and Driver travelling in same direction. One vehicle sideswipes the other.,Driving Properly,Normal,,Yes,Yes,,,,,,,,,,,24,Black Creek,24,Black Creek (24),D31,1853
-8831594.92023564,5414388.48059693,81457377,,2019,2019/11/01 04:00:00+00,1941,GERRARD ST E,JONES AVE,,Minor Arterial,Toronto and East York,14,43.669177,-79.335567,Intersection,At Intersection,Traffic Signal,Clear,"Dark, artificial",Dry,Non-Fatal Injury,Cyclist Collisions,Driver,35 to 39,None,,East,"Automobile, Station Wagon",Going Ahead,Driving Properly,Unknown,,,,,,,,Yes,Yes,,,,,Yes,,,,,,70,South Riverdale,70,South Riverdale (70),D55,1854
-8841155.48338293,5412152.63112924,81687351,2002188340,2022,2022/11/09 05:00:00+00,1812,COLLEGE ST,ROXTON RD,1 m West of,Major Arterial,Toronto and East York,11,43.654647,-79.421451,Intersection,At Intersection,No Control,Clear,"Dark, artificial",Dry,Non-Fatal Injury,Cyclist Collisions,Driver,15 to 19,None,,West,"Automobile, Station Wagon",Going Ahead,Driving Properly,Normal,,,,,,,,Yes,Yes,,,,,,,,,,,81,Trinity-Bellwoods,81,Trinity-Bellwoods (81),D14,1855