X,Y,INDEX_,ACCNUM,YEAR,DATE,TIME,STREET1,STREET2,OFFSET,ROAD_CLASS,DISTRICT,WARDNUM,LATITUDE,LONGITUDE,LOCCOORD,ACCLOC,TRAFFCTL,VISIBILITY,LIGHT,RDSFCOND,ACCLASS,IMPACTYPE,INVTYPE,INVAGE,INJURY,FATAL_NO,INITDIR,VEHTYPE,MANOEUVER,DRIVACT,DRIVCOND,PEDTYPE,PEDACT,PEDCOND,CYCLISTYPE,CYCACT,CYCCOND,PEDESTRIAN,CYCLIST,AUTOMOBILE,MOTORCYCLE,TRUCK,TRSN_CITY_VEH,EMERG_VEH,PASSENGER,SPEEDING,AG_DRIV,REDLIGHT,ALCOHOL,DISABILITY,HOOD_158,NEIGHBOURHOOD_158,HOOD_140,NEIGHBOURHOOD_140,DIVISION,ObjectId
-8836850.31339599,5410302.80933741,80161719,4002168339,2014,2014/05/28 04:00:00+00,837,BREMNER BLVD,GRAND TRUNK CRES,,Minor Arterial,Toronto and East York,10,43.642623,-79.382777,Intersection,Non Intersection,No Control,Clear,Daylight,Dry,Non-Fatal Injury,Cyclist Collisions,Driver,65 to 69,Major,,East,"Automobile, Station Wagon",Going Ahead,Improper Passing,Normal,,,,,,,,Yes,Yes,,,,,,,Yes,,,,165,Harbourfront-CityPlace,77,Waterfront Communities-The Island (77),D52,1856
-8839298.00635955,5414353.23830394,80494519,,2015,2015/12/08 05:00:00+00,2115,LOWTHER AVE,SPADINA RD,5 m South of,Minor Arterial,Toronto and East York,11,43.668948,-79.404765,Intersection,Intersection Related,Traffic Signal,Rain,"Dark, artificial",Wet,Non-Fatal Injury,Cyclist Collisions,Passenger,15 to 19,None,,,,,,,,,,,,,,Yes,Yes,,,,,Yes,,,,,,95,Annex,95,Annex (95),D53,1857
-8831594.92023564,5414388.48059693,81457378,,2019,2019/11/01 04:00:00+00,1941,GERRARD ST E,JONES AVE,,Minor Arterial,Toronto and East York,14,43.669177,-79.335567,Intersection,At Intersection,Traffic Signal,Clear,"Dark, artificial",Dry,Non-Fatal Injury,Cyclist Collisions,Passenger,60 to 64,None,,,,,,,,,,,,,,Yes,Yes,,,,,Yes,,,,,,70,South Riverdale,70,South Riverdale (70),D55,1858
-8836850.31339599,5410302.80933741,80161720,4002168339,2014,2014/05/28 04:00:00+00,837,BREMNER BLVD,GRAND TRUNK CRES,,Minor Arterial,Toronto and East York,10,43.642623,-79.382777,Intersection,Non Intersection,No Control,Clear,Daylight,Dry,Non-Fatal Injury,Cyclist Collisions,Cyclist,50 to 54,Major,,East,Bicycle,Going Ahead,,,,,,Cyclist and Driver travelling in same direction. One vehicle rear-ended the other.,Driving Properly,Normal,,Yes,Yes,,,,,,,Yes,,,,165,Harbourfront-CityPlace,77,Waterfront Communities-The Island (77),D52,1859
-8839298.00635955,5414353.23830394,80494520,,2015,2015/12/08 05:00:00+00,2115,LOWTHER AVE,SPADINA RD,5 m South of,Minor Arterial,Toronto and East York,11,43.668948,-79.404765,Intersection,Intersection Related,Traffic Signal,Rain,"Dark, artificial",Wet,Non-Fatal Injury,Cyclist Collisions,Passenger,10 to 14,None,,,,,,,,,,,,,,Yes,Yes,,,,,Yes,,,,,,95,Annex,95,Annex (95),D53,1860
-8831594.92023564,5414388.48059693,81457379,,2019,2019/11/01 04:00:00+00,1941,GERRARD ST E,JONES AVE,,Minor Arterial,Toronto and East York,14,43.669177,-79.335567,Intersection,At Intersection,Traffic Signal,Clear,"Dark, artificial",Dry,Non-Fatal Injury,Cyclist Collisions,Passenger,20 to 24,None,,,,,,,,,,,,,,Yes,Yes,,,,,Yes,,,,,,70,South Riverdale,70,South Riverdale (70),D55,1861
-8843461.35531522,5410355.57274265,81680183,2002216061,2022,2022/11/13 05:00:00+00,1838,PEARSON AV,SORAUREN AV,,Collector,Toronto and East York,,43.642966,-79.442165,Intersection,At Intersection,Stop Sign,Clear,"Dusk, artificial",Dry,Non-Fatal Injury,Cyclist Collisions,Driver,65 to 69,None,,East,"Automobile, Station Wagon",Going Ahead,Failed to Yield Right of Way,Inattentive,,,,,,,,Yes,Yes,,,,,,,Yes,,,,86,Roncesvalles,86,Roncesvalles (86),D11,1862
-8837648.69678396,5410457.71616745,81408981,,2019,2019/11/06 05:00:00+00,1732,FRONT ST W,WINDSOR ST,28 m East of,Minor Arterial,Toronto and East York,10,43.64363,-79.389949,Intersection,At/Near Private Drive,No Control,Clear,"Dark, artificial",Wet,Non-Fatal Injury,Cyclist Collisions,Driver,40 to 44,None,,South,"Automobile, Station Wagon",Turning Left,Failed to Yield Right of Way,Inattentive,,,,,,,,Yes,Yes,,,,,,,Yes,,,,165,Harbourfront-CityPlace,77,Waterfront Communities-The Island (77),D52,1863
-8846498.37366304,5413816.61790321,80162397,4002199584,2014,2014/06/01 04:00:00+00,1822,DUNDAS ST W,PACIFIC AVE,,Major Arterial,Toronto and East York,4,43.665461,-79.469447,Mid-Block,Non Intersection,No Control,Clear,Daylight,Dry,Non-Fatal Injury,Cyclist Collisions,Driver,60 to 64,None,,West,"Automobile, Station Wagon",Going Ahead,Driving Properly,Normal,,,,,,,,Yes,Yes,,,,,,,,,,,90,Junction Area,90,Junction Area (90),D11,1864
-8843461.35531522,5410355.57274265,81680184,2002216061,2022,2022/11/13 05:00:00+00,1838,PEARSON AV,SORAUREN AV,,Collector,Toronto and East York,,43.642966,-79.442165,Intersection,At Intersection,Stop Sign,Clear,"Dusk, artificial",Dry,Non-Fatal Injury,Cyclist Collisions,Cyclist,25 to 29,Major,,South,Bicycle,Going Ahead,,,,,,"Motorist without ROW drives into path of cyclist at inter, lnwy, dwy-Driver not turn.",Driving Properly,Normal,,Yes,Yes,,,,,,,Yes,,,,86,Roncesvalles,86,Roncesvalles (86),D11,1865
-8837648.69678396,5410457.71616745,81408982,,2019,2019/11/06 05:00:00+00,1732,FRONT ST W,WINDSOR ST,28 m East of,Minor Arterial,Toronto and East York,10,43.64363,-79.389949,Intersection,At/Near Private Drive,No Control,Clear,"Dark, artificial",Wet,Non-Fatal Injury,Cyclist Collisions,Cyclist,50 to 54,Major,,West,Bicycle,Going Ahead,,,,,,Motorist turned left across cyclists path.,Driving Properly,Normal,,Yes,Yes,,,,,,,Yes,,,,165,Harbourfront-CityPlace,77,Waterfront Communities-The Island (77),D52,1866
-8845279.64787784,5411610.90761205,80494905,,2015,2015/12/13 05:00:00+00,1556,PARKSIDE DR,INDIAN VALLEY CRES,,Major Arterial,Toronto and East York,4,43.651126,-79.458499,Intersection,At Intersection,Traffic Signal,Rain,Daylight,Wet,Non-Fatal Injury,Cyclist Collisions,Driver,35 to 39,None,,South,"Automobile, Station Wagon",Going Ahead,Following too Close,Normal,,,,,,,,Yes,Yes,,,,,Yes,,Yes,,,,87,High Park-Swansea,87,High Park-Swansea (87),D11,1867
-8846498.37366304,5413816.61790321,80162398,4002199584,2014,2014/06/01 04:00:00+00,1822,DUNDAS ST W,PACIFIC AVE,,Major Arterial,Toronto and East York,4,43.665461,-79.469447,Mid-Block,Non Intersection,No Control,Clear,Daylight,Dry,Non-Fatal Injury,Cyclist Collisions,Other,unknown,,,,,,,,,,,,,,,Yes,Yes,,,,,,,,,,,90,Junction Area,90,Junction Area (90),D11,1868
-8833461.63677675,5431859.05132316,81450569,,2019,2019/11/07 05:00:00+00,710,DON MILLS RD W,GOODVIEW RD,168 m South of,Major Arterial,North York,17,43.782591,-79.352336,Mid-Block,At/Near Private Drive,No Control,Clear,"Dawn, artificial",Wet,Non-Fatal Injury,Cyclist Collisions,Cyclist,75 to 79,Major,,South,Bicycle,Changing Lanes,,,,,,Cyclist and Driver travelling in same direction. One vehicle sideswipes the other.,Improper Lane Change,Inattentive,,Yes,Yes,,,,,,,,,,,47,Don Valley Village,47,Don Valley Village (47),D33,1869
-8845279.64787784,5411610.90761205,80494906,,2015,2015/12/13 05:00:00+00,1556,PARKSIDE DR,INDIAN VALLEY CRES,,Major Arterial,Toronto and East York,4,43.651126,-79.458499,Intersection,At Intersection,Traffic Signal,Rain,Daylight,Wet,Non-Fatal Injury,Cyclist Collisions,Cyclist,25 to 29,Major,,South,Bicycle,Stopped,,,,,,Cyclist and Driver travelling in same direction. One vehicle rear-ended the other.,Driving Properly,Normal,,Yes,Yes,,,,,Yes,,Yes,,,,87,High Park-Swansea,87,High Park-Swansea (87),D11,1870
-8809570.02502372,5435130.58502762,81680026,2002271976,2022,2022/11/21 05:00:00+00,1609,KINGSTON RD,SHEPPARD AVE E,1 m East of,Major Arterial,Scarborough,25,43.803805,-79.137714,Mid-Block,Non Intersection,No Control,Clear,Daylight,Dry,Non-Fatal Injury,Cyclist Collisions,Driver,70 to 74,None,,West,"Automobile, Station Wagon",Going Ahead,Improper Passing,Inattentive,,,,,,,,Yes,Yes,,,,,,,Yes,,,,143,West Rouge,131,Rouge (131),D42,1871
-8846498.37366304,5413816.61790321,80162399,4002199584,2014,2014/06/01 04:00:00+00,1822,DUNDAS ST W,PACIFIC AVE,,Major Arterial,Toronto and East York,4,43.665461,-79.469447,Mid-Block,Non Intersection,No Control,Clear,Daylight,Dry,Non-Fatal Injury,Cyclist Collisions,Cyclist,45 to 49,Major,,West,Bicycle,Going Ahead,,,,,,Cyclist and Driver travelling in same direction. One vehicle rear-ended the other.,Lost control,Normal,,Yes,Yes,,,,,,,,,,,90,Junction Area,90,Junction Area (90),D11,1872
-8809570.02502372,5435130.58502762,81680027,2002271976,2022,2022/11/21 05:00:00+00,1609,KINGSTON RD,SHEPPARD AVE E,1 m East of,Major Arterial,Scarborough,25,43.803805,-79.137714,Mid-Block,Non Intersection,No Control,Clear,Daylight,Dry,Non-Fatal Injury,Cyclist Collisions,Cyclist,55 to 59,Major,,West,Bicycle,Going Ahead,,,,,,Cyclist and Driver travelling in same direction. One vehicle rear-ended the other.,Driving Properly,Normal,,Yes,Yes,,,,,,,Yes,,,,143,West Rouge,131,Rouge (131),D42,1873
-8856894.72354721,5426933.89283474,80163970,4002291464,2014,2014/06/14 04:00:00+00,1930,92 DUNCANWOODS DR,,,Collector,Etobicoke York,7,43.75064,-79.562839,Mid-Block,At/Near Private Drive,No Control,Clear,Daylight,Dry,Non-Fatal Injury,Cyclist Collisions,Driver,75 to 79,None,,North,"Automobile, Station Wagon",Going Ahead,Failed to Yield Right of Way,Inattentive,,,,,,,,Yes,Yes,,,,,,,Yes,,,,21,Humber Summit,21,Humber Summit (21),D31,1874
-8856894.72354721,5426933.89283474,80163971,4002291464,2014,2014/06/14 04:00:00+00,1930,92 DUNCANWOODS DR,,,Collector,Etobicoke York,7,43.75064,-79.562839,Mid-Block,At/Near Private Drive,No Control,Clear,Daylight,Dry,Non-Fatal Injury,Cyclist Collisions,Cyclist,5 to 9,Major,,West,Bicycle,Going Ahead,,,,,,"Motorist without ROW drives into path of cyclist at inter, lnwy, dwy-Driver not turn.",Driving Properly,Normal,,Yes,Yes,,,,,,,Yes,,,,21,Humber Summit,21,Humber Summit (21),D31,1875
-8845279.64787784,5411610.90761205,80494907,,2015,2015/12/13 05:00:00+00,1556,PARKSIDE DR,INDIAN VALLEY CRES,,Major Arterial,Toronto and East York,4,43.651126,-79.458499,Intersection,At Intersection,Traffic Signal,Rain,Daylight,Wet,Non-Fatal Injury,Cyclist Collisions,Passenger,10 to 14,None,,,,,,,,,,,,,,Yes,Yes,,,,,Yes,,Yes,,,,87,High Park-Swansea,87,High Park-Swansea (87),D11,1876
-8833461.63677675,5431859.05132316,81450570,,2019,2019/11/07 05:00:00+00,710,DON MILLS RD W,GOODVIEW RD,168 m South of,Major Arterial,North York,17,43.782591,-79.352336,Mid-Block,At/Near Private Drive,No Control,Clear,"Dawn, artificial",Wet,Non-Fatal Injury,Cyclist Collisions,Driver,35 to 39,None,,South,"Automobile, Station Wagon",Going Ahead,Driving Properly,Normal,,,,,,,,Yes,Yes,,,,,,,,,,,47,Don Valley Village,47,Don Valley Village (47),D33,1877
-8845279.64787784,5411610.90761205,80494908,,2015,2015/12/13 05:00:00+00,1556,PARKSIDE DR,INDIAN VALLEY CRES,,Major Arterial,Toronto and East York,4,43.651126,-79.458499,Intersection,At Intersection,Traffic Signal,Rain,Daylight,Wet,Non-Fatal Injury,Cyclist Collisions,Passenger,10 to 14,None,,,,,,,,,,,,,,Yes,Yes,,,,,Yes,,Yes,,,,87,High Park-Swansea,87,High Park-Swansea (87),D11,1878
-8838110.67267075,5417287.2733139,81679976,2002286735,2022,2022/11/23 05:00:00+00,1627,ST CLAIR AVE E,YONGE ST,,Major Arterial,Scarborough,12,43.68801,-79.394099,Intersection,At Intersection,Traffic Signal,Clear,Daylight,Dry,Fatal,Cyclist Collisions,Cyclist,20 to 24,Fatal,48,East,Bicycle,,,,,,,Motorist turning right on green or amber at signalized intersection strikes cyclist.,Driving Properly,Normal,,Yes,Yes,,,,,,,Yes,,,,98,Rosedale-Moore Park,98,Rosedale-Moore Park (98),D53,1879
-8824205.08715882,5436324.50446161,81338621,,2019,2019/11/21 05:00:00+00,1340,MCCOWAN RD,SANDHURST CRCL,,Major Arterial,Scarborough,,43.811545,-79.269183,Intersection,At Intersection,Traffic Signal,Clear,Daylight,Wet,Fatal,Cyclist Collisions,Cyclist,65 to 69,Fatal,57,South,Bicycle,,,,,,,"Cyclist without ROW rides into path of motorist at inter, lnwy, dwy-Cyclist not turn.",Disobeyed Traffic Control,Normal,,Yes,Yes,,,,,,,,,,,129,Agincourt North,129,Agincourt North (129),D42,1880
-8838110.67267075,5417287.2733139,81679980,2002286735,2022,2022/11/23 05:00:00+00,1627,ST CLAIR AVE E,YONGE ST,,Major Arterial,Scarborough,12,43.68801,-79.394099,Intersection,At Intersection,Traffic Signal,Clear,Daylight,Dry,Fatal,Cyclist Collisions,Driver,60 to 64,None,,West,Pick Up Truck,Turning Right,Failed to Yield Right of Way,Normal,,,,,,,,Yes,Yes,,,,,,,Yes,,,,98,Rosedale-Moore Park,98,Rosedale-Moore Park (98),D53,1881
-8824205.08715882,5436324.50446161,81338622,,2019,2019/11/21 05:00:00+00,1340,MCCOWAN RD,SANDHURST CRCL,,Major Arterial,Scarborough,,43.811545,-79.269183,Intersection,At Intersection,Traffic Signal,Clear,Daylight,Wet,Fatal,Cyclist Collisions,Driver,80 to 84,None,,South,"Automobile, Station Wagon",Turning Right,Driving Properly,Unknown,,,,,,,,Yes,Yes,,,,,,,,,,,129,Agincourt North,129,Agincourt North (129),D42,1882
-8837794.74795588,5410424.1810029,81705321,2002373908,2022,2022/12/01 05:00:00+00,2130,BLUE JAYS WY,FRONT ST W,,Minor Arterial,Toronto and East York,10,43.643412,-79.391261,Intersection,At Intersection,Traffic Signal,Clear,Dark,Dry,Non-Fatal Injury,Cyclist Collisions,Driver,unknown,None,,West,"Automobile, Station Wagon",Going Ahead,Disobeyed Traffic Control,Unknown,,,,,,,,Yes,Yes,,,,,,,Yes,Yes,,,165,Harbourfront-CityPlace,77,Waterfront Communities-The Island (77),D52,1883
-8852574.30279003,5421814.36847696,81454473,,2019,2019/11/23 05:00:00+00,1714,1841 WILSON AVE,,,Major Arterial,Etobicoke York,7,43.71741,-79.524028,Mid-Block,At/Near Private Drive,No Control,Clear,Dusk,Dry,Non-Fatal Injury,Cyclist Collisions,Driver,unknown,None,,East,Passenger Van,Turning Right,Failed to Yield Right of Way,Unknown,,,,,,,,Yes,Yes,,,,,,,Yes,,,,154,Oakdale-Beverley Heights,26,Downsview-Roding-CFB (26),D31,1884
-8843309.2928908,5414908.05070335,80495499,,2015,2015/12/20 05:00:00+00,639,DUFFERIN ST,DAVENPORT RD,41 m South of,Major Arterial,Toronto and East York,9,43.672553,-79.440799,Mid-Block,Intersection Related,No Control,Clear,"Dark, artificial",Dry,Non-Fatal Injury,Cyclist Collisions,Cyclist,30 to 34,Major,,West,Bicycle,Going Ahead,,,,,,"Cyclist without ROW rides into path of motorist at inter, lnwy, dwy-Cyclist not turn.",Failed to Yield Right of Way,"Ability Impaired, Alcohol",,Yes,Yes,,,,,,,,,,,171,Junction-Wallace Emerson,93,Dovercourt-Wallace Emerson-Junction (93),D13,1885
-8852574.30279003,5421814.36847696,81454474,,2019,2019/11/23 05:00:00+00,1714,1841 WILSON AVE,,,Major Arterial,Etobicoke York,7,43.71741,-79.524028,Mid-Block,At/Near Private Drive,No Control,Clear,Dusk,Dry,Non-Fatal Injury,Cyclist Collisions,Cyclist,30 to 34,Major,,East,Bicycle,Going Ahead,,,,,,"Motorist turns right at non-signal Inter.(stop, yield, no cont.,and dwy) and strikes cyclist.",Driving Properly,Normal,,Yes,Yes,,,,,,,Yes,,,,154,Oakdale-Beverley Heights,26,Downsview-Roding-CFB (26),D31,1886
-8843309.2928908,5414908.05070335,80495500,,2015,2015/12/20 05:00:00+00,639,DUFFERIN ST,DAVENPORT RD,41 m South of,Major Arterial,Toronto and East York,9,43.672553,-79.440799,Mid-Block,Intersection Related,No Control,Clear,"Dark, artificial",Dry,Non-Fatal Injury,Cyclist Collisions,Driver,35 to 39,None,,South,"Automobile, Station Wagon",Going Ahead,Driving Properly,Normal,,,,,,,,Yes,Yes,,,,,,,,,,,171,Junction-Wallace Emerson,93,Dovercourt-Wallace Emerson-Junction (93),D13,1887
-8837271.65766864,5409721.20120825,81453549,,2019,2019/11/25 05:00:00+00,1609,QUEENS QUAY W,ROBERTSON CRES,6 m  of,Minor Arterial,Toronto and East York,10,43.638842,-79.386562,Intersection,Intersection Related,Traffic Signal,Clear,Daylight,Dry,Non-Fatal Injury,Cyclist Collisions,Cyclist,45 to 49,Major,,North,Bicycle,Going Ahead,,,,,,"Cyclist without ROW rides into path of motorist at inter, lnwy, dwy-Cyclist not turn.",Disobeyed Traffic Control,Normal,,Yes,Yes,,,,,,,,,,,165,Harbourfront-CityPlace,77,Waterfront Communities-The Island (77),D52,1888
-8837794.74795588,5410424.1810029,81705322,2002373908,2022,2022/12/01 05:00:00+00,2130,BLUE JAYS WY,FRONT ST W,,Minor Arterial,Toronto and East York,10,43.643412,-79.391261,Intersection,At Intersection,Traffic Signal,Clear,Dark,Dry,Non-Fatal Injury,Cyclist Collisions,Cyclist,20 to 24,Major,,North,Bicycle,Going Ahead,,,,,,"Motorist without ROW drives into path of cyclist at inter, lnwy, dwy-Driver not turn.",Driving Properly,Normal,,Yes,Yes,,,,,,,Yes,Yes,,,165,Harbourfront-CityPlace,77,Waterfront Communities-The Island (77),D52,1889
-8837271.65766864,5409721.20120825,81453550,,2019,2019/11/25 05:00:00+00,1609,QUEENS QUAY W,ROBERTSON CRES,6 m  of,Minor Arterial,Toronto and East York,10,43.638842,-79.386562,Intersection,Intersection Related,Traffic Signal,Clear,Daylight,Dry,Non-Fatal Injury,Cyclist Collisions,Driver,25 to 29,None,,East,Pick Up Truck,Going Ahead,Driving Properly,Normal,,,,,,,,Yes,Yes,,,,,,,,,,,165,Harbourfront-CityPlace,77,Waterfront Communities-The Island (77),D52,1890
-8835404.82980804,5410746.46204567,81703587,2002473250,2022,2022/12/18 05:00:00+00,2228,LAKE SHORE BLVD E,LOWER JARVIS ST,1 m West of,Major Arterial,Toronto and East York,,43.645507,-79.369792,Intersection,At Intersection,Traffic Signal,Clear,"Dark, artificial",Dry,Non-Fatal Injury,Cyclist Collisions,Cyclist,40 to 44,Major,,South,Bicycle,Going Ahead,,,,,,"Cyclist without ROW rides into path of motorist at inter, lnwy, dwy-Cyclist not turn.",Disobeyed Traffic Control,Inattentive,,Yes,Yes,,,,,Yes,,,,,,166,St Lawrence-East Bayfront-The Islands,77,Waterfront Communities-The Island (77),D51,1891
-8852007.79790138,5410759.84579744,81453369,,2019,2019/12/13 05:00:00+00,1653,BLOOR ST W,ABERFOYLE CRES,,Major Arterial,Etobicoke York,3,43.645594,-79.518939,Intersection,At Intersection,Traffic Signal,Clear,"Dusk, artificial",Dry,Non-Fatal Injury,Cyclist Collisions,Driver,40 to 44,None,,South,"Automobile, Station Wagon",Turning Right,Failed to Yield Right of Way,Normal,,,,,,,,Yes,Yes,,,,,,,Yes,,,,16,Stonegate-Queensway,16,Stonegate-Queensway (16),D22,1892
-8835404.82980804,5410746.46204567,81703588,2002473250,2022,2022/12/18 05:00:00+00,2228,LAKE SHORE BLVD E,LOWER JARVIS ST,1 m West of,Major Arterial,Toronto and East York,,43.645507,-79.369792,Intersection,At Intersection,Traffic Signal,Clear,"Dark, artificial",Dry,Non-Fatal Injury,Cyclist Collisions,Driver,25 to 29,None,,East,"Automobile, Station Wagon",Going Ahead,Driving Properly,Normal,,,,,,,,Yes,Yes,,,,,Yes,,,,,,166,St Lawrence-East Bayfront-The Islands,77,Waterfront Communities-The Island (77),D51,1893
-8852007.79790138,5410759.84579744,81453370,,2019,2019/12/13 05:00:00+00,1653,BLOOR ST W,ABERFOYLE CRES,,Major Arterial,Etobicoke York,3,43.645594,-79.518939,Intersection,At Intersection,Traffic Signal,Clear,"Dusk, artificial",Dry,Non-Fatal Injury,Cyclist Collisions,Cyclist,15 to 19,Major,,East,Bicycle,Going Ahead,,,,,,Motorist turning right on red at signalized intersection strikes cyclist.,Other,Normal,,Yes,Yes,,,,,,,Yes,,,,16,Stonegate-Queensway,16,Stonegate-Queensway (16),D22,1894
-8835404.82980804,5410746.46204567,81703589,2002473250,2022,2022/12/18 05:00:00+00,2228,LAKE SHORE BLVD E,LOWER JARVIS ST,1 m West of,Major Arterial,Toronto and East York,,43.645507,-79.369792,Intersection,At Intersection,Traffic Signal,Clear,"Dark, artificial",Dry,Non-Fatal Injury,Cyclist Collisions,Passenger,25 to 29,None,,,,,,,,,,,,,,Yes,Yes,,,,,Yes,,,,,,166,St Lawrence-East Bayfront-The Islands,77,Waterfront Communities-The Island (77),D51,1895
-8835404.82980804,5410746.46204567,81703590,2002473250,2022,2022/12/18 05:00:00+00,2228,LAKE SHORE BLVD E,LOWER JARVIS ST,1 m West of,Major Arterial,Toronto and East York,,43.645507,-79.369792,Intersection,At Intersection,Traffic Signal,Clear,"Dark, artificial",Dry,Non-Fatal Injury,Cyclist Collisions,Passenger,20 to 24,None,,,,,,,,,,,,,,Yes,Yes,,,,,Yes,,,,,,166,St Lawrence-East Bayfront-The Islands,77,Waterfront Communities-The Island (77),D51,1896
-8835764.05780483,5413456.22101155,80631995,,2015,2015/12/22 05:00:00+00,911,SHERBOURNE ST,CARLTON ST,,Minor Arterial,Toronto and East York,13,43.663119,-79.373019,Intersection,At Intersection,Traffic Controller,Rain,Daylight,Wet,Non-Fatal Injury,Cyclist Collisions,Truck Driver,30 to 34,None,,North,"Truck - Closed (Blazer, etc)",Turning Left,Failed to Yield Right of Way,Normal,,,,,,,,Yes,,,Yes,,,,,Yes,,,,73,Moss Park,73,Moss Park (73),D51,1897
-8835764.05780483,5413456.22101155,80631996,,2015,2015/12/22 05:00:00+00,911,SHERBOURNE ST,CARLTON ST,,Minor Arterial,Toronto and East York,13,43.663119,-79.373019,Intersection,At Intersection,Traffic Controller,Rain,Daylight,Wet,Non-Fatal Injury,Cyclist Collisions,Cyclist,55 to 59,Major,,South,Bicycle,Going Ahead,,,,,,Motorist turned left across cyclists path.,Driving Properly,Normal,,Yes,,,Yes,,,,,Yes,,,,73,Moss Park,73,Moss Park (73),D51,1898
-8841960.65725984,5409502.31929164,80497416,,2016,2016/01/22 05:00:00+00,1811,135 TYNDALL AVE,,85 m South of,Local,Toronto and East York,4,43.637419,-79.428684,Mid-Block,At/Near Private Drive,No Control,Clear,"Dark, artificial",Dry,Non-Fatal Injury,Cyclist Collisions,Driver,40 to 44,None,,South,"Automobile, Station Wagon",Turning Left,Improper Turn,Inattentive,,,,,,,,Yes,Yes,,,,,,,,,,,85,South Parkdale,85,South Parkdale (85),D14,1899
-8841960.65725984,5409502.31929164,80497417,,2016,2016/01/22 05:00:00+00,1811,135 TYNDALL AVE,,85 m South of,Local,Toronto and East York,4,43.637419,-79.428684,Mid-Block,At/Near Private Drive,No Control,Clear,"Dark, artificial",Dry,Non-Fatal Injury,Cyclist Collisions,Cyclist,50 to 54,Major,,North,Bicycle,Going Ahead,,,,,,Motorist turned left across cyclists path.,Driving Properly,Normal,,Yes,Yes,,,,,,,,,,,85,South Parkdale,85,South Parkdale (85),D14,1900
-8856145.65469366,5405923.26628348,80497569,,2016,2016/01/23 05:00:00+00,2010,THE QUEENSWAY,NORTH QUEEN ST,,Major Arterial,Etobicoke York,3,43.614146,-79.55611,Intersection,At Intersection,Traffic Signal,Clear,"Dark, artificial",Dry,Non-Fatal Injury,Cyclist Collisions,Driver,50 to 54,None,,East,"Automobile, Station Wagon",Turning Left,Failed to Yield Right of Way,Unknown,,,,,,,,Yes,Yes,,,,,,,Yes,,,,159,Etobicoke City Centre,14,Islington-City Centre West (14),D22,1901
-8856145.65469366,5405923.26628348,80497570,,2016,2016/01/23 05:00:00+00,2010,THE QUEENSWAY,NORTH QUEEN ST,,Major Arterial,Etobicoke York,3,43.614146,-79.55611,Intersection,At Intersection,Traffic Signal,Clear,"Dark, artificial",Dry,Non-Fatal Injury,Cyclist Collisions,Cyclist,20 to 24,Major,,West,Bicycle,Going Ahead,,,,,,Motorist turned left across cyclists path.,Other,Unknown,,Yes,Yes,,,,,,,Yes,,,,159,Etobicoke City Centre,14,Islington-City Centre West (14),D22,1902
-8818851.17624911,5427660.53164242,80499093,,2016,2016/02/20 05:00:00+00,1717,CONFEDERATION DR,STEVENWOOD RD,,Collector,Scarborough,24,43.755355,-79.221088,Intersection,At Intersection,No Control,Clear,Daylight,Dry,Non-Fatal Injury,Cyclist Collisions,Driver,35 to 39,None,,West,"Automobile, Station Wagon",Turning Left,Improper Turn,Normal,,,,,,,,Yes,Yes,,,,,,,,,,,141,Golfdale-Cedarbrae-Woburn,137,Woburn (137),D43,1903
-8818851.17624911,5427660.53164242,80499094,,2016,2016/02/20 05:00:00+00,1717,CONFEDERATION DR,STEVENWOOD RD,,Collector,Scarborough,24,43.755355,-79.221088,Intersection,At Intersection,No Control,Clear,Daylight,Dry,Non-Fatal Injury,Cyclist Collisions,Cyclist,35 to 39,Major,,East,Bicycle,Going Ahead,,,,,,Motorist turned left across cyclists path.,Driving Properly,Normal,,Yes,Yes,,,,,,,,,,,141,Golfdale-Cedarbrae-Woburn,137,Woburn (137),D43,1904
-8843215.89583802,5411582.13761192,80503244,,2016,2016/03/20 04:00:00+00,344,COLLEGE ST,LANSDOWNE AVE,,Minor Arterial,Toronto and East York,9,43.650939,-79.43996,Intersection,At Intersection,Traffic Signal,Clear,"Dark, artificial",Dry,Non-Fatal Injury,Cyclist Collisions,Driver,40 to 44,None,,West,"Automobile, Station Wagon",Turning Left,Failed to Yield Right of Way,Inattentive,,,,,,,,Yes,Yes,,,,,Yes,,Yes,,,,83,Dufferin Grove,83,Dufferin Grove (83),D11,1905
-8843215.89583802,5411582.13761192,80503245,,2016,2016/03/20 04:00:00+00,344,COLLEGE ST,LANSDOWNE AVE,,Minor Arterial,Toronto and East York,9,43.650939,-79.43996,Intersection,At Intersection,Traffic Signal,Clear,"Dark, artificial",Dry,Non-Fatal Injury,Cyclist Collisions,Cyclist,30 to 34,Major,,East,Bicycle,Going Ahead,,,,,,Motorist turned left across cyclists path.,Other,Had Been Drinking,,Yes,Yes,,,,,Yes,,Yes,,,,83,Dufferin Grove,83,Dufferin Grove (83),D11,1906